{
    "1.1.2": {
        "releaseNotes": "\n### Integrations\n- __Microsoft Defender Advanced Threat Protection__\nUpdated the permission scope for self-deployed applications to be Microsoft Defender Advanced Threat Protection default. \n",
        "displayName": "1.1.2 - R110616",
        "released": "2020-09-09T12:04:39Z"
    },
    "1.2.0": {
        "releaseNotes": "\n#### Integrations\n##### Microsoft Defender Advanced Threat Protection  \n - Added the following indicator commands.\n   - ***microsoft-atp-list-indicators***\n   - ***microsoft-atp-get-indicator-by-id***\n   - ***microsoft-atp-file-indicator-create***\n   - ***microsoft-atp-network-indicator-create***\n   - ***microsoft-atp-indicator-update*** \n   - ***microsoft-atp-indicator-delete***  \n   \nTo use these commands, you need to reauthorize the app in the ***Microsoft Defender Advanced Threat Protection*** integration's configuration window.\n- Updated docker version.\n",
        "displayName": "1.2.0 - R116324",
        "released": "2020-09-15T09:30:42Z"
    },
    "1.2.1": {
        "releaseNotes": "\n#### Integrations\n##### Microsoft Defender Advanced Threat Protection\n- Maintenance and stability enhancements.\n",
        "displayName": "1.2.1 - R128380",
        "released": "2020-09-29T11:40:40Z"
    },
    "1.2.2": {
        "releaseNotes": "\n#### Integrations\n##### Microsoft Defender Advanced Threat Protection\n- Maintenance and stability enhancements.\n- Upgraded the Docker image to demisto/crypto:1.0.0.11650.\n",
        "displayName": "1.2.2 - 141086",
        "released": "2020-10-11T09:18:27Z"
    },
    "1.2.3": {
        "releaseNotes": "\n#### Integrations\n##### Microsoft Defender Advanced Threat Protection\n- Improved error handling in the test module.\n- Upgraded the Docker image to demisto/crypto:1.0.0.12410.",
        "displayName": "1.2.3 - 148554",
        "released": "2020-10-16T13:59:48Z"
    },
    "1.2.4": {
        "releaseNotes": "\n#### Integrations\n##### Microsoft Defender Advanced Threat Protection\nMaintenance and stability enhancements.\n",
        "displayName": "1.2.4 - R180529",
        "released": "2020-11-09T18:45:14Z"
    },
    "1.2.5": {
        "releaseNotes": "\n#### Integrations\n##### Microsoft Defender Advanced Threat Protection\nMaintenance and stability enhancements.\n",
        "displayName": "1.2.5 - 197136",
        "released": "2020-11-23T06:40:18Z"
    },
    "1.2.6": {
        "releaseNotes": "\n#### Integrations\n##### Microsoft Defender Advanced Threat Protection\n- Added the **timeout** argument to the ***microsoft-atp-advanced-hunting*** command.\n- Upgraded the Docker image to demisto/crypto:1.0.0.14297.",
        "displayName": "1.2.6 - 226142",
        "released": "2020-12-20T11:21:57Z"
    },
    "1.2.7": {
        "releaseNotes": "\n#### Integrations\n##### Microsoft Defender for Endpoint\n- Renamed the integration *Microsoft Defender Advanced Threat Protection* to *Microsoft Defender for Endpoint*.\n",
        "displayName": "1.2.7 - 226956",
        "released": "2020-12-20T23:23:27Z"
    },
    "1.2.8": {
        "releaseNotes": "\n#### Integrations\n##### Microsoft Defender for Endpoint\n- Added the optional integration authentication methods to the detailed description.\n",
        "displayName": "1.2.8 - 234227",
        "released": "2020-12-27T11:53:27Z"
    },
    "1.2.9": {
        "releaseNotes": "\n#### Integrations\n##### Microsoft Defender for Endpoint\n- Added support for auto cache update on token expiration.\n",
        "displayName": "1.2.9 - R264879",
        "released": "2021-01-27T22:58:21Z"
    },
    "1.2.10": {
        "releaseNotes": "\n#### Integrations\n##### Microsoft Defender for Endpoint\n- Fixed an issue where the *severity* argument was ignored in the ***microsoft-atp-indicator-update*** and the ***microsoft-atp-indicator-create-file*** commands.\n",
        "displayName": "1.2.10 - R274119",
        "released": "2021-02-07T16:49:05Z"
    },
    "1.2.11": {
        "releaseNotes": "\n#### Integrations\n##### Microsoft Defender for Endpoint\n- Updated **MicrosoftApiModule** to handle a ***404 - Page Not Found*** response.\n",
        "displayName": "1.2.11 - 295322",
        "released": "2021-03-04T11:13:01Z"
    },
    "1.2.12": {
        "releaseNotes": "\n#### Integrations\n##### Microsoft Defender for Endpoint\n- Fixed an issue where the **ok_codes** argument was passed twice to the HTTP requuest.\n",
        "displayName": "1.2.12 - 296021",
        "released": "2021-03-05T10:49:07Z"
    },
    "1.2.13": {
        "releaseNotes": "\n#### Integrations\n##### Microsoft Defender for Endpoint\n- Added the **timeout** argument to the ***microsoft-atp-start-investigation*** command.\n- Fixed an issue where the ***microsoft-atp-start-investigation*** command would fail to run.\n- Updated the Docker image to: *demisto/crypto:1.0.0.16776*.\n",
        "displayName": "1.2.13 - R311095",
        "released": "2021-03-22T22:30:42Z"
    },
    "1.2.14": {
        "releaseNotes": "\n#### Integrations\n##### Microsoft Defender for Endpoint\n- Fixed an issue where the pagination did not work properly in the ***microsoft-atp-indicator-list*** command. \n- Updated the Docker image to: *demisto/crypto:1.0.0.19032*.\n",
        "displayName": "1.2.14 - 364719",
        "released": "2021-05-24T22:49:35Z"
    },
    "1.2.15": {
        "releaseNotes": "#### Integrations\n##### Microsoft Defender for Endpoint\n- Internal code improvements.",
        "displayName": "1.2.15 - 405394",
        "released": "2021-08-03T07:02:23Z"
    },
    "1.3.0": {
        "releaseNotes": "#### Integrations\n##### Microsoft Defender for Endpoint\n- Added new commands that uses the new and stable security center API for indicators: \n    - ***microsoft-atp-sc-indicator-list***\n    - ***microsoft-atp-sc-indicator-get-by-id***\n    - ***microsoft-atp-sc-indicator-create***\n    - ***microsoft-atp-sc-indicator-update***\n    - ***microsoft-atp-sc-indicator-delete***\n     \n    In order to use those new commands:\n    - When using oproxy - need to re-authenticate.\n    - When using self deployed - add the relevant permissions and re-authenticate.\n    - Set the following permission:\n        Ti.ReadWrite (Read and write IOCs belonging to the app) - Application\n- Deprecated the following commands as they used a beta endpoint.\n    - ***microsoft-atp-indicator-delete*** command, use ***microsoft-atp-sc-indicator-delete*** instead.\n    - ***microsoft-atp-indicator-update*** command, use ***microsoft-atp-sc-indicator-update*** instead.\n    - ***microsoft-atp-indicator-create-network*** command, use ***microsoft-atp-sc-indicator-create*** instead.\n    \n        API limitation - CIDR notation for IPs is not supported as part of the new commands.\n    - ***microsoft-atp-indicator-create-file*** command, use ***microsoft-atp-sc-indicator-create*** instead.\n    - ***microsoft-atp-indicator-list*** command, use ***microsoft-atp-sc-indicator-list*** instead.\n    - ***microsoft-atp-indicator-get-by-id*** command, use ***microsoft-atp-sc-indicator-get-by-id*** instead.\n- Updated the Docker image to: *demisto/crypto:1.0.0.19032*.",
        "displayName": "1.3.0 - 412749",
        "released": "2021-08-18T00:24:27Z"
    },
    "1.3.1": {
        "releaseNotes": "#### Integrations\n##### Microsoft Defender for Endpoint\n- Updated the Docker image to: *demisto/crypto:1.0.0.24037*.",
        "displayName": "1.3.1 - 7465883",
        "released": "2021-09-05T21:14:34Z"
    },
    "1.3.2": {
        "releaseNotes": "#### Integrations\n##### Microsoft Defender for Endpoint\n- IP Address list with MAC Address info for interfaces on the machine are now part of the \"get-machine-details\" command output. This is useful for playbooks requiring MAC Address to IP mapping.",
        "displayName": "1.3.2 - 1855807",
        "released": "2021-10-27T21:19:08Z"
    },
    "1.3.3": {
        "releaseNotes": "#### Integrations\n##### Microsoft Defender for Endpoint\n- Updated the Docker image to: *demisto/crypto:1.0.0.24380*.",
        "displayName": "1.3.3 - R2009340",
        "released": "2021-11-25T21:18:26Z"
    },
    "1.3.4": {
        "releaseNotes": "#### Incident Types\n**Microsoft Defender For Endpoint**\n\n#### Mappers\n##### New: Microsoft Defender For Endpoint Mapper\nMicrosoft Defender For Endpoint Mapper.",
        "displayName": "1.3.4 - 2020903",
        "released": "2021-11-28T21:19:49Z"
    }
}