{
    "name": "Microsoft Defender Advanced Threat Protection",
    "id": "MicrosoftDefenderAdvancedThreatProtection",
    "description": "Microsoft Defender Advanced ThreatProtection",
    "created": "2020-03-08T15:06:52Z",
    "updated": "2020-09-09T12:04:39Z",
    "legacy": true,
    "support": "xsoar",
    "supportDetails": {
        "url": "https://www.paloaltonetworks.com/cortex"
    },
    "eulaLink": "https://github.com/demisto/content/blob/master/LICENSE",
    "author": "Cortex XSOAR",
    "authorImage": "content/packs/Base/Author_image.png",
    "certification": "certified",
    "price": 0,
    "serverMinVersion": "4.5.0",
    "currentVersion": "1.1.2",
    "versionInfo": "110616",
    "commit": "3eeceafa4d7ff81068b05997d33bcec70fdfd43a",
    "downloads": 132,
    "tags": [],
    "categories": [],
    "contentItems": {
        "integration": [
            {
                "name": "Microsoft Defender Advanced Threat Protection",
                "description": "Microsoft Defender Advanced Threat Protection (ATP) is a unified platform for preventative protection, post-breach detection, automated investigation, and response.",
                "category": "Endpoint",
                "commands": [
                    {
                        "name": "microsoft-atp-isolate-machine",
                        "description": "Isolates a machine from accessing external networks."
                    },
                    {
                        "name": "microsoft-atp-unisolate-machine",
                        "description": "Undo an isolation of a machine."
                    },
                    {
                        "name": "microsoft-atp-get-machines",
                        "description": "Retrieves a collection of machines that have communicated with WDATP cloud on the last 30 days."
                    },
                    {
                        "name": "microsoft-atp-get-file-related-machines",
                        "description": "Get a collection of machines related to a given file SHA1 hash."
                    },
                    {
                        "name": "microsoft-atp-get-machine-details",
                        "description": "Get a machine details by its identity."
                    },
                    {
                        "name": "microsoft-atp-run-antivirus-scan",
                        "description": "Initiate a Microsoft Defender Antivirus scan on a machine."
                    },
                    {
                        "name": "microsoft-atp-list-alerts",
                        "description": "Get a list of alerts present on the system. Filtering can be done only on a single argument."
                    },
                    {
                        "name": "microsoft-atp-update-alert",
                        "description": "Update the properties of an alert entity."
                    },
                    {
                        "name": "microsoft-atp-advanced-hunting",
                        "description": "Allows you to run programmatic queries like in Microsoft Defender ATP Portal (https://securitycenter.windows.com/hunting). Limitations: You can only run a query on data from the last 30 days, The results will include a maximum of 10,000 rows, The number of executions is limited (up to 15 calls per minute, 15 minutes of running time every hour and 4 hours of running time a day)."
                    },
                    {
                        "name": "microsoft-atp-create-alert",
                        "description": "Create a new alert entity using event data, as obtained from the Advanced Hunting."
                    },
                    {
                        "name": "microsoft-atp-get-alert-related-user",
                        "description": "Retrieves the user associated to a specific alert."
                    },
                    {
                        "name": "microsoft-atp-get-alert-related-files",
                        "description": "Retrieves the files associated to a specific alert."
                    },
                    {
                        "name": "microsoft-atp-get-alert-related-ips",
                        "description": "Retrieves the IPs associated to a specific alert."
                    },
                    {
                        "name": "microsoft-atp-get-alert-related-domains",
                        "description": "Retrieves the domains associated to a specific alert."
                    },
                    {
                        "name": "microsoft-atp-list-machine-actions-details",
                        "description": "Return the machine's actions. If you set an action id it will return the info on the specific action.\nFiltering can be done only on one argument."
                    },
                    {
                        "name": "microsoft-atp-collect-investigation-package",
                        "description": "Collect an investigation package from a machine."
                    },
                    {
                        "name": "microsoft-atp-get-investigation-package-sas-uri",
                        "description": "Get a URI that allows downloading an investigation package."
                    },
                    {
                        "name": "microsoft-atp-restrict-app-execution",
                        "description": "Restrict the execution of all applications on the machine except a predefined set."
                    },
                    {
                        "name": "microsoft-atp-remove-app-restriction",
                        "description": "Enable the execution of any application on the machine."
                    },
                    {
                        "name": "microsoft-atp-stop-and-quarantine-file",
                        "description": "Stop the execution of a file on a machine and delete it."
                    },
                    {
                        "name": "microsoft-atp-list-investigations",
                        "description": "Retrieves a collection of investigations or retrieves specific investigation by its ID."
                    },
                    {
                        "name": "microsoft-atp-start-investigation",
                        "description": "Start an automated investigation on a machine."
                    },
                    {
                        "name": "microsoft-atp-get-domain-statistics",
                        "description": "Retrieves the statistics on the given domain."
                    },
                    {
                        "name": "microsoft-atp-get-domain-alerts",
                        "description": "Retrieves a collection of alerts related to a given domain address."
                    },
                    {
                        "name": "microsoft-atp-get-domain-machines",
                        "description": "Retrieves a collection of machines that have communicated to or from a given domain address."
                    },
                    {
                        "name": "microsoft-atp-get-file-statistics",
                        "description": "Retrieves the statistics for the given file."
                    },
                    {
                        "name": "microsoft-atp-get-file-alerts",
                        "description": "Retrieves a collection of alerts related to a given file hash."
                    },
                    {
                        "name": "microsoft-atp-get-ip-statistics",
                        "description": "Retrieves the statistics for the given IP."
                    },
                    {
                        "name": "microsoft-atp-get-ip-alerts",
                        "description": "Retrieves a collection of alerts related to a given IP address."
                    },
                    {
                        "name": "microsoft-atp-get-user-alerts",
                        "description": "Retrieves a collection of alerts related to a given user ID."
                    },
                    {
                        "name": "microsoft-atp-get-user-machines",
                        "description": "Retrieves a collection of machines related to a given user ID."
                    },
                    {
                        "name": "microsoft-atp-add-remove-machine-tag",
                        "description": "Adds or removes a tag on a specific Machine."
                    }
                ]
            }
        ],
        "playbook": [
            {
                "name": "Microsoft Defender Advanced Threat Protection Get Machine Action Status",
                "description": "This playbook used generic polling to get machine action information."
            }
        ]
    },
    "integrations": [
        {
            "name": "Microsoft Defender Advanced Threat Protection",
            "imagePath": "content/packs/MicrosoftDefenderAdvancedThreatProtection/MicrosoftDefenderAdvancedThreatProtection_image.png"
        }
    ],
    "useCases": [],
    "keywords": [],
    "dependencies": {
        "CommonPlaybooks": {
            "mandatory": true,
            "minVersion": "1.7.1",
            "author": "Cortex XSOAR",
            "name": "Common Playbooks",
            "certification": "certified"
        },
        "Base": {
            "mandatory": true,
            "minVersion": "1.2.1",
            "author": "Cortex XSOAR",
            "name": "Base",
            "certification": "certified"
        }
    }
}