{
    "name": "UBIRCH",
    "id": "UBIRCH",
    "description": "Integration to handle Ubirch incidents.",
    "created": "2021-06-22T23:26:32Z",
    "updated": "2021-06-22T23:26:32Z",
    "legacy": true,
    "support": "partner",
    "supportDetails": {
        "url": "https://ubirch.com/helpdesk",
        "email": "support@ubirch.com"
    },
    "eulaLink": "https://github.com/demisto/content/blob/master/LICENSE",
    "author": "Ubirch GmbH",
    "authorImage": "content/packs/UBIRCH/Author_image.png",
    "certification": "certified",
    "price": 0,
    "serverMinVersion": "5.5.0",
    "currentVersion": "1.0.0",
    "versionInfo": "2030938",
    "commit": "0389e8382253eaef89869ea67784401b9dd6931e",
    "downloads": 73,
    "tags": [],
    "categories": [
        "Data Enrichment & Threat Intelligence"
    ],
    "contentItems": {
        "incidenttype": [
            {
                "name": "UBIRCH Integrity",
                "playbook": "",
                "closureScript": "",
                "hours": 0,
                "days": 3,
                "weeks": 1
            },
            {
                "name": "UBIRCH Sequence",
                "playbook": "",
                "closureScript": "",
                "hours": 0,
                "days": 3,
                "weeks": 1
            },
            {
                "name": "UBIRCH Authenticity",
                "playbook": "",
                "closureScript": "",
                "hours": 0,
                "days": 3,
                "weeks": 1
            },
            {
                "name": "UBIRCH Privacy",
                "playbook": "",
                "closureScript": "",
                "hours": 0,
                "days": 3,
                "weeks": 1
            }
        ],
        "integration": [
            {
                "name": "UBIRCH (Partner Contribution)",
                "description": "The UBIRCH solution can be seen as an external data certification provider, as a data notary service, giving data receivers the capability to verify data they have received with regard to its authenticity and integrity and correctness of sequence.",
                "category": "Data Enrichment & Threat Intelligence",
                "commands": [
                    {
                        "name": "create-sample-incidents",
                        "description": "Create a list of sample incidents"
                    }
                ]
            }
        ]
    },
    "searchRank": 10,
    "integrations": [
        {
            "name": "UBIRCH",
            "imagePath": "content/packs/UBIRCH/UBIRCH_image.png"
        }
    ],
    "useCases": [],
    "keywords": [],
    "dependencies": {
        "Base": {
            "mandatory": true,
            "minVersion": "1.16.0",
            "author": "Cortex XSOAR",
            "name": "Base",
            "certification": "certified"
        }
    }
}