{
    "1.1.0": {
        "releaseNotes": "\n#### Integrations\n- __MimecastV2__\nFixed an issue where added users added via domains showed an error though performed successfully.\n",
        "displayName": "1.1.0 - R68362",
        "released": "2020-07-19T12:45:07Z"
    },
    "1.1.1": {
        "releaseNotes": "\n#### Integrations\n##### Mimecast v2\nFixed error handling in the ***mimecast-download-attachments*** command.\n",
        "displayName": "1.1.1 - 82974",
        "released": "2020-08-06T10:59:46Z"
    },
    "1.1.2": {
        "releaseNotes": "\n#### Integrations\n##### Mimecast v2\nFixed an issue where the ***mimecast-get-group-members*** command failed if only one group existed in the context.\n",
        "displayName": "1.1.2 - R264879",
        "released": "2020-12-01T11:14:49Z"
    },
    "1.1.3": {
        "releaseNotes": "\n#### Integrations\n##### Mimecast v2\n- Added a reference to the Mimecast documentation regarding application registration to the integration README. \n",
        "displayName": "1.1.3 - 307368",
        "released": "2021-03-17T22:39:21Z"
    },
    "1.1.4": {
        "releaseNotes": "#### Integrations\n##### Mimecast v2\n- Updated the Docker image to: *demisto/python:2.7.18.20958*.\n\n#### Scripts\n##### MimecastQuery\n- Updated the Docker image to: *demisto/python:2.7.18.20958*.\n##### MimecastFindEmail\n- Updated the Docker image to: *demisto/python:2.7.18.20958*.",
        "displayName": "1.1.4 - 397182",
        "released": "2021-07-13T14:54:42Z"
    },
    "1.1.5": {
        "releaseNotes": "#### Integrations\n##### Mimecast v2\n- Updated the Docker image to: *demisto/python:2.7.18.24066*.\n#### Scripts\n##### MimecastFindEmail\n- Updated the Docker image to: *demisto/python:2.7.18.24066*.\n##### MimecastQuery\n- Updated the Docker image to: *demisto/python:2.7.18.24066*.",
        "displayName": "1.1.5 - 7567740",
        "released": "2021-09-12T21:20:37Z"
    },
    "1.1.6": {
        "releaseNotes": "#### Integrations\n##### Mimecast v2\n- Updated the Docker image to: *demisto/python:2.7.18.24398*.",
        "displayName": "1.1.6 - 2022871",
        "released": "2021-11-29T09:19:23Z"
    }
}