{
    "name": "Mimecast",
    "id": "Mimecast",
    "description": "Mimecast unified email management offers cloud email services for email security, continuity and archiving emails. Please read detailed instructions in order to understand how to set the integration's parameters.",
    "created": "2020-07-19T12:45:07Z",
    "updated": "2021-11-29T09:19:23Z",
    "legacy": true,
    "support": "xsoar",
    "supportDetails": {
        "url": "https://www.paloaltonetworks.com/cortex"
    },
    "eulaLink": "https://github.com/demisto/content/blob/master/LICENSE",
    "author": "Cortex XSOAR",
    "authorImage": "content/packs/Base/Author_image.png",
    "certification": "certified",
    "price": 0,
    "serverMinVersion": "5.0.0",
    "currentVersion": "1.1.6",
    "versionInfo": "2030938",
    "commit": "0389e8382253eaef89869ea67784401b9dd6931e",
    "downloads": 870,
    "tags": [],
    "categories": [
        "Email Gateway"
    ],
    "contentItems": {
        "automation": [
            {
                "name": "MimecastQuery",
                "description": "query mimecast emails",
                "tags": [
                    "Mimecast"
                ]
            },
            {
                "name": "MimecastFindEmail",
                "description": "Find an email across all mailboxes, and return the list of mailboxes where the email was found, as well as Yes if the mail was found anywhere or No otherwise.",
                "tags": [
                    "Mimecast"
                ]
            }
        ],
        "integration": [
            {
                "name": "Mimecast v2",
                "description": "Mimecast unified email management offers cloud email services for email security, continuity and archiving emails. Please read detailed instructions in order to understand how to set the integration's parameters.",
                "category": "Email Gateway",
                "commands": [
                    {
                        "name": "mimecast-query",
                        "description": "Query mimecast emails"
                    },
                    {
                        "name": "mimecast-list-blocked-sender-policies",
                        "description": "List all existing mimecast blocked sender policies"
                    },
                    {
                        "name": "mimecast-get-policy",
                        "description": "Get a blocked sender policy by ID"
                    },
                    {
                        "name": "mimecast-create-policy",
                        "description": "Create a Blocked Sender Policy"
                    },
                    {
                        "name": "mimecast-delete-policy",
                        "description": "Delete a Blocked Sender Policy"
                    },
                    {
                        "name": "mimecast-manage-sender",
                        "description": "Permit or block a specific sender"
                    },
                    {
                        "name": "mimecast-list-managed-url",
                        "description": "Get a list of all managed URLs"
                    },
                    {
                        "name": "mimecast-create-managed-url",
                        "description": "Create a managed URL on Mimecast"
                    },
                    {
                        "name": "mimecast-list-messages",
                        "description": "Get a list of messages for a given user"
                    },
                    {
                        "name": "mimecast-get-attachment-logs",
                        "description": "Returns Attachment Protect logs for a Mimecast customer account"
                    },
                    {
                        "name": "mimecast-get-url-logs",
                        "description": "Returns URL protect logs for a Mimecast customer account"
                    },
                    {
                        "name": "mimecast-get-impersonation-logs",
                        "description": "Returns Impersonation Protect logs for a Mimecast customer account"
                    },
                    {
                        "name": "mimecast-url-decode",
                        "description": "Decodes a given url from mimecast"
                    },
                    {
                        "name": "mimecast-discover",
                        "description": "discover authentication types that are supported for your account and which base URL to use for the requesting user."
                    },
                    {
                        "name": "mimecast-refresh-token",
                        "description": "Refresh access key validity"
                    },
                    {
                        "name": "mimecast-login",
                        "description": "Login to generate Access Key and  Secret Key"
                    },
                    {
                        "name": "mimecast-get-message",
                        "description": "Get the contents or metadata of a given message"
                    },
                    {
                        "name": "mimecast-download-attachments",
                        "description": "Download attachments from a specified message"
                    },
                    {
                        "name": "mimecast-find-groups",
                        "description": "Returns the list of groups according to the specified query."
                    },
                    {
                        "name": "mimecast-get-group-members",
                        "description": "Returns the members list for the specified group."
                    },
                    {
                        "name": "mimecast-add-group-member",
                        "description": "Adds a user to a group. The email_address and domain_adddress arguments are optional, but one of them must be supplied."
                    },
                    {
                        "name": "mimecast-remove-group-member",
                        "description": "Removes a user from a group. The email_address and domain_adddress arguments are optional, but one of them must be supplied."
                    },
                    {
                        "name": "mimecast-create-group",
                        "description": "Creates a new Mimecast group."
                    },
                    {
                        "name": "mimecast-update-group",
                        "description": "Updates an existing Mimecast group."
                    },
                    {
                        "name": "mimecast-create-remediation-incident",
                        "description": "Creates a new Mimecast remediation incident."
                    },
                    {
                        "name": "mimecast-get-remediation-incident",
                        "description": "Returns a Mimecast remediation incident."
                    },
                    {
                        "name": "mimecast-search-file-hash",
                        "description": "Searches for one or more file hashes in the account. Maximum is 100."
                    },
                    {
                        "name": "mimecast-update-policy",
                        "description": "Updates the specified policy."
                    }
                ]
            }
        ]
    },
    "searchRank": 10,
    "integrations": [
        {
            "name": "Mimecast v2",
            "imagePath": "content/packs/Mimecast/MimecastV2_image.png"
        }
    ],
    "useCases": [],
    "keywords": [],
    "dependencies": {
        "Base": {
            "mandatory": true,
            "minVersion": "1.16.0",
            "author": "Cortex XSOAR",
            "name": "Base",
            "certification": "certified"
        }
    }
}