{
    "1.0.0": {
        "releaseNotes": "### Scripts\n- __PWObservationPcapDownload__\nFixed an issue where an error was raised when only one sensor id was provided.\n\n\n",
        "displayName": "1.0.0 - R264879",
        "released": "2020-11-09T18:48:17Z"
    },
    "1.0.1": {
        "releaseNotes": "#### Scripts\n##### PWObservationPcapDownload\n- Updated the Docker image to: *demisto/python:2.7.18.20958*.\n##### PWEventPcapDownload\n- Updated the Docker image to: *demisto/python:2.7.18.20958*.",
        "displayName": "1.0.1 - 397182",
        "released": "2021-07-13T14:53:31Z"
    },
    "1.0.2": {
        "releaseNotes": "#### Scripts\n##### PWEventPcapDownload\n- Updated the Docker image to: *demisto/python:2.7.18.24066*.\n##### PWObservationPcapDownload\n- Updated the Docker image to: *demisto/python:2.7.18.24066*.",
        "displayName": "1.0.2 - 7567740",
        "released": "2021-09-12T21:16:52Z"
    }
}