{
    "name": "ProtectWise",
    "id": "ProtectWise",
    "description": "Cloud based Security Network DVR",
    "created": "2020-11-09T18:48:17Z",
    "updated": "2020-11-09T18:48:17Z",
    "legacy": true,
    "support": "xsoar",
    "supportDetails": {
        "url": "https://www.paloaltonetworks.com/cortex"
    },
    "eulaLink": "https://github.com/demisto/content/blob/master/LICENSE",
    "author": "Cortex XSOAR",
    "authorImage": "content/packs/Base/Author_image.png",
    "certification": "certified",
    "price": 0,
    "serverMinVersion": "5.0.0",
    "currentVersion": "1.0.0",
    "versionInfo": "394494",
    "commit": "df6b1e64dea4bbb80bfc065fe1670b2db464f386",
    "downloads": 494,
    "tags": [],
    "categories": [
        "Network Security"
    ],
    "contentItems": {
        "integration": [
            {
                "name": "ProtectWise",
                "description": "Cloud based Security Network DVR",
                "category": "Network Security",
                "commands": [
                    {
                        "name": "sensors",
                        "description": "Returns the specified, or all available sensors."
                    },
                    {
                        "name": "protectwise-show-sensors",
                        "description": "Returns all available sensors."
                    },
                    {
                        "name": "search",
                        "description": "Searches for events. Events are resources that describe a threat and contain a collection of observations."
                    },
                    {
                        "name": "protectwise-search-events",
                        "description": "Searches for events. Events are resources that describe a threat and contains a collection of observations. Deprecated - use the protectwise-search-events command."
                    },
                    {
                        "name": "pw-event-get",
                        "description": "Returns information about a single event and its associated observations."
                    },
                    {
                        "name": "protectwise-event-info",
                        "description": "Searches for a single event in ProtectWise. Deprecated - use the protectwise-event-info command."
                    },
                    {
                        "name": "observation-search",
                        "description": "Searches for observations in ProtectWise."
                    },
                    {
                        "name": "protectwise-search-observations",
                        "description": "Searches for observations in ProtectWise. Deprecated - use the protectwise-search-observations command."
                    },
                    {
                        "name": "pw-observation-get",
                        "description": "Searches for a single observation in ProtectWise."
                    },
                    {
                        "name": "protectwise-observation-info",
                        "description": "Lookup a single observation for ProtectWise. Deprecated - use the protectwise-event-pcap-download command."
                    },
                    {
                        "name": "event-pcap-download",
                        "description": "The Event PCAP file to download."
                    },
                    {
                        "name": "protectwise-event-pcap-download",
                        "description": "Event Pcap Download. Deprecated - use the protectwise-event-pcap-info command."
                    },
                    {
                        "name": "event-pcap-info",
                        "description": "Returns details of the ProtectWise Event PCAP files."
                    },
                    {
                        "name": "protectwise-event-pcap-info",
                        "description": "Get ProtectWise Event Pcap info. Deprecated - use the protectwise-observation-pcap-download command."
                    },
                    {
                        "name": "observation-pcap-download",
                        "description": "Downloads the observation PCAP file."
                    },
                    {
                        "name": "protectwise-observation-pcap-download",
                        "description": "Downloads the Observation PCAP file. Deprecated - use the protectwise-observation-pcap-info command."
                    },
                    {
                        "name": "observation-pcap-info",
                        "description": "Returns PCAP details of observations in Protectwise."
                    },
                    {
                        "name": "protectwise-observation-pcap-info",
                        "description": "Returns ProtectWise Observation PCAP file information."
                    },
                    {
                        "name": "get-token",
                        "description": "Returns the API token, which is used in the integration configuration."
                    }
                ]
            }
        ],
        "automation": [
            {
                "name": "PWEventPcapDownload",
                "description": "Download PCAPs related to the requested events. Supports rate throttling.",
                "tags": [
                    "protectwise"
                ]
            },
            {
                "name": "PWObservationPcapDownload",
                "description": "Download PCAPs related to the specified observations. Supports rate throttling.",
                "tags": [
                    "protectwise"
                ]
            }
        ]
    },
    "searchRank": 10,
    "integrations": [
        {
            "name": "ProtectWise",
            "imagePath": "content/packs/ProtectWise/ProtectWise_image.png"
        }
    ],
    "useCases": [],
    "keywords": [],
    "dependencies": {
        "Base": {
            "mandatory": true,
            "minVersion": "1.12.24",
            "author": "Cortex XSOAR",
            "name": "Base",
            "certification": "certified"
        }
    }
}