{
    "name": "Sixgill Darkfeed - Marketplace Subscription (Large Enterprise)",
    "id": "Sixgill-Darkfeed-Enterprise",
    "description": "This edition of Sixgill Darkfeed is intended for marketplace customers with more than 30K employees, who will use their points to consume the Darkfeed on a monthly basis.\n\nGet contextual and actionable insights to proactively block underground threats in real-time with the most comprehensive, automated stream of IOCs.",
    "created": "2020-12-17T12:51:13Z",
    "updated": "2021-08-16T13:08:35Z",
    "legacy": false,
    "support": "partner",
    "supportDetails": {
        "email": "xsoar@cybersixgill.com"
    },
    "eulaLink": "https://drive.google.com/file/d/1-OtoCBaLZe4bnMcAOdsEjxNPOlOqmY4o/view?usp=sharing",
    "author": "Sixgill",
    "authorImage": "content/packs/Sixgill-Darkfeed-Enterprise/Author_image.png",
    "certification": "certified",
    "price": 125,
    "serverMinVersion": "6.0.0",
    "currentVersion": "1.0.0",
    "versionInfo": "4651",
    "commit": "",
    "downloads": 0,
    "tags": [
        "Use Case",
        "Malware",
        "Threat Intelligence",
        "Dark Web"
    ],
    "categories": [
        "Data Enrichment & Threat Intelligence",
        "Forensics & Malware Analysis"
    ],
    "contentItems": {},
    "searchRank": 10,
    "integrations": [],
    "useCases": [
        "Threat Intelligence Management",
        "Incident Response",
        "Malware",
        "Hunting"
    ],
    "keywords": [
        "sixgill",
        "darkfeed",
        "feed",
        "IOC",
        "IOCs",
        "indicators",
        "threat intelligence",
        "dark web",
        "darkweb",
        "darknet",
        "dark net",
        "deep web",
        "cti",
        "cyber threat intelligence",
        "malware",
        "compromised",
        "rdp",
        "Botnet",
        "virus total",
        "virustotal",
        "emotet",
        "trickbot",
        "ursnif",
        "recorded future",
        "flashpoint",
        "intel471",
        "intsights",
        "digital shadows",
        "C2",
        "command and control",
        "DDoS"
    ],
    "dependencies": {
        "Sixgill-Darkfeed": {
            "mandatory": true,
            "minVersion": "2.0.4",
            "author": "Sixgill",
            "name": "Sixgill Darkfeed - Annual Subscription",
            "certification": "certified"
        },
        "Base": {
            "mandatory": true,
            "minVersion": "1.13.19",
            "author": "Cortex XSOAR",
            "name": "Base",
            "certification": "certified"
        }
    },
    "premium": true,
    "vendorId": "413586",
    "partnerId": "sixgill-195",
    "partnerName": "Sixgill",
    "contentCommitHash": "d84c8a6d3a7c77c329bed6f89d7fdba86528b5c7",
    "previewOnly": false
}