{
    "name": "Volatility",
    "id": "Volatility",
    "description": "Volatility pack.",
    "created": "2020-11-09T18:48:57Z",
    "updated": "2020-11-09T18:48:57Z",
    "legacy": true,
    "support": "xsoar",
    "supportDetails": {
        "url": "https://www.paloaltonetworks.com/cortex"
    },
    "eulaLink": "https://github.com/demisto/content/blob/master/LICENSE",
    "author": "Cortex XSOAR",
    "authorImage": "content/packs/Volatility/Author_image.png",
    "certification": "certified",
    "price": 0,
    "serverMinVersion": "5.0.0",
    "currentVersion": "1.0.1",
    "versionInfo": "2030938",
    "commit": "0389e8382253eaef89869ea67784401b9dd6931e",
    "downloads": 521,
    "tags": [],
    "categories": [
        "Forensics & Malware Analysis"
    ],
    "contentItems": {
        "automation": [
            {
                "name": "VolGetProcWithMalNetConn",
                "description": "Volatility script for getting the list of processes that have connections to ip address with bad reputation.",
                "tags": [
                    "memory",
                    "forensics",
                    "volatility",
                    "server"
                ]
            },
            {
                "name": "Volatility",
                "description": "Execute volatility with command and return tabular output. Incase where proper json output is not supported, scripts returns error. User should use raw command.",
                "tags": [
                    "memory",
                    "forensics",
                    "volatility",
                    "server"
                ]
            },
            {
                "name": "AnalyzeMemImage",
                "description": "Use Volatility to run common memory image analysis commands",
                "tags": [
                    "memory",
                    "forensics",
                    "volatility",
                    "server"
                ]
            },
            {
                "name": "VolNetworkConnections",
                "description": "Volatility script for finding all the network connections. This script runs through different commands based on the profile provided.",
                "tags": [
                    "memory",
                    "forensics",
                    "volatility",
                    "server"
                ]
            },
            {
                "name": "VolRaw",
                "description": "Execute volatility with command and file as parameters and returns raw output from stdout.",
                "tags": [
                    "agent",
                    "volatility"
                ]
            },
            {
                "name": "VolDlllist",
                "description": "Volatility script for command ldrmodules",
                "tags": [
                    "memory",
                    "forensics",
                    "volatility",
                    "server"
                ]
            },
            {
                "name": "VolApihooks",
                "description": "Volatility script for command apihooks",
                "tags": [
                    "memory",
                    "forensics",
                    "volatility",
                    "server"
                ]
            },
            {
                "name": "VolRunCmds",
                "description": "Execute volatility with command and return tabular output. Incase where proper json output is not supported, scripts returns error. User should use raw command.",
                "tags": [
                    "memory",
                    "forensics",
                    "volatility",
                    "server"
                ]
            },
            {
                "name": "VolConnscan",
                "description": "Volatility script for command connscan",
                "tags": [
                    "memory",
                    "forensics",
                    "volatility",
                    "server"
                ]
            },
            {
                "name": "VolImageinfo",
                "description": "Volatility script for command imageinfo",
                "tags": [
                    "memory",
                    "forensics",
                    "volatility",
                    "server"
                ]
            },
            {
                "name": "VolMalfind",
                "description": "Volatility script for command ldrmodules",
                "tags": [
                    "memory",
                    "forensics",
                    "volatility",
                    "server"
                ]
            },
            {
                "name": "VolLDRModules",
                "description": "Volatility script for command ldrmodules",
                "tags": [
                    "memory",
                    "forensics",
                    "volatility",
                    "server"
                ]
            },
            {
                "name": "VolJson",
                "description": "Execute volatility with command and file as parameters and return output as json.",
                "tags": [
                    "volatility"
                ]
            },
            {
                "name": "VolPSList",
                "description": "Volatility script for command pslist",
                "tags": [
                    "memory",
                    "forensics",
                    "volatility",
                    "server"
                ]
            },
            {
                "name": "VolMalfindDumpAgent",
                "description": "Volatility script for command ldrmodules",
                "tags": [
                    "volatility"
                ]
            }
        ]
    },
    "searchRank": 10,
    "integrations": [],
    "useCases": [],
    "keywords": [],
    "dependencies": {
        "Base": {
            "mandatory": true,
            "minVersion": "1.16.0",
            "author": "Cortex XSOAR",
            "name": "Base",
            "certification": "certified"
        }
    }
}