{
    "2.0.2": {
        "releaseNotes": "\n#### Integrations\n##### ThreatConnect v2\n- Fixed an issue where the **tc-group-associate-indicator** command failed to associate URL indicators.\n",
        "displayName": "2.0.2 - R72890",
        "released": "2020-07-23T16:36:35Z"
    },
    "2.0.3": {
        "releaseNotes": "\n#### Integrations\n##### ThreatConnect v2\nReplaced the ProxyIP and ProxyPort configuration parameterss with the standard System Proxy configuration parameter. If you already configured the ProxyIP and ProxyPort parameters, make sure to switch to (re-configure) using the System Proxy parameter.\n",
        "displayName": "2.0.3 - R82293",
        "released": "2020-08-05T16:32:39Z"
    },
    "2.0.4": {
        "releaseNotes": "\n#### Integrations\n##### ThreatConnect v2\n- Added the ***tc-download-report*** command to download group reports in PDF.\n",
        "displayName": "2.0.4 - 88924",
        "released": "2020-08-16T14:28:49Z"
    },
    "2.0.5": {
        "releaseNotes": "\n#### Integrations\n##### ThreatConnect v2\n- Fixed an issue where the DBotScore calculation did not work as intended.\n",
        "displayName": "2.0.5 - 91758",
        "released": "2020-08-20T07:01:05Z"
    },
    "2.0.6": {
        "releaseNotes": "\n#### Integrations\n##### ThreatConnect v2\n- Added support for fetching indicators from multiple owners.",
        "displayName": "2.0.6 - 103501",
        "released": "2020-09-03T12:50:50Z"
    },
    "2.0.7": {
        "releaseNotes": "\n#### Integrations\n##### ThreatConnect v2\nThe DBotScore calculation now works as expected.\n",
        "displayName": "2.0.7 - 114151",
        "released": "2020-09-13T10:14:51Z"
    },
    "2.0.8": {
        "releaseNotes": "#### Integrations\n##### ThreatConnect (Deprecated)\n- Maintenance and stability enhancements",
        "displayName": "2.0.8 - R124496",
        "released": "2020-09-23T17:53:21Z"
    },
    "2.0.9": {
        "releaseNotes": "#### Integrations\n##### ThreatConnect v2\n- Fixed an issue in the reputation commands where fetching indicators from multiple owners did not work.\n- Upgraded the Docker image to demisto/threatconnect-py3-sdk:1.0.0.12410.\n",
        "displayName": "2.0.9 - R253472",
        "released": "2021-01-16T17:58:23Z"
    },
    "2.0.10": {
        "releaseNotes": "#### Integrations\n##### ThreatConnect (Deprecated)\n- Documentation and metadata improvements.",
        "displayName": "2.0.10 - 255754",
        "released": "2021-01-18T23:35:37Z"
    },
    "2.0.11": {
        "releaseNotes": "\n#### Integrations\n##### ThreatConnect v2\n- Fixed an issue where the *security_label* argument was not used correctly in the ***tc-create-document-group*** command.\n- Removed the *updatedValues* argument from the ***tc-update-indicator*** command since it is not in use.\n",
        "displayName": "2.0.11 - R264879",
        "released": "2021-01-27T23:04:46Z"
    },
    "2.0.12": {
        "releaseNotes": "\n#### Integrations\n##### ThreatConnect v2\n- Fixed display names for various integration parameters.\n",
        "displayName": "2.0.12 - 269341",
        "released": "2021-02-02T13:46:06Z"
    },
    "2.0.13": {
        "releaseNotes": "\n#### Integrations\n##### ThreatConnect v2\n- Added support for the *Source Reliability* integration parameter.\n",
        "displayName": "2.0.13 - 312966",
        "released": "2021-03-25T22:46:01Z"
    },
    "2.0.14": {
        "releaseNotes": "\n#### Integrations\n##### ThreatConnect v2\n- Added the indicator attributes to the outputs of the ***tc-get-indicator*** command.\n",
        "displayName": "2.0.14 - 325014",
        "released": "2021-04-11T10:50:36Z"
    },
    "2.0.15": {
        "releaseNotes": "#### Integrations\n##### ThreatConnect v2\n- Added support for new output: **WebLink**\n- Updated the Docker image to: *demisto/threatconnect-py3-sdk:1.0.0.21898*.",
        "displayName": "2.0.15 - 397182",
        "released": "2021-07-13T14:58:52Z"
    },
    "2.0.16": {
        "releaseNotes": "#### Integrations\n##### ThreatConnect v2\n- Added the *owner* argument to the ***tc-update-indicator*** command.\n- Updated the Docker image to: *demisto/threatconnect-py3-sdk:1.0.0.23423*.",
        "displayName": "2.0.16 - 1855807",
        "released": "2021-10-27T21:13:12Z"
    },
    "2.0.17": {
        "releaseNotes": "#### Integrations\n##### ThreatConnect v2\n- Fixed an issue where indicators enriched using the ***file*** command did not show the **ThreatConnect** vendor name.",
        "displayName": "2.0.17 - 1949810",
        "released": "2021-11-14T21:16:46Z"
    }
}