{
    "name": "ThreatConnect",
    "id": "ThreatConnect",
    "description": "Threat intelligence platform.",
    "created": "2020-07-23T16:36:35Z",
    "updated": "2021-07-13T14:58:52Z",
    "legacy": true,
    "support": "xsoar",
    "supportDetails": {
        "url": "https://www.paloaltonetworks.com/cortex"
    },
    "eulaLink": "https://github.com/demisto/content/blob/master/LICENSE",
    "author": "Cortex XSOAR",
    "authorImage": "content/packs/Base/Author_image.png",
    "certification": "certified",
    "price": 0,
    "serverMinVersion": "5.0.0",
    "currentVersion": "2.0.15",
    "versionInfo": "1853051",
    "commit": "29a52f284bc6937002afc4133bff2e37c276b400",
    "downloads": 1638,
    "tags": [],
    "categories": [
        "Data Enrichment & Threat Intelligence"
    ],
    "contentItems": {
        "integration": [
            {
                "name": "ThreatConnect (Deprecated)",
                "description": "Deprecated. Use the ThreatConnect v2 integration instead.",
                "category": "Data Enrichment & Threat Intelligence",
                "commands": [
                    {
                        "name": "ip",
                        "description": "Searches for an indicator of type IP address."
                    },
                    {
                        "name": "url",
                        "description": "Searches for an indicator of type URL."
                    },
                    {
                        "name": "file",
                        "description": "Searches for an indicator of type file."
                    },
                    {
                        "name": "tc-owners",
                        "description": "Retrieves all owners for the current account."
                    },
                    {
                        "name": "tc-indicators",
                        "description": "Retrieves a list of all indicators."
                    },
                    {
                        "name": "tc-get-tags",
                        "description": "Returns a list of all ThreatConnect tags."
                    },
                    {
                        "name": "tc-tag-indicator",
                        "description": "Adds a tag to an existing indicator."
                    },
                    {
                        "name": "tc-get-indicator",
                        "description": "Retrieves information about an indicator."
                    },
                    {
                        "name": "tc-get-indicators-by-tag",
                        "description": "Fetches all indicators that have a tag."
                    },
                    {
                        "name": "tc-add-indicator",
                        "description": "Adds a new indicator to ThreatConnect."
                    },
                    {
                        "name": "tc-create-incident",
                        "description": "Creates a new incident group."
                    },
                    {
                        "name": "tc-fetch-incidents",
                        "description": "Fetches incidents from ThreatConnect."
                    },
                    {
                        "name": "tc-incident-associate-indicator",
                        "description": "Associates an indicator with an existing incident. The indicator must exist before running this command. To add an indicator, run the tc-add-indicator command."
                    },
                    {
                        "name": "domain",
                        "description": "Searches for an indicator of type domain."
                    },
                    {
                        "name": "tc-get-incident-associate-indicators",
                        "description": "Returns indicators that are related to a specific incident."
                    },
                    {
                        "name": "tc-update-indicator",
                        "description": "Updates the indicator in ThreatConnect."
                    },
                    {
                        "name": "tc-delete-indicator-tag",
                        "description": "Removes a tag from a specified indicator."
                    },
                    {
                        "name": "tc-delete-indicator",
                        "description": "Deletes an indicator from ThreatConnect."
                    },
                    {
                        "name": "tc-create-campaign",
                        "description": "Creates a group based on the \"Campaign\" type."
                    },
                    {
                        "name": "tc-create-event",
                        "description": "Creates a group based on the \"Event\" type."
                    },
                    {
                        "name": "tc-create-threat",
                        "description": "Creates a group based on the \"Threats\" type."
                    },
                    {
                        "name": "tc-delete-group",
                        "description": "Deletes a group."
                    },
                    {
                        "name": "tc-add-group-attribute",
                        "description": "Adds an attribute to a specified group."
                    },
                    {
                        "name": "tc-get-events",
                        "description": "Returns a list of events."
                    },
                    {
                        "name": "tc-get-groups",
                        "description": "Returns all groups, filtered by the group type."
                    },
                    {
                        "name": "tc-add-group-security-label",
                        "description": "Adds a security label to a group."
                    },
                    {
                        "name": "tc-add-group-tag",
                        "description": "Adds tags to a specified group."
                    },
                    {
                        "name": "tc-get-indicator-types",
                        "description": "Returns all indicator types available."
                    },
                    {
                        "name": "tc-group-associate-indicator",
                        "description": "Associates an indicator with a group."
                    },
                    {
                        "name": "tc-create-document-group",
                        "description": "Creates a document group."
                    },
                    {
                        "name": "tc-get-group",
                        "description": "Retrieves a single group."
                    },
                    {
                        "name": "tc-get-group-attributes",
                        "description": "Retrieves the attribute of a group."
                    },
                    {
                        "name": "tc-get-group-security-labels",
                        "description": "Retrieves the security labels of a group."
                    },
                    {
                        "name": "tc-get-group-tags",
                        "description": "Retrieves the tags of a group."
                    },
                    {
                        "name": "tc-download-document",
                        "description": "Downloads the contents of a document."
                    },
                    {
                        "name": "tc-get-group-indicators",
                        "description": "Returns indicators associated with a group."
                    },
                    {
                        "name": "tc-get-associated-groups",
                        "description": "Returns indicators associated with a specified group."
                    },
                    {
                        "name": "tc-associate-group-to-group",
                        "description": "Associates one group with another group."
                    }
                ]
            },
            {
                "name": "ThreatConnect v2",
                "description": "ThreatConnect's intelligence-driven security operations solution with intelligence, automation, analytics, and workflows.",
                "category": "Data Enrichment & Threat Intelligence",
                "commands": [
                    {
                        "name": "ip",
                        "description": "Searches for an indicator of type IP address."
                    },
                    {
                        "name": "url",
                        "description": "Searches for an indicator of type URL."
                    },
                    {
                        "name": "file",
                        "description": "Searches for an indicator of type file."
                    },
                    {
                        "name": "tc-owners",
                        "description": "Retrieves all owners for the current account."
                    },
                    {
                        "name": "tc-indicators",
                        "description": "Retrieves a list of all indicators."
                    },
                    {
                        "name": "tc-get-tags",
                        "description": "Returns a list of all ThreatConnect tags."
                    },
                    {
                        "name": "tc-tag-indicator",
                        "description": "Adds a tag to an existing indicator."
                    },
                    {
                        "name": "tc-get-indicator",
                        "description": "Retrieves information about an indicator."
                    },
                    {
                        "name": "tc-get-indicators-by-tag",
                        "description": "Fetches all indicators that have a tag."
                    },
                    {
                        "name": "tc-add-indicator",
                        "description": "Adds a new indicator to ThreatConnect."
                    },
                    {
                        "name": "tc-create-incident",
                        "description": "Creates a new incident group."
                    },
                    {
                        "name": "tc-fetch-incidents",
                        "description": "Fetches incidents from ThreatConnect."
                    },
                    {
                        "name": "tc-incident-associate-indicator",
                        "description": "Associates an indicator with an existing incident. The indicator must exist before running this command. To add an indicator, run the tc-add-indicator command."
                    },
                    {
                        "name": "domain",
                        "description": "Searches for an indicator of type domain."
                    },
                    {
                        "name": "tc-get-incident-associate-indicators",
                        "description": "Returns indicators that are related to a specific incident."
                    },
                    {
                        "name": "tc-update-indicator",
                        "description": "Updates the indicator in ThreatConnect."
                    },
                    {
                        "name": "tc-delete-indicator-tag",
                        "description": "Removes a tag from a specified indicator."
                    },
                    {
                        "name": "tc-delete-indicator",
                        "description": "Deletes an indicator from ThreatConnect."
                    },
                    {
                        "name": "tc-create-campaign",
                        "description": "Creates a group based on the \"Campaign\" type."
                    },
                    {
                        "name": "tc-create-event",
                        "description": "Creates a group based on the \"Event\" type."
                    },
                    {
                        "name": "tc-create-threat",
                        "description": "Creates a group based on the \"Threats\" type."
                    },
                    {
                        "name": "tc-delete-group",
                        "description": "Deletes a group."
                    },
                    {
                        "name": "tc-add-group-attribute",
                        "description": "Adds an attribute to a specified group."
                    },
                    {
                        "name": "tc-get-events",
                        "description": "Returns a list of events."
                    },
                    {
                        "name": "tc-get-groups",
                        "description": "Returns all groups, filtered by the group type."
                    },
                    {
                        "name": "tc-add-group-security-label",
                        "description": "Adds a security label to a group."
                    },
                    {
                        "name": "tc-add-group-tag",
                        "description": "Adds tags to a specified group."
                    },
                    {
                        "name": "tc-get-indicator-types",
                        "description": "Returns all indicator types available."
                    },
                    {
                        "name": "tc-group-associate-indicator",
                        "description": "Associates an indicator with a group."
                    },
                    {
                        "name": "tc-create-document-group",
                        "description": "Creates a document group."
                    },
                    {
                        "name": "tc-get-group",
                        "description": "Retrieves a single group."
                    },
                    {
                        "name": "tc-get-group-attributes",
                        "description": "Retrieves the attribute of a group."
                    },
                    {
                        "name": "tc-get-group-security-labels",
                        "description": "Retrieves the security labels of a group."
                    },
                    {
                        "name": "tc-get-group-tags",
                        "description": "Retrieves the tags of a group."
                    },
                    {
                        "name": "tc-download-document",
                        "description": "Downloads the contents of a document."
                    },
                    {
                        "name": "tc-get-group-indicators",
                        "description": "Returns indicators associated with a group."
                    },
                    {
                        "name": "tc-get-associated-groups",
                        "description": "Returns indicators associated with a specified group."
                    },
                    {
                        "name": "tc-associate-group-to-group",
                        "description": "Associates one group with another group."
                    },
                    {
                        "name": "tc-get-indicator-owners",
                        "description": "Get Owner for Indicator"
                    },
                    {
                        "name": "tc-download-report",
                        "description": "The group report to download in PDF format."
                    }
                ]
            }
        ]
    },
    "searchRank": 10,
    "integrations": [
        {
            "name": "ThreatConnect (Deprecated)",
            "imagePath": "content/packs/ThreatConnect/ThreatConnect_image.png"
        },
        {
            "name": "ThreatConnect v2",
            "imagePath": "content/packs/ThreatConnect/ThreatConnectv2_image.png"
        }
    ],
    "useCases": [],
    "keywords": [],
    "dependencies": {
        "Base": {
            "mandatory": true,
            "minVersion": "1.13.42",
            "author": "Cortex XSOAR",
            "name": "Base",
            "certification": "certified"
        }
    }
}