{
    "revision": "2030938",
    "modified": "2021-11-30T21:21:17Z",
    "packs": [
        {
            "id": "Sixgill-Darkfeed-Enterprise",
            "price": 125,
            "vendorId": "413586",
            "partnerId": "sixgill-195",
            "partnerName": "Sixgill",
            "contentCommitHash": "d84c8a6d3a7c77c329bed6f89d7fdba86528b5c7"
        },
        {
            "id": "IdentityLifecycleManagement-LargeEnterprise",
            "price": 60,
            "vendorId": "100000",
            "partnerId": "palo-alto-networks-110",
            "partnerName": "Palo Alto Networks",
            "contentCommitHash": "36db5427452dd55a99da6ff7e8c4e1694aff9ee9"
        },
        {
            "id": "TitaniamProtect",
            "price": 120,
            "vendorId": "414268",
            "partnerId": "titaniamlabs-4761",
            "partnerName": "Titaniam, Inc.",
            "contentCommitHash": "201f9c44e5f7cbbf539cc60ebdf8625f70f011b3"
        },
        {
            "id": "MITRECoA",
            "price": 3,
            "vendorId": "100000",
            "partnerId": "palo-alto-networks-110",
            "partnerName": "Palo Alto Networks",
            "contentCommitHash": "58c89779f46057bc014bed186f3abb5d7129c60e"
        },
        {
            "id": "SecurityIntelligenceServicesContentPremium",
            "price": 10,
            "vendorId": "406427",
            "partnerId": "riskiq-127",
            "partnerName": "RiskIQ",
            "contentCommitHash": "0acb6e0b9e06f00b16e80e588109500c73842d6c"
        },
        {
            "id": "HelloWorldPremium",
            "price": 0,
            "vendorId": "100000",
            "partnerId": "palo-alto-networks-110",
            "partnerName": "Palo Alto Networks",
            "contentCommitHash": "cd7a1254e8803b20b2e1972b88d54a608d0b0aed"
        },
        {
            "id": "SlashNextPhishingIncidentResponseCommercial",
            "price": 25,
            "vendorId": "414286",
            "partnerId": "slashnext-251",
            "partnerName": "SlashNext, Inc",
            "contentCommitHash": "e508ac1cb23e57190712f292280a31412839b27e"
        },
        {
            "id": "SecurityIntelligenceServicesDomainPremium",
            "price": 20,
            "vendorId": "406427",
            "partnerId": "riskiq-127",
            "partnerName": "RiskIQ",
            "contentCommitHash": "3b5721726bdab023d2db93375e62bd5902a531db"
        },
        {
            "id": "CyrenThreatInDepthPhishingURLFeed",
            "price": 20,
            "vendorId": "413880",
            "partnerId": "cyren-3390",
            "partnerName": "Cyren",
            "contentCommitHash": "bc4e168938f39271cf8abda6e07bfeffaa6892b4"
        },
        {
            "id": "CyrenThreatInDepthMalwareURLFeed",
            "price": 20,
            "vendorId": "413880",
            "partnerId": "cyren-3390",
            "partnerName": "Cyren",
            "contentCommitHash": "e8303e4b3fc5a521782d3930590436679cef25e0"
        },
        {
            "id": "CyrenThreatInDepthMalwareBundle",
            "price": 30,
            "vendorId": "413880",
            "partnerId": "cyren-3390",
            "partnerName": "Cyren",
            "contentCommitHash": "a2d42d828fddfe3c584c3ddf7faaa897be237077"
        },
        {
            "id": "IdentityLifecycleManagement-SmallEnterprise",
            "price": 20,
            "vendorId": "100000",
            "partnerId": "palo-alto-networks-110",
            "partnerName": "Palo Alto Networks",
            "contentCommitHash": "6ea06afbb1189ca3fd24570dc230b4d7bbee4cb3"
        },
        {
            "id": "CyrenThreatInDepthFullBundle",
            "price": 50,
            "vendorId": "413880",
            "partnerId": "cyren-3390",
            "partnerName": "Cyren",
            "contentCommitHash": "c1c09dd65438dc75551303d2ba0905bd4a2960f8"
        },
        {
            "id": "CyrenThreatInDepthMalwareFileFeed",
            "price": 20,
            "vendorId": "413880",
            "partnerId": "cyren-3390",
            "partnerName": "Cyren",
            "contentCommitHash": "659b5bfcc4e0bd2ebe220e865845b71378238188"
        },
        {
            "id": "IdentityLifecycleManagement-Enterprise",
            "price": 40,
            "vendorId": "100000",
            "partnerId": "palo-alto-networks-110",
            "partnerName": "Palo Alto Networks",
            "contentCommitHash": "0c125788effcae78b098a8dae4377132941a856a"
        },
        {
            "id": "IAM",
            "price": 0,
            "vendorId": "100000",
            "partnerId": "palo-alto-networks-110",
            "partnerName": "Palo Alto Networks",
            "contentCommitHash": "3356c9b07c0bff8c2afa8ae1a2043f47802bf13d"
        },
        {
            "id": "Sixgill-Darkfeed-Mid-sized",
            "price": 50,
            "vendorId": "413586",
            "partnerId": "sixgill-195",
            "partnerName": "Sixgill",
            "contentCommitHash": "9d772dd7498da04920fbe11a61b95758d71db707"
        },
        {
            "id": "SecurityIntelligenceServicesPhishingPremium",
            "price": 20,
            "vendorId": "406427",
            "partnerId": "riskiq-127",
            "partnerName": "RiskIQ",
            "contentCommitHash": "df6c79a8f3e11c4e0a91f56d20b8c8964525a774"
        },
        {
            "id": "SafeBreach_Insights",
            "price": 3,
            "vendorId": "413665",
            "partnerId": "safebreach-129",
            "partnerName": "SafeBreach",
            "contentCommitHash": "7ffe64f6b882de2ebc95e2f621560ea28de94ddb"
        },
        {
            "id": "Sixgill-Darkfeed-Small",
            "price": 30,
            "vendorId": "413586",
            "partnerId": "sixgill-195",
            "partnerName": "Sixgill",
            "contentCommitHash": "e24206dff1019449a0a015e3033284c554bddd46"
        },
        {
            "id": "SecurityIntelligenceServicesScamPremium",
            "price": 10,
            "vendorId": "406427",
            "partnerId": "riskiq-127",
            "partnerName": "RiskIQ",
            "contentCommitHash": "eebefd27604134ec6d3f59322d80787606fddbb8"
        },
        {
            "id": "SlashNextPhishingIncidentResponseEnterprise",
            "price": 40,
            "vendorId": "414286",
            "partnerId": "slashnext-251",
            "partnerName": "SlashNext, Inc",
            "contentCommitHash": "a42330625661d4efd65efbc0d6cbbe6f92538fdd"
        },
        {
            "id": "SlashNextPhishingIncidentResponseLargeEnterprise",
            "price": 90,
            "vendorId": "414286",
            "partnerId": "slashnext-251",
            "partnerName": "SlashNext, Inc",
            "contentCommitHash": "9ce8ff39c7159d781c152cdc6b5d0f8f9a14adc4"
        },
        {
            "id": "VMRayStandard",
            "price": 25,
            "vendorId": "415092",
            "partnerId": "vmray-157",
            "partnerName": "VMRay, Inc.",
            "contentCommitHash": "d7229863b3533a4a060857c9ad6dbbe0f34964f5"
        },
        {
            "id": "RSTCloud-Threat-Feed-API-Premium-Medium",
            "price": 25,
            "vendorId": "414294",
            "partnerId": "rst-cloud-6132",
            "partnerName": "RST Cloud",
            "contentCommitHash": "0a973fcddc47fda3bbc719396f3fc09573bc5e29"
        },
        {
            "id": "VMRayEnterprise",
            "price": 50,
            "vendorId": "415092",
            "partnerId": "vmray-157",
            "partnerName": "VMRay, Inc.",
            "contentCommitHash": "b79a50212d592d503f7dd10ce63372748535aa7c"
        },
        {
            "id": "SecurityIntelligenceServicesMalwarePremium",
            "price": 20,
            "vendorId": "406427",
            "partnerId": "riskiq-127",
            "partnerName": "RiskIQ",
            "contentCommitHash": "0031416b9ed58a5a3a02782f0a4f99e66e400da0"
        },
        {
            "id": "CyrenThreatInDepthIPReputationFeed",
            "price": 20,
            "vendorId": "413880",
            "partnerId": "cyren-3390",
            "partnerName": "Cyren",
            "contentCommitHash": "aeab459588e2ecbe834ca51e849a4b7fc9f97b21"
        },
        {
            "id": "RSTCloud-Threat-Feed-API-Premium-Large",
            "price": 40,
            "vendorId": "414294",
            "partnerId": "rst-cloud-6132",
            "partnerName": "RST Cloud",
            "contentCommitHash": "d3e232a3b934e7c968e3468695e3a1c1ed8890c4"
        },
        {
            "id": "RSTCloud-Threat-Feed-API-Premium-Small",
            "price": 10,
            "vendorId": "414294",
            "partnerId": "rst-cloud-6132",
            "partnerName": "RST Cloud",
            "contentCommitHash": "cf8d34fcd27aca6d1d3ea26d88641aa529526b8e"
        },
        {
            "id": "Code42InsiderThreatRemediation",
            "price": 3,
            "vendorId": "405691",
            "partnerId": "code42-636",
            "partnerName": "Code42",
            "contentCommitHash": "11bf1a6a0b0056284dfb553dd9e145f068ee731d"
        }
    ],
    "commit": "0389e8382253eaef89869ea67784401b9dd6931e",
    "landingPage": {
        "sections": [
            "Getting Started",
            "Featured",
            "New",
            "Partner Spotlight",
            "Trending",
            "Threat Intelligence"
        ]
    }
}