{
    "1.1.0": {
        "releaseNotes": "\n",
        "displayName": "1.1.0 - R124496",
        "released": "2020-09-23T17:55:03Z"
    },
    "2.0.0": {
        "releaseNotes": "#### Integrations\n##### New: CheckPointFirewall v2\nRead information and to send commands to the Check Point Firewall server.\n\n\n### Playbooks\n- __Checkpoint - Block IP - Custom Block Rule__\n  - Blocks IP addresses using custom block rules in Checkpoint firewall.\n- __Checkpoint - Block URL__\n  - Blocks URLs using Checkpoint firewall through custom URL categories.\n- __Checkpoint - Publish&Install configuration__\n  - Publish the Checkpoint Firewall configuration and install policy over all the gateways that are available.\n\n\n#### Scripts\n##### CheckpointFWCreateBackup\n  -   Connects to a Checkpoint firewall appliance using SSH and trigger a task to create a configuration backup of the device. The user account that accesses the device must be setup to use the SSH shell and not the built in Checkpoint CLI. Consult the Checkpoint documentation for instructions on how to do this.\n##### CheckpointFWBackupStatus\n  -   Connects a Checkpoint firewall appliance using SSH and retrieves the status of backup tasks. The user account that accesses the device must be setup to use the SSH shell and not the built in Checkpoint CLI. Consult the Checkpoint documentation for instructions on how to do this.\n##### CheckPointDownloadBackup\n  -   Download CheckPoint policy backup to the Cortex XSOAR War Room.",
        "displayName": "2.0.0 - 133404",
        "released": "2020-10-04T08:14:31Z"
    },
    "2.0.1": {
        "releaseNotes": "#### Integrations\n##### Check Point Firewall (Deprecated)\nDeprecated. Use the **Check Point Firewall v2** integration instead.\n\n##### Check Point Firewall v2\nIntegration display name updated.",
        "displayName": "2.0.1 - 148197",
        "released": "2020-10-15T21:13:52Z"
    },
    "2.0.2": {
        "releaseNotes": "\n#### Integrations\n##### Check Point Firewall v2\n- Documentation improvements.\n",
        "displayName": "2.0.2 - 156978",
        "released": "2020-10-22T15:50:57Z"
    },
    "2.0.3": {
        "releaseNotes": "\n#### Integrations\n##### Check Point Firewall v2\nAdded the ***checkpoint-package-list*** command.\n",
        "displayName": "2.0.3 - R180529",
        "released": "2020-11-09T18:40:43Z"
    },
    "2.0.4": {
        "releaseNotes": "\n#### Integrations\n##### Check Point Firewall v2\n- Fixed an issue in the ***checkpoint-host-delete*** command in which the *identifier* argument was not processed properly.\n",
        "displayName": "2.0.4 - 207944",
        "released": "2020-12-02T11:28:04Z"
    },
    "2.0.5": {
        "releaseNotes": "\n#### Integrations\n##### Check Point Firewall v2\n- **Breaking Change**: Updated the ***checkpoint-package-list*** command outputs. Changed output prefix from: `CheckPoint.Packages` to `CheckPoint.Package`.\n- Upgraded the Docker image to demisto/python3:3.8.6.13358.",
        "displayName": "2.0.5 - 208808",
        "released": "2020-12-02T23:30:57Z"
    },
    "2.0.6": {
        "releaseNotes": "\n#### Integrations\n##### Check Point Firewall v2\n- Updated ***checkpoint-login-and-get-session-id*** to add optional domain parameter allowingn MDS login\n- Upgraded the Docker image to demisto/python3:3.8.6.14516\n",
        "displayName": "2.0.6 - R264879",
        "released": "2021-01-27T23:02:36Z"
    },
    "2.0.7": {
        "releaseNotes": "\n#### Integrations\n##### Check Point Firewall v2\n- Fixed display names for various integration parameters.\n- Upgraded the Docker image to: *demisto/python3:3.9.1.15759*.",
        "displayName": "2.0.7 - R295871",
        "released": "2021-03-04T22:45:15Z"
    },
    "2.0.8": {
        "releaseNotes": "\n#### Integrations\n##### CheckPoint Firewall v2\n- Added the *ignore_warnings* and *ignore_errors* arguments to the ***checkpoint-host-delete*** and ***checkpoint-host-add*** commands.\n- Added handling for the newly added *IPv6* field.  \n- Updated the Docker image to: *demisto/python3:3.8.6.14516*.\n",
        "displayName": "2.0.8 - 370262",
        "released": "2021-05-30T11:14:50Z"
    },
    "2.0.9": {
        "releaseNotes": "#### Integrations\n##### CheckPoint Firewall v2\n- Upgraded the Docker image to: *demisto/python3:3.9.5.21272*.",
        "displayName": "2.0.9 - 384775",
        "released": "2021-06-14T23:10:45Z"
    },
    "2.0.10": {
        "releaseNotes": "#### Integrations\n##### CheckPoint Firewall v2\n- Improved the error handling in ***test-module*** \n- Fixed an issue where the ***checkpoint-show-objects*** command failed because of changes in the api version.",
        "displayName": "2.0.10 - R397182",
        "released": "2021-07-13T14:57:48Z"
    },
    "2.0.11": {
        "releaseNotes": "#### Scripts\n##### CheckpointFWCreateBackup\n- Updated the Docker image to: *demisto/python:2.7.18.20958*.\n##### CheckPointDownloadBackup\n- Updated the Docker image to: *demisto/python3:3.9.5.22665*.\n##### CheckpointFWBackupStatus\n- Updated the Docker image to: *demisto/python:2.7.18.20958*.",
        "displayName": "2.0.11 - 398245",
        "released": "2021-07-15T11:44:20Z"
    },
    "2.0.12": {
        "releaseNotes": "#### Playbooks\n##### Checkpoint - Block IP - Custom Block Rule\n- Fixed an issue where the playbook would run only with a Checkpoint Firewall V1 instance.\n##### Checkpoint - Publish&Install configuration\n- Fixed an issue where the playbook would run only with a Checkpoint Firewall V1 instance.\n##### Checkpoint - Block URL\n- Fixed an issue where the playbook would run only with a Checkpoint Firewall V1 instance.",
        "displayName": "2.0.12 - 413482",
        "released": "2021-08-19T00:25:50Z"
    },
    "2.1.0": {
        "releaseNotes": "#### Integrations\n##### CheckPoint Firewall v2\n- Fixed issues when logging in and using the integration with **proxy** connection.",
        "displayName": "2.1.0 - 414184",
        "released": "2021-08-20T00:30:13Z"
    },
    "2.1.1": {
        "releaseNotes": "#### Integrations\n##### CheckPoint Firewall v2\n- Fixed an issue where logout would be performed after every command execution.\n- Fixed an issue where provided `server` values starting with `https://` would not work.\n- Updated the Docker image to: *demisto/python3:3.9.6.24019*.",
        "displayName": "2.1.1 - 7440142",
        "released": "2021-09-03T21:15:15Z"
    },
    "2.1.2": {
        "releaseNotes": "#### Integrations\n##### CheckPoint Firewall v2\n- Updated the Docker image to: *demisto/python3:3.9.7.24076*.",
        "displayName": "2.1.2 - 7640590",
        "released": "2021-09-16T21:22:12Z"
    },
    "2.1.3": {
        "releaseNotes": "#### Scripts\n##### CheckPointDownloadBackup\n- Updated the Docker image to: *demisto/python3:3.9.7.24076*.",
        "displayName": "2.1.3 - 7740378",
        "released": "2021-09-23T09:48:42Z"
    },
    "2.1.4": {
        "releaseNotes": "#### Scripts\n##### CheckpointFWBackupStatus\n- Updated the Docker image to: *demisto/python:2.7.18.24066*.\n##### CheckpointFWCreateBackup\n- Updated the Docker image to: *demisto/python:2.7.18.24066*.",
        "displayName": "2.1.4 - 7789574",
        "released": "2021-09-26T21:20:22Z"
    },
    "2.1.5": {
        "releaseNotes": "#### Integrations\n##### CheckPoint Firewall v2\n- Updated the Docker image to: *demisto/python3:3.9.8.24399*.",
        "displayName": "2.1.5 - 2009340",
        "released": "2021-11-25T21:15:13Z"
    }
}