{
    "name": "Check Point Firewall",
    "id": "CheckpointFirewall",
    "description": "Manage Check Point firewall via API",
    "created": "2020-09-23T17:55:03Z",
    "updated": "2021-09-03T21:15:15Z",
    "legacy": true,
    "support": "xsoar",
    "supportDetails": {
        "url": "https://www.paloaltonetworks.com/cortex"
    },
    "eulaLink": "https://github.com/demisto/content/blob/master/LICENSE",
    "author": "Cortex XSOAR",
    "authorImage": "content/packs/Base/Author_image.png",
    "certification": "certified",
    "price": 0,
    "serverMinVersion": "5.0.0",
    "currentVersion": "2.1.1",
    "versionInfo": "7593170",
    "commit": "84b00244822939d0ffb38e6d148bfa750519af47",
    "downloads": 2021,
    "tags": [],
    "categories": [
        "Network Security"
    ],
    "contentItems": {
        "playbook": [
            {
                "name": "Checkpoint - Publish&Install configuration",
                "description": "Publish the Checkpoint Firewall configuration and install policy over all the gateways that are available."
            },
            {
                "name": "Checkpoint - Block URL",
                "description": "This playbook blocks URLs using Checkpoint Firewall through Custom URL Categories.\nThe playbook checks whether the input URL category already exists, and if the URLs are a part of this category. Otherwise, it will create the category, block the URLs, and publish the configuration."
            },
            {
                "name": "Checkpoint - Block IP - Custom Block Rule",
                "description": "This playbook blocks IP addresses using Custom Block Rules in Checkpoint Firewall.\nThe playbook receives malicious IP addresses as inputs, creates a custom bi-directional rule to block them, and publish the configuration."
            }
        ],
        "automation": [
            {
                "name": "CheckPointDownloadBackup",
                "description": "Downloads the Check Point policy backup to the Cortex XSOAR War Room.",
                "tags": []
            },
            {
                "name": "CheckpointFWBackupStatus",
                "description": "Connect to a CheckPoint firewall appliance using SSH and retrieve the status for backup tasks. The user account being used to access the device must be set to use the SSH shell and not the built-in CheckPoint CLI. For more information, consult the CheckPoint documentation.",
                "tags": [
                    "checkpoint"
                ]
            },
            {
                "name": "CheckpointFWCreateBackup",
                "description": "Connect to a Check Point firewall appliance using SSH and trigger a task to create a configuration backup of the device. The user account being used to access the device must be set to use the SSH shell and not the built-in Check Point CLI. For more information, consult the CheckPoint documentation.",
                "tags": [
                    "checkpoint"
                ]
            }
        ],
        "integration": [
            {
                "name": "Check Point Firewall (Deprecated)",
                "description": "Deprecated. Use the Check Point Firewall v2 integration instead. Manage Check Point firewall via API",
                "category": "Network Security",
                "commands": [
                    {
                        "name": "checkpoint-show-access-rule-base",
                        "description": "Show items in an access rulebase configured in Checkpoint FW"
                    },
                    {
                        "name": "checkpoint-set-rule",
                        "description": "Set attributes of an access rule object configured in Checkpoint FW"
                    },
                    {
                        "name": "checkpoint-task-status",
                        "description": "Shows status of a checkpoint task by task uuid"
                    },
                    {
                        "name": "checkpoint-show-hosts",
                        "description": "Show host objects configured in Checkpoint FW"
                    },
                    {
                        "name": "checkpoint-block-ip",
                        "description": "Block one or more IP addresses using Checkpoint Firewall"
                    },
                    {
                        "name": "checkpoint",
                        "description": "Use Check Point's Management API (requires management server R80 or later). Specifying 'command'=<API command> is mandatory"
                    },
                    {
                        "name": "checkpoint-delete-rule",
                        "description": "Delete rule from firewall"
                    }
                ]
            },
            {
                "name": "CheckPoint Firewall v2",
                "description": "Use this integration to read information and send commands to the Check Point Firewall server.",
                "category": "IT Services",
                "commands": [
                    {
                        "name": "checkpoint-host-list",
                        "description": "Returns all host objects."
                    },
                    {
                        "name": "checkpoint-host-get",
                        "description": "Gets full data for the specified host."
                    },
                    {
                        "name": "checkpoint-host-add",
                        "description": "Adds a new host."
                    },
                    {
                        "name": "checkpoint-host-update",
                        "description": "Updates the specified host."
                    },
                    {
                        "name": "checkpoint-host-delete",
                        "description": "Deletes the specified host."
                    },
                    {
                        "name": "checkpoint-group-list",
                        "description": "Gets a list of all groups."
                    },
                    {
                        "name": "checkpoint-group-get",
                        "description": "Gets full data for the specified group."
                    },
                    {
                        "name": "checkpoint-group-add",
                        "description": "Adds a group."
                    },
                    {
                        "name": "checkpoint-group-update",
                        "description": "Updates the specified group object."
                    },
                    {
                        "name": "checkpoint-group-delete",
                        "description": "Deletes the specified group object."
                    },
                    {
                        "name": "checkpoint-address-range-list",
                        "description": "Gets a list all address range objects."
                    },
                    {
                        "name": "checkpoint-address-range-add",
                        "description": "Adds an address range object."
                    },
                    {
                        "name": "checkpoint-address-range-update",
                        "description": "Updates the specified address range object."
                    },
                    {
                        "name": "checkpoint-address-range-delete",
                        "description": "Deletes the specified address range."
                    },
                    {
                        "name": "checkpoint-threat-indicator-list",
                        "description": "Gets a list of all threat indicators."
                    },
                    {
                        "name": "checkpoint-threat-indicator-get",
                        "description": "Gets data for the specified list indicator."
                    },
                    {
                        "name": "checkpoint-threat-indicator-add",
                        "description": "Adds a threat indicator."
                    },
                    {
                        "name": "checkpoint-threat-indicator-update",
                        "description": "Updates the specified indicator."
                    },
                    {
                        "name": "checkpoint-address-range-get",
                        "description": "Gets full data for the specified address range object."
                    },
                    {
                        "name": "checkpoint-threat-indicator-delete",
                        "description": "Deletes the specified threat indicator."
                    },
                    {
                        "name": "checkpoint-access-rule-list",
                        "description": "Returns the entire Access Rules layer."
                    },
                    {
                        "name": "checkpoint-access-rule-add",
                        "description": "Creates a new access rule."
                    },
                    {
                        "name": "checkpoint-access-rule-update",
                        "description": "Modifies an existing access rule, using object name or UID."
                    },
                    {
                        "name": "checkpoint-access-rule-delete",
                        "description": "Deletes the specified access rule."
                    },
                    {
                        "name": "checkpoint-application-site-list",
                        "description": "Retrieves all objects."
                    },
                    {
                        "name": "checkpoint-application-site-add",
                        "description": "Adds an application site."
                    },
                    {
                        "name": "checkpoint-application-site-update",
                        "description": "Edits an existing application using the object name or UID. \nIt's impossible to set 'application-signature' when the application was initialized with 'url-list' and vice-versa."
                    },
                    {
                        "name": "checkpoint-application-site-delete",
                        "description": "Deletes an existing application site object using the object name or UID."
                    },
                    {
                        "name": "checkpoint-publish",
                        "description": "Publishes changes."
                    },
                    {
                        "name": "checkpoint-install-policy",
                        "description": "Intsalls an Access Control policy."
                    },
                    {
                        "name": "checkpoint-verify-policy",
                        "description": "Verifies the policy of the selected package."
                    },
                    {
                        "name": "checkpoint-show-task",
                        "description": "Show task progress and details."
                    },
                    {
                        "name": "checkpoint-login-and-get-session-id",
                        "description": "Log in to CheckPoint and get the session ID."
                    },
                    {
                        "name": "checkpoint-logout",
                        "description": "Log out from a given session."
                    },
                    {
                        "name": "checkpoint-packages-list",
                        "description": "List all packages."
                    },
                    {
                        "name": "checkpoint-gateways-list",
                        "description": "Retrieve all gateways and servers."
                    },
                    {
                        "name": "checkpoint-application-site-category-list",
                        "description": "Retrieve all application site category."
                    },
                    {
                        "name": "checkpoint-application-site-category-add",
                        "description": "Adds new application site category."
                    },
                    {
                        "name": "checkpoint-application-site-category-get",
                        "description": "Retrieve application site category object using object name or UID."
                    },
                    {
                        "name": "checkpoint-show-objects",
                        "description": "Retrieve data about objects."
                    },
                    {
                        "name": "checkpoint-package-list",
                        "description": "Retrieve the details of Checkpoint packages."
                    }
                ]
            }
        ]
    },
    "searchRank": 10,
    "integrations": [
        {
            "name": "Check Point Firewall (Deprecated)",
            "imagePath": "content/packs/CheckpointFirewall/CheckPoint_image.png"
        },
        {
            "name": "CheckPoint Firewall v2",
            "imagePath": "content/packs/CheckpointFirewall/CheckPointFirewall_v2_image.png"
        }
    ],
    "useCases": [],
    "keywords": [
        "checkpoint",
        "firewall"
    ],
    "dependencies": {
        "CommonPlaybooks": {
            "mandatory": true,
            "minVersion": "2.0.4",
            "author": "Cortex XSOAR",
            "name": "Common Playbooks",
            "certification": "certified"
        },
        "Base": {
            "mandatory": true,
            "minVersion": "1.13.31",
            "author": "Cortex XSOAR",
            "name": "Base",
            "certification": "certified"
        },
        "CommonScripts": {
            "mandatory": true,
            "minVersion": "1.4.35",
            "author": "Cortex XSOAR",
            "name": "Common Scripts",
            "certification": "certified"
        }
    }
}