{
    "1.0.0": {
        "releaseNotes": "Simple RSS reader, imports new posts as Incidents.  All rss fields (e.g. author, published, tags) are available.",
        "displayName": "1.0.0 - 197136",
        "released": "2020-11-23T06:40:53Z"
    },
    "1.0.1": {
        "releaseNotes": "\n#### Integrations\n##### RSS\n- **Breaking Change:** Deleted the command **test-fetch-rss** which was not implemented in the code.\n- Upgraded the Docker image to demisto/python3:3.8.6.13358.\n",
        "displayName": "1.0.1 - R2009340",
        "released": "2021-11-25T21:18:03Z"
    }
}