{
    "name": "RSS",
    "id": "RSS",
    "description": "Simple RSS reader, imports new posts as Incidents.  All rss fields (e.g. author, published, tags) are available.",
    "created": "2020-10-21T11:42:09Z",
    "updated": "2020-11-23T06:40:53Z",
    "legacy": true,
    "support": "community",
    "supportDetails": {},
    "eulaLink": "https://github.com/demisto/content/blob/master/LICENSE",
    "author": "Andrew Shepherd",
    "authorImage": "",
    "certification": "",
    "price": 0,
    "serverMinVersion": "6.0.0",
    "currentVersion": "1.0.0",
    "versionInfo": "197136",
    "commit": "0024fc8d127c0e73e47a299fc7ae87a036ae5d1a",
    "downloads": 0,
    "tags": [],
    "categories": [],
    "contentItems": {
        "integration": [
            {
                "name": "RSS (Community Contribution)",
                "description": "Simple RSS reader than can ingest new items as Incidents",
                "category": "Messaging",
                "commands": [
                    {
                        "name": "test-fetch-rss",
                        "description": ""
                    }
                ]
            }
        ]
    },
    "integrations": [
        {
            "name": "RSS (Community Contribution)",
            "imagePath": "content/packs/RSS/RSS_image.png"
        }
    ],
    "useCases": [],
    "keywords": [],
    "dependencies": {
        "Base": {
            "mandatory": true,
            "minVersion": "1.3.40",
            "author": "Cortex XSOAR",
            "name": "Base",
            "certification": "certified"
        }
    }
}