{
    "name": "RSS",
    "id": "RSS",
    "description": "Simple RSS reader, imports new posts as Incidents.  All rss fields (e.g. author, published, tags) are available.",
    "created": "2020-11-23T06:40:53Z",
    "updated": "2021-11-25T21:18:03Z",
    "legacy": true,
    "support": "community",
    "supportDetails": {},
    "eulaLink": "https://github.com/demisto/content/blob/master/LICENSE",
    "author": "Andrew Shepherd",
    "authorImage": "",
    "certification": "",
    "price": 0,
    "serverMinVersion": "6.0.0",
    "currentVersion": "1.0.1",
    "versionInfo": "2030938",
    "commit": "0389e8382253eaef89869ea67784401b9dd6931e",
    "downloads": 318,
    "tags": [],
    "categories": [
        "Messaging"
    ],
    "contentItems": {
        "integration": [
            {
                "name": "RSS (Community Contribution)",
                "description": "Simple RSS reader that can ingest new items as Incidents",
                "category": "Messaging",
                "commands": []
            }
        ]
    },
    "searchRank": 0,
    "integrations": [
        {
            "name": "RSS",
            "imagePath": "content/packs/RSS/RSS_image.png"
        }
    ],
    "useCases": [],
    "keywords": [],
    "dependencies": {
        "Base": {
            "mandatory": true,
            "minVersion": "1.16.0",
            "author": "Cortex XSOAR",
            "name": "Base",
            "certification": "certified"
        }
    }
}