{
    "1.0.0": {
        "releaseNotes": "Google Drive allows users to store files on their servers, synchronize files across devices, and share files. This integration helps you to create a new drive, query past activity and view change logs performed by the users.",
        "displayName": "1.0.0 - 197136",
        "released": "2020-11-23T06:38:31Z"
    },
    "1.0.1": {
        "releaseNotes": "\n#### Layouts\n- **layout-quickView-Google_Drive_Activity.json**\nMaintenance and stability enhancements.\n- **layout-mobile-Google_Drive_Activity.json**\nMaintenance and stability enhancements.\n",
        "displayName": "1.0.1 - R306754",
        "released": "2021-03-17T10:48:45Z"
    },
    "1.0.2": {
        "releaseNotes": "#### Integrations\n##### Google Drive\n- Upgraded the Docker image to: *demisto/googleapi-python3:1.0.0.23531*.",
        "displayName": "1.0.2 - 411157",
        "released": "2021-08-13T00:21:54Z"
    },
    "1.1.0": {
        "releaseNotes": "#### Integrations\n##### Google Drive\n- Updated the Docker image to: *demisto/googleapi-python3:1.0.0.23531*.\n\n\n- Added the following commands to list drives and files, and manage drive and files permissions:\n  - ***google-drive-drives-list***\n  - ***google-drive-drive-get***\n  - ***google-drive-files-list***\n  - ***google-drive-file-get***\n  - ***google-drive-file-upload***\n  - ***google-drive-file-download***\n  - ***google-drive-file-replace-existing***\n  - ***google-drive-file-delete***\n  - ***google-drive-file-permissions-list***\n  - ***google-drive-file-permission-create***\n  - ***google-drive-file-permission-update***\n  - ***google-drive-file-permission-delete***",
        "displayName": "1.1.0 - 411893",
        "released": "2021-08-16T00:21:02Z"
    },
    "1.1.1": {
        "releaseNotes": "#### Integrations\n##### Google Drive\n- Updated the Docker image to: *demisto/googleapi-python3:1.0.0.24037*.",
        "displayName": "1.1.1 - 7423160",
        "released": "2021-09-02T21:19:52Z"
    },
    "1.2.0": {
        "releaseNotes": "#### Integrations\n##### Google Drive\n- Added a more informative message for error in user_service_account_json in **GSuite client**",
        "displayName": "1.2.0 - 1812291",
        "released": "2021-10-18T21:14:39Z"
    }
}