{
    "name": "Google Drive",
    "id": "GoogleDrive",
    "description": "Google Drive allows users to store files on their servers, synchronize files across devices, and share files. This integration helps you to create a new drive, query past activity and view change logs performed by the users.",
    "created": "2020-11-23T06:38:31Z",
    "updated": "2021-03-17T10:48:45Z",
    "legacy": true,
    "support": "xsoar",
    "supportDetails": {
        "url": "https://www.paloaltonetworks.com/cortex"
    },
    "eulaLink": "https://github.com/demisto/content/blob/master/LICENSE",
    "author": "Cortex XSOAR",
    "authorImage": "content/packs/Base/Author_image.png",
    "certification": "certified",
    "price": 0,
    "serverMinVersion": "5.0.0",
    "currentVersion": "1.0.1",
    "versionInfo": "411022",
    "commit": "d3dd00e58b41e4326f9fc8e01418cbfbc4a7d700",
    "downloads": 293,
    "tags": [],
    "categories": [
        "IT Services"
    ],
    "contentItems": {
        "classifier": [
            {
                "name": "Google Drive - Classifier",
                "description": "Classifies Google Drive Incidents."
            },
            {
                "name": "Google Drive - Incoming Mapper",
                "description": "Maps incoming Google Drive incident fields."
            }
        ],
        "incidentfield": [
            {
                "name": "Google Drive Activity Added Parents",
                "type": "grid",
                "description": "The added parent object(s)."
            },
            {
                "name": "Google Drive Activity Added Permissions",
                "type": "grid",
                "description": "The set of permissions added by this change."
            },
            {
                "name": "Google Drive Activity Assigned Current User",
                "type": "boolean",
                "description": "True if this is the user making the request."
            },
            {
                "name": "Google Drive Activity Assigned Deleted User",
                "type": "boolean",
                "description": "A user whose account has since been deleted."
            },
            {
                "name": "Google Drive Activity Assigned Person Name",
                "type": "shortText",
                "description": "The user to whom the comment was assigned."
            },
            {
                "name": "Google Drive Activity Assigned Unknown User",
                "type": "boolean",
                "description": "A user about whom nothing is currently known."
            },
            {
                "name": "Google Drive Activity Assignment Subtype",
                "type": "shortText",
                "description": "The sub-type of this event."
            },
            {
                "name": "Google Drive Activity Copied Folder Type",
                "type": "shortText",
                "description": "The type of a Drive folder."
            },
            {
                "name": "Google Drive Activity Copied Item Is File",
                "type": "boolean",
                "description": "A Drive item which is a file."
            },
            {
                "name": "Google Drive Activity Copied Item Name",
                "type": "shortText",
                "description": "The target Drive item. The format is \"items/ITEM_ID\"."
            },
            {
                "name": "Google Drive Activity Copied Item Title",
                "type": "shortText",
                "description": "The title of the Drive item."
            },
            {
                "name": "Google Drive Activity Copied Shared Drive Name",
                "type": "shortText",
                "description": "The resource name of the shared drive."
            },
            {
                "name": "Google Drive Activity Copied Shared Drive Title",
                "type": "shortText",
                "description": "The title of the shared drive."
            },
            {
                "name": "Google Drive Activity Created New",
                "type": "boolean",
                "description": "Indicates the object was newly created (e.g. as a blank document), not derived from a Drive object or external object."
            },
            {
                "name": "Google Drive Activity DLP Change Type",
                "type": "shortText",
                "description": "The type of Data Leak Prevention (DLP) change."
            },
            {
                "name": "Google Drive Activity Delete Type",
                "type": "shortText",
                "description": "The type of delete action taken."
            },
            {
                "name": "Google Drive Activity Identified As",
                "type": "shortText",
                "description": ""
            },
            {
                "name": "Google Drive Activity Mentioned Users",
                "type": "grid",
                "description": "Users who are mentioned in this comment."
            },
            {
                "name": "Google Drive Activity New Title",
                "type": "shortText",
                "description": "The new title of the drive object."
            },
            {
                "name": "Google Drive Activity Old Title",
                "type": "shortText",
                "description": "The previous title of the drive object."
            },
            {
                "name": "Google Drive Activity Post Subtype",
                "type": "shortText",
                "description": "The sub-type of this event."
            },
            {
                "name": "Google Drive Activity Reference Type",
                "type": "shortText",
                "description": "The reference type corresponding to this event."
            },
            {
                "name": "Google Drive Activity Removed Parents",
                "type": "grid",
                "description": "The removed parent object(s)."
            },
            {
                "name": "Google Drive Activity Removed Permissions",
                "type": "grid",
                "description": "The set of permissions removed by this change."
            },
            {
                "name": "Google Drive Activity Restore Type",
                "type": "shortText",
                "description": "The type of restore action taken."
            },
            {
                "name": "Google Drive Activity Restriction Changes",
                "type": "grid",
                "description": "The set of changes made to restrictions."
            },
            {
                "name": "Google Drive Activity Suggestion Subtype",
                "type": "shortText",
                "description": "The sub-type of this event."
            },
            {
                "name": "Google Drive Activity Targets",
                "type": "grid",
                "description": ""
            },
            {
                "name": "Google Drive Activity Uploaded",
                "type": "boolean",
                "description": "Indicates the object originated externally and was uploaded to Drive."
            }
        ],
        "incidenttype": [
            {
                "name": "Google Drive Activity",
                "playbook": "",
                "closureScript": "",
                "hours": 0,
                "days": 0,
                "weeks": 0
            }
        ],
        "integration": [
            {
                "name": "Google Drive",
                "description": "Google Drive allows users to store files on their servers, synchronize files across devices, and share files. This integration helps you to create a new drive, query past activity, and view change logs performed by the users.",
                "category": "IT Services",
                "commands": [
                    {
                        "name": "google-drive-create",
                        "description": "Creates a new Team Drive. The name argument specifies the name of the Team Drive. The specified user will be the first organizer.\nThis shared drive/team drive feature is available only with G Suite Enterprise, Enterprise for Education, G Suite Essentials, Business, Education, and Nonprofits edition."
                    },
                    {
                        "name": "google-drive-changes-list",
                        "description": "Lists the changes for a user or shared drive."
                    },
                    {
                        "name": "google-drive-activity-list",
                        "description": "Query past activity in Google Drive."
                    }
                ]
            }
        ],
        "layoutscontainer": [
            {
                "name": "Google Drive Activity",
                "description": "Google Drive Activity Layout"
            }
        ]
    },
    "searchRank": 10,
    "integrations": [
        {
            "name": "Google Drive",
            "imagePath": "content/packs/GoogleDrive/GoogleDrive_image.png"
        },
        {
            "name": "Chronicle",
            "imagePath": "content/packs/GoogleChronicleBackstory/GoogleChronicleBackstory_image.png"
        },
        {
            "name": "RiskIQ Digital Footprint",
            "imagePath": "content/packs/RiskIQDigitalFootprint/RiskIQDigitalFootprint_image.png"
        }
    ],
    "useCases": [],
    "keywords": [],
    "dependencies": {
        "Phishing": {
            "mandatory": true,
            "minVersion": "2.3.1",
            "author": "Cortex XSOAR",
            "name": "Phishing",
            "certification": "certified"
        },
        "Base": {
            "mandatory": true,
            "minVersion": "1.13.15",
            "author": "Cortex XSOAR",
            "name": "Base",
            "certification": "certified"
        },
        "SANS": {
            "mandatory": true,
            "minVersion": "1.1.2",
            "author": "Cortex XSOAR",
            "name": "SANS",
            "certification": "certified"
        },
        "CommonTypes": {
            "mandatory": true,
            "minVersion": "3.1.10",
            "author": "Cortex XSOAR",
            "name": "Common Types",
            "certification": "certified"
        },
        "RiskIQDigitalFootprint": {
            "mandatory": true,
            "minVersion": "1.0.8",
            "author": "RiskIQ",
            "name": "RiskIQ Digital Footprint",
            "certification": "certified"
        },
        "GoogleChronicleBackstory": {
            "mandatory": true,
            "minVersion": "2.0.3",
            "author": "Chronicle",
            "name": "Chronicle",
            "certification": "certified"
        },
        "CommonScripts": {
            "mandatory": true,
            "minVersion": "1.4.21",
            "author": "Cortex XSOAR",
            "name": "Common Scripts",
            "certification": "certified"
        },
        "NIST": {
            "mandatory": true,
            "minVersion": "1.0.5",
            "author": "Cortex XSOAR",
            "name": "NIST",
            "certification": "certified"
        }
    }
}