{
    "1.0.0": {
        "releaseNotes": "Automation & Playbook to assign active Incidents to the next group of users on call.  ",
        "displayName": "1.0.0 - R180529",
        "released": "2020-11-09T18:49:45Z"
    },
    "1.0.1": {
        "releaseNotes": "\n#### Playbooks\n##### Assign Active Incidents to Next Shift\n- Fixed reference to AssignToNextShift automation.\n",
        "displayName": "1.0.1 - R264879",
        "released": "2020-11-17T14:54:08Z"
    },
    "1.0.2": {
        "releaseNotes": "#### Scripts\n##### AssignToNextShift\n- Updated the Docker image to: *demisto/python3:3.9.7.24076*.",
        "displayName": "1.0.2 - 7772209",
        "released": "2021-09-25T09:15:29Z"
    },
    "1.1.0": {
        "releaseNotes": "#### Scripts\n##### AssignToNextShift\n- ***Breaking Change:*** The following breaking change applies for organizations that implement pre-set roles on their incidents:\nDBotRole has been removed from this automation. This change will affect any playbook that is dependent on, or runs, this automation.\nThis automation will now run using the default Limited User role, unless you explicitly change the permissions.\nFor more information, see the section about permissions here:\n[https://docs.paloaltonetworks.com/cortex/cortex-xsoar/6-2/cortex-xsoar-admin/playbooks/automations.html](https://docs.paloaltonetworks.com/cortex/cortex-xsoar/6-2/cortex-xsoar-admin/playbooks/automations.html)",
        "displayName": "1.1.0 - 1882648",
        "released": "2021-11-02T09:13:04Z"
    },
    "1.1.1": {
        "releaseNotes": "#### Scripts\n##### AssignToNextShift\n- Added reference to required permissions in automation's description and README.",
        "displayName": "1.1.1 - 2020903",
        "released": "2021-11-28T21:16:03Z"
    }
}