{
    "name": "Shift Management - Assign to Next Shift",
    "id": "ShiftManagement-AssignToNextShift",
    "description": "Automation & Playbook to assign active Incidents to the next group of users on call.  ",
    "created": "2020-11-09T18:49:45Z",
    "updated": "2021-11-02T09:13:04Z",
    "legacy": true,
    "support": "community",
    "supportDetails": {},
    "eulaLink": "https://github.com/demisto/content/blob/master/LICENSE",
    "author": "beauchompers",
    "authorImage": "",
    "certification": "",
    "price": 0,
    "serverMinVersion": "6.0.0",
    "currentVersion": "1.1.0",
    "versionInfo": "2018870",
    "commit": "e23cfa740fe3986706aa6ed365366af05dee1c91",
    "downloads": 507,
    "tags": [],
    "categories": [],
    "contentItems": {
        "automation": [
            {
                "name": "AssignToNextShift",
                "description": "Randomly assigns the incidents to users on call (requires shift management) and users on call.  \n\nhttps://docs.paloaltonetworks.com/cortex/cortex-xsoar/6-0/cortex-xsoar-admin/users-and-roles/shift-management.html#idf554fd0f-f93b-40cd-9111-1393bf25ac6e\n\nIncident Ids should be passed in as a comma separated list.",
                "tags": []
            }
        ],
        "playbook": [
            {
                "name": "Assign Active Incidents to Next Shift",
                "description": "This playbook reassigns Active Incidents to the current users on call, requires shift management to be setup.   Can be run as a job a few minutes after the scheduled shift change time.\n\nUpdate the playbook input with a different search query if required.  Will also branch if there are no Incidents that match the query, and no users on call. \n\nSearch results are the default 100 Incidents returned by the query."
            }
        ]
    },
    "searchRank": 0,
    "integrations": [],
    "useCases": [],
    "keywords": [],
    "dependencies": {
        "Base": {
            "mandatory": true,
            "minVersion": "1.15.7",
            "author": "Cortex XSOAR",
            "name": "Base",
            "certification": "certified"
        }
    }
}