{
    "1.0.0": {
        "releaseNotes": "Cymptom is a Breach and Attack Simulation solution that revolutionizes\n  the existing approach by transforming attack simulation into a data analysis question.\n  Cymptom agentless scanning brings real-time always-on visibility into the entire\n  security posture.",
        "displayName": "1.0.0 - 275894",
        "released": "2021-02-08T22:38:51Z"
    },
    "1.0.1": {
        "releaseNotes": "\n#### Integrations\n##### Cymptom\n- Updated the Integration's detailed description.\n",
        "displayName": "1.0.1 - R346806",
        "released": "2021-05-05T11:06:02Z"
    },
    "1.0.2": {
        "releaseNotes": "#### Integrations\n##### Cymptom\n- Maintenance and stability enhancements.",
        "displayName": "1.0.2 - 372947",
        "released": "2021-06-01T11:20:35Z"
    },
    "1.0.3": {
        "releaseNotes": "#### Integrations\n##### Cymptom\n- Upgraded the Docker image to: *demisto/python3:3.9.5.21272*.",
        "displayName": "1.0.3 - R400461",
        "released": "2021-07-20T12:18:22Z"
    },
    "1.0.4": {
        "releaseNotes": "#### Integrations\n##### Cymptom\n- Updated the Docker image to: *demisto/python3:3.9.7.24076*.",
        "displayName": "1.0.4 - 7561139",
        "released": "2021-09-12T09:25:12Z"
    }
}