{
    "name": "Cymptom",
    "id": "Cymptom",
    "description": "Cymptom is a Breach and Attack Simulation solution that revolutionizes\n  the existing approach by transforming attack simulation into a data analysis question.\n  Cymptom agentless scanning brings real-time always-on visibility into the entire\n  security posture.",
    "created": "2021-02-08T22:38:51Z",
    "updated": "2021-09-12T09:25:12Z",
    "legacy": true,
    "support": "partner",
    "supportDetails": {
        "url": "https://cymptom.com/",
        "email": "support@Cymptom.com"
    },
    "eulaLink": "https://github.com/demisto/content/blob/master/LICENSE",
    "author": "Cymptom",
    "authorImage": "content/packs/Cymptom/Author_image.png",
    "certification": "certified",
    "price": 0,
    "serverMinVersion": "5.0.0",
    "currentVersion": "1.0.4",
    "versionInfo": "2030938",
    "commit": "0389e8382253eaef89869ea67784401b9dd6931e",
    "downloads": 263,
    "tags": [],
    "categories": [
        "Vulnerability Management"
    ],
    "contentItems": {
        "playbook": [
            {
                "name": "Cymptom - Expire passwords for password cracked users",
                "description": "Expires passwords for password cracked users using an Active Directory query integration instance."
            }
        ],
        "incidenttype": [
            {
                "name": "Cymptom Mitigations",
                "playbook": "",
                "closureScript": "",
                "hours": 0,
                "days": 0,
                "weeks": 0
            }
        ],
        "integration": [
            {
                "name": "Cymptom (Partner Contribution)",
                "description": "Cymptom is a Breach and Attack Simulation solution that revolutionizes the existing approach by transforming attack simulation into a data analysis question. Cymptom agentless scanning brings real-time always-on visibility into the entire security posture.",
                "category": "Vulnerability Management",
                "commands": [
                    {
                        "name": "cymptom-get-mitigations",
                        "description": "This command returns mitigations recommended by Cymptom"
                    },
                    {
                        "name": "cymptom-get-users-with-cracked-passwords",
                        "description": "This command returns users with cracked password"
                    }
                ]
            }
        ]
    },
    "searchRank": 10,
    "integrations": [
        {
            "name": "Cymptom",
            "imagePath": "content/packs/Cymptom/Cymptom_image.png"
        },
        {
            "name": "Active Directory Query v2",
            "imagePath": "content/packs/Active_Directory_Query/ActiveDirectoryQueryv2_image.png"
        }
    ],
    "useCases": [],
    "keywords": [],
    "dependencies": {
        "Base": {
            "mandatory": true,
            "minVersion": "1.16.0",
            "author": "Cortex XSOAR",
            "name": "Base",
            "certification": "certified"
        },
        "Active_Directory_Query": {
            "mandatory": true,
            "minVersion": "1.3.7",
            "author": "Cortex XSOAR",
            "name": "Active Directory Query",
            "certification": "certified"
        }
    }
}