{
    "1.0.0": {
        "releaseNotes": "Use the CiscoFirepower integration for unified management of firewalls, application control",
        "displayName": "1.0.0 - R180529",
        "released": "2020-11-09T18:49:27Z"
    },
    "1.0.1": {
        "releaseNotes": "\n#### Integrations\n##### Cisco Firepower\n- Fixed an issue where the **ciscofp-deploy-to-devices** command did not work in some versions of Cisco Firepower.\n- Upgraded the Docker image to demisto/python3:3.8.6.13358.\n",
        "displayName": "1.0.1 - R229790",
        "released": "2020-12-22T23:42:01Z"
    },
    "1.0.2": {
        "releaseNotes": "\n#### Integrations\n##### Cisco Firepower\n- Fixed an issue where the **ciscofp-list-ise-security-group-tag** command was incorrectly handled in the code.\n- Upgraded the Docker image to demisto/python3:3.8.6.14516.\n",
        "displayName": "1.0.2 - R264879",
        "released": "2020-12-30T23:44:01Z"
    },
    "1.0.3": {
        "releaseNotes": "\n#### Integrations\n##### Cisco Firepower\n- Added 2 commands:\n  - ***ciscofp-get-url-groups-object***\n  - ***ciscofp-update-url-groups-objects***\n- Added the *container_uuid* argument to the ***ciscofp-get-deployable-devices*** command.\n- Updated the docker image to *demisto/python3:3.9.4.18682*.\n",
        "displayName": "1.0.3 - 349049",
        "released": "2021-05-06T23:03:44Z"
    },
    "1.0.4": {
        "releaseNotes": "\n#### Integrations\n##### Cisco Firepower\n- Updated arguments descriptions.\n- Updated the docker image to: *demisto/python3:3.9.4.19537*.\n",
        "displayName": "1.0.4 - 349257",
        "released": "2021-05-07T22:58:19Z"
    },
    "1.0.5": {
        "releaseNotes": "#### Integrations\n##### Cisco Firepower\n- Upgraded the Docker image to: *demisto/python3:3.9.5.20070*.",
        "displayName": "1.0.5 - 378296",
        "released": "2021-06-06T23:20:35Z"
    },
    "1.0.6": {
        "releaseNotes": "#### Integrations\n##### Cisco Firepower\n- Upgraded the Docker image to: *demisto/python3:3.9.5.21272*.",
        "displayName": "1.0.6 - 388541",
        "released": "2021-06-22T23:28:47Z"
    },
    "1.0.7": {
        "releaseNotes": "#### Integrations\n##### Cisco Firepower\n- Upgraded the Docker image to: *demisto/python3:3.9.6.22912*.",
        "displayName": "1.0.7 - 399371",
        "released": "2021-07-18T23:39:09Z"
    },
    "1.0.8": {
        "releaseNotes": "#### Integrations\n##### Cisco Firepower\n- Updated the Docker image to: *demisto/python3:3.9.6.24019*.",
        "displayName": "1.0.8 - 7401319",
        "released": "2021-09-01T21:16:51Z"
    },
    "1.0.9": {
        "releaseNotes": "#### Integrations\n##### Cisco Firepower\n- Updated the Docker image to: *demisto/python3:3.9.7.24076*.",
        "displayName": "1.0.9 - R1855807",
        "released": "2021-10-27T21:14:08Z"
    },
    "1.1.0": {
        "releaseNotes": "#### Playbooks\n##### New: Cisco FirePower- Append network group object\nThis playbook will append a network group object with new elements (IPs or network objects). (Available from Cortex XSOAR 6.0.0).",
        "displayName": "1.1.0 - 1938694",
        "released": "2021-11-12T09:26:50Z"
    },
    "1.1.1": {
        "releaseNotes": "#### Integrations\n##### Cisco Firepower\n- Updated the Docker image to: *demisto/python3:3.9.8.24399*.",
        "displayName": "1.1.1 - 2009340",
        "released": "2021-11-25T21:19:38Z"
    }
}