{
    "name": "CiscoFirepower",
    "id": "CiscoFirepower",
    "description": "Use the CiscoFirepower integration for unified management of firewalls, application control",
    "created": "2020-11-09T18:49:27Z",
    "updated": "2021-05-07T22:58:19Z",
    "legacy": true,
    "support": "xsoar",
    "supportDetails": {
        "url": "https://www.paloaltonetworks.com/cortex"
    },
    "eulaLink": "https://github.com/demisto/content/blob/master/LICENSE",
    "author": "Cortex XSOAR",
    "authorImage": "content/packs/Base/Author_image.png",
    "certification": "certified",
    "price": 0,
    "serverMinVersion": "5.0.0",
    "currentVersion": "1.0.4",
    "versionInfo": "377478",
    "commit": "809cf21952a29edc0ab546961a7a896e4ef82828",
    "downloads": 675,
    "tags": [],
    "categories": [
        "Network Security"
    ],
    "contentItems": {
        "integration": [
            {
                "name": "Cisco Firepower",
                "description": "Use the Cisco Firepower integration for unified management of firewalls, application control, intrusion prevention, URL filtering, and advanced malware protection.",
                "category": "Network Security",
                "commands": [
                    {
                        "name": "ciscofp-list-zones",
                        "description": "Retrieves a list of all security zone objects."
                    },
                    {
                        "name": "ciscofp-list-ports",
                        "description": "Retrieves list of all port objects."
                    },
                    {
                        "name": "ciscofp-list-url-categories",
                        "description": "Retrieves a list of all URL category objects."
                    },
                    {
                        "name": "ciscofp-get-network-object",
                        "description": "Retrieves the network objects associated with the specified ID. If not supplied, retrieves a list of all network objects."
                    },
                    {
                        "name": "ciscofp-create-network-object",
                        "description": "Creates a network object."
                    },
                    {
                        "name": "ciscofp-update-network-object",
                        "description": "Updates the specified network object."
                    },
                    {
                        "name": "ciscofp-get-network-groups-object",
                        "description": "Retrieves the groups of network objects and addresses associated with the specified ID. If not supplied, retrieves a list of all network objects."
                    },
                    {
                        "name": "ciscofp-create-network-groups-objects",
                        "description": "Creates a group of network objects."
                    },
                    {
                        "name": "ciscofp-update-network-groups-objects",
                        "description": "Updates a group of network objects."
                    },
                    {
                        "name": "ciscofp-delete-network-groups-objects",
                        "description": "Deletes a group of network objects."
                    },
                    {
                        "name": "ciscofp-get-host-object",
                        "description": "Retrieves the groups of host objects associated with the specified ID. If no ID is passed, the input ID retrieves a list of all network objects."
                    },
                    {
                        "name": "ciscofp-create-host-object",
                        "description": "Creates a host object."
                    },
                    {
                        "name": "ciscofp-update-host-object",
                        "description": "Updates the specified host object."
                    },
                    {
                        "name": "ciscofp-delete-network-object",
                        "description": "Deletes the specified network object."
                    },
                    {
                        "name": "ciscofp-delete-host-object",
                        "description": "Deletes the specified host object."
                    },
                    {
                        "name": "ciscofp-get-access-policy",
                        "description": "Retrieves the access control policy associated with the specified ID. If no access policy ID is passed, all access control policies are returned."
                    },
                    {
                        "name": "ciscofp-create-access-policy",
                        "description": "Creates an access control policy."
                    },
                    {
                        "name": "ciscofp-update-access-policy",
                        "description": "Updates the specified access control policy."
                    },
                    {
                        "name": "ciscofp-delete-access-policy",
                        "description": "Deletes the specified access control policy."
                    },
                    {
                        "name": "ciscofp-list-security-group-tags",
                        "description": "Retrieves a list of all custom security group tag objects."
                    },
                    {
                        "name": "ciscofp-list-ise-security-group-tag",
                        "description": "Retrieves a list of all ISE security group tag objects."
                    },
                    {
                        "name": "ciscofp-list-vlan-tags",
                        "description": "Retrieves a list of all vlantag objects."
                    },
                    {
                        "name": "ciscofp-list-vlan-tags-group",
                        "description": "Retrieves a list of all vlan group tag objects."
                    },
                    {
                        "name": "ciscofp-list-applications",
                        "description": "Retrieves a list of all application objects."
                    },
                    {
                        "name": "ciscofp-get-access-rules",
                        "description": "Retrieves the access control rule associated with the specified policy ID and rule ID. If no rule ID is specified, retrieves a list of all access rules associated with the specified policy ID."
                    },
                    {
                        "name": "ciscofp-create-access-rules",
                        "description": "Creates an access control rule."
                    },
                    {
                        "name": "ciscofp-update-access-rules",
                        "description": "Updates the specified access control rule."
                    },
                    {
                        "name": "ciscofp-delete-access-rules",
                        "description": "Deletes the specified access control rule."
                    },
                    {
                        "name": "ciscofp-list-policy-assignments",
                        "description": "Retrieves a list of all policy assignments to target devices."
                    },
                    {
                        "name": "ciscofp-create-policy-assignments",
                        "description": "Creates policy assignments to target devices."
                    },
                    {
                        "name": "ciscofp-update-policy-assignments",
                        "description": "Updates the specified policy assignments to target devices."
                    },
                    {
                        "name": "ciscofp-get-deployable-devices",
                        "description": "Retrieves a list of all devices with configuration changes that are ready to deploy."
                    },
                    {
                        "name": "ciscofp-get-device-records",
                        "description": "Retrieves list of all device records."
                    },
                    {
                        "name": "ciscofp-deploy-to-devices",
                        "description": "Creates a request for deploying configuration changes to devices."
                    },
                    {
                        "name": "ciscofp-get-task-status",
                        "description": "Retrieves information about a previously submitted pending job or task with the specified ID. Used for deploying."
                    },
                    {
                        "name": "ciscofp-get-url-groups-object",
                        "description": "Retrieves the groups of url objects and addresses associated with the specified ID. If not supplied, retrieves a list of all url objects."
                    },
                    {
                        "name": "ciscofp-update-url-groups-objects",
                        "description": "Updates the ID of a group of url objects."
                    }
                ]
            }
        ]
    },
    "searchRank": 10,
    "integrations": [
        {
            "name": "Cisco Firepower",
            "imagePath": "content/packs/CiscoFirepower/CiscoFirepower_image.png"
        }
    ],
    "useCases": [],
    "keywords": [],
    "dependencies": {
        "Base": {
            "mandatory": true,
            "minVersion": "1.12.2",
            "author": "Cortex XSOAR",
            "name": "Base",
            "certification": "certified"
        }
    }
}