{
    "name": "Titaniam Protect",
    "id": "TitaniamProtect",
    "description": "Add FIPS 140-2 encryption, least privilege data access, data residency, GDPR, HIPAA and CCPA compliance to your Cortex XSOAR.",
    "created": "2021-06-28T20:56:48Z",
    "updated": "2021-10-19T17:48:47Z",
    "legacy": false,
    "support": "partner",
    "supportDetails": {
        "url": "https://www.titaniamlabs.com/contact-titaniam/",
        "email": "support@titaniamlabs.com"
    },
    "eulaLink": "http://docs.titaniamlabs.com/license/quadrapancp/20210715_Click_Thru_Titaniam_Subscription_Agreement_for_Palo_Alto_Networks_Form.html",
    "author": "Titaniam",
    "authorImage": "content/packs/TitaniamProtect/Author_image.png",
    "certification": "certified",
    "price": 120,
    "serverMinVersion": "6.0.0",
    "currentVersion": "1.0.0",
    "versionInfo": "4859",
    "commit": "",
    "downloads": 0,
    "tags": [
        "PII",
        "Incident Handling",
        "GDPR",
        "Compliance"
    ],
    "categories": [
        "Utilities"
    ],
    "contentItems": {
        "playbook": [
            {
                "name": "TitaniamProtect",
                "description": "Perform protect/unprotect (encode/decode) operations on one or more incidents."
            },
            {
                "name": "TitaniamSync",
                "description": "Finds unprotected incidents matching specified search criteria and runs TitaniamProtect encode operation on incidents found."
            },
            {
                "name": "TitaniamRollback",
                "description": "Finds protected incidents matching specified search criteria and runs TitaniamProtect decode operation on incidents found."
            }
        ],
        "automation": [
            {
                "name": "TitaniamProtectIncident",
                "description": "Protect/Unprotect (Code/Decode) incident sensitive information per specified mapping schema.",
                "tags": [
                    "preProcessing",
                    "Utilities"
                ]
            },
            {
                "name": "TitaniamFindIncidents",
                "description": "Search for protected or unprotected incidents.",
                "tags": [
                    "Utility"
                ]
            }
        ],
        "layoutscontainer": [
            {
                "name": "Titaniam Protect",
                "description": "TitaniamProtect layout providing access to protected incident data."
            }
        ],
        "incidentfield": [
            {
                "name": "ProtectedFields",
                "type": "grid",
                "description": "TitaniamProtect protected fields"
            }
        ],
        "incidenttype": [
            {
                "name": "Titaniam Protect",
                "playbook": "TitaniamProtect",
                "closureScript": "",
                "hours": 0,
                "days": 0,
                "weeks": 0
            }
        ],
        "integration": [
            {
                "name": "TitaniamProtect (Partner Contribution)",
                "description": "TitaniamProtect protects incidents data inside the Cortex XSOAR platform.",
                "category": "Utilities",
                "commands": [
                    {
                        "name": "titaniamprotect-encode",
                        "description": "Encode a JSON document per specified schema"
                    },
                    {
                        "name": "titaniamprotect-decode",
                        "description": "Decode JSON document per specified schema"
                    }
                ]
            }
        ]
    },
    "searchRank": 10,
    "integrations": [
        {
            "name": "TitaniamProtect",
            "imagePath": "content/packs/TitaniamProtect/TitaniamProtect_image.png"
        }
    ],
    "useCases": [],
    "keywords": [],
    "dependencies": {
        "Base": {
            "mandatory": true,
            "minVersion": "1.13.39",
            "author": "Cortex XSOAR",
            "name": "Base",
            "certification": "certified"
        }
    },
    "premium": true,
    "vendorId": "414268",
    "partnerId": "titaniamlabs-4761",
    "partnerName": "Titaniam, Inc.",
    "contentCommitHash": "201f9c44e5f7cbbf539cc60ebdf8625f70f011b3",
    "previewOnly": false
}