{
    "1.0.3": {
        "releaseNotes": "\n#### Integrations\n##### RTIR\n- Improved ticket attachment parsing\n",
        "displayName": "1.0.3 - 60526",
        "released": "2020-06-30T20:23:18Z"
    },
    "1.0.4": {
        "releaseNotes": "\n#### Integrations\n##### RTIR\n- Update exceptions syntax to be compatible with both Python 2 and Python 3.\n",
        "displayName": "1.0.4 - R180529",
        "released": "2020-11-09T18:45:52Z"
    },
    "1.0.5": {
        "releaseNotes": "\n#### Integrations\n##### RTIR\nFixed an issue where the integration commands failed on when non-ASCII characters were passed.\n",
        "displayName": "1.0.5 - R264879",
        "released": "2020-11-15T08:58:25Z"
    },
    "1.0.6": {
        "releaseNotes": "#### Integrations\n##### RTIR\n- Upgraded the Docker image to: *demisto/python:2.7.18.20958*.",
        "displayName": "1.0.6 - 383163",
        "released": "2021-06-10T22:56:56Z"
    },
    "1.0.7": {
        "releaseNotes": "#### Integrations\n##### RTIR\n- Upgraded the Docker image to: *demisto/python:2.7.18.22912*.",
        "displayName": "1.0.7 - 411157",
        "released": "2021-08-13T00:20:56Z"
    },
    "1.0.8": {
        "releaseNotes": "#### Integrations\n##### RTIR\n- Updated the Docker image to: *demisto/python:2.7.18.24019*.",
        "displayName": "1.0.8 - 7423160",
        "released": "2021-09-02T21:19:13Z"
    },
    "1.0.9": {
        "releaseNotes": "#### Integrations\n##### RTIR\n- Updated the Docker image to: *demisto/python:2.7.18.24066*.",
        "displayName": "1.0.9 - 7740378",
        "released": "2021-09-23T09:46:53Z"
    },
    "1.0.10": {
        "releaseNotes": "#### Integrations\n##### RTIR\n- Updated the Docker image to: *demisto/python:2.7.18.24398*.",
        "displayName": "1.0.10 - 1959372",
        "released": "2021-11-16T13:38:07Z"
    }
}