{
    "name": "RTIR",
    "id": "RTIR",
    "description": "Request Tracker for Incident Response is a ticketing system which provides pre-configured queues and workflows designed for incident response teams.",
    "created": "2020-06-30T20:23:18Z",
    "updated": "2021-06-10T22:56:56Z",
    "legacy": true,
    "support": "xsoar",
    "supportDetails": {
        "url": "https://www.paloaltonetworks.com/cortex"
    },
    "eulaLink": "https://github.com/demisto/content/blob/master/LICENSE",
    "author": "Cortex XSOAR",
    "authorImage": "content/packs/Base/Author_image.png",
    "certification": "certified",
    "price": 0,
    "serverMinVersion": "5.0.0",
    "currentVersion": "1.0.6",
    "versionInfo": "411022",
    "commit": "d3dd00e58b41e4326f9fc8e01418cbfbc4a7d700",
    "downloads": 574,
    "tags": [],
    "categories": [
        "Case Management"
    ],
    "contentItems": {
        "integration": [
            {
                "name": "RTIR",
                "description": "Request Tracker for Incident Response is a ticketing system which provides pre-configured queues and workflows designed for incident response teams.",
                "category": "Case Management",
                "commands": [
                    {
                        "name": "rtir-create-ticket",
                        "description": "Create new ticket on RTIR"
                    },
                    {
                        "name": "rtir-search-ticket",
                        "description": "Search for tickets on RTIR"
                    },
                    {
                        "name": "rtir-resolve-ticket",
                        "description": "Sets a ticket as resolved on RTIR"
                    },
                    {
                        "name": "rtir-edit-ticket",
                        "description": "Modify a ticket on RTIR"
                    },
                    {
                        "name": "rtir-ticket-history",
                        "description": "Gets a list of all the history items for a given ticket."
                    },
                    {
                        "name": "rtir-get-ticket",
                        "description": "Gets the data for a single ticket."
                    },
                    {
                        "name": "rtir-ticket-attachments",
                        "description": "Gets a list of all attachments details and data content related to the ticket."
                    },
                    {
                        "name": "rtir-add-comment",
                        "description": "Add a comment to an existing ticket."
                    },
                    {
                        "name": "rtir-add-reply",
                        "description": "Send a reply from an existing ticket to the user"
                    }
                ]
            }
        ]
    },
    "searchRank": 10,
    "integrations": [
        {
            "name": "RTIR",
            "imagePath": "content/packs/RTIR/RTIR_image.png"
        }
    ],
    "useCases": [],
    "keywords": [],
    "dependencies": {
        "Base": {
            "mandatory": true,
            "minVersion": "1.13.15",
            "author": "Cortex XSOAR",
            "name": "Base",
            "certification": "certified"
        }
    }
}