{
    "name": "Confluera",
    "id": "Confluera",
    "description": "This content pack uses the Confluera integration to fetch detections & progressions from confluera's Iq-Hub portal",
    "created": "2021-05-20T23:14:59Z",
    "updated": "2021-06-07T22:55:35Z",
    "legacy": true,
    "support": "partner",
    "supportDetails": {
        "url": "https://www.confluera.com",
        "email": "support@confluera.com"
    },
    "eulaLink": "https://github.com/demisto/content/blob/master/LICENSE",
    "author": "confluera",
    "authorImage": "",
    "certification": "certified",
    "price": 0,
    "serverMinVersion": "6.0.0",
    "currentVersion": "1.0.1",
    "versionInfo": "387494",
    "commit": "3f3a9c4cb56dee47a14c97d6e2097eae74535154",
    "downloads": 17,
    "tags": [],
    "categories": [
        "Network Security"
    ],
    "contentItems": {
        "dashboard": [
            {
                "name": "Confluera Dashboard"
            }
        ],
        "incidenttype": [
            {
                "name": "Confluera Incident",
                "playbook": "IQ-HUB Automation",
                "closureScript": "",
                "hours": 0,
                "days": 0,
                "weeks": 0
            }
        ],
        "integration": [
            {
                "name": "Confluera (Partner Contribution)",
                "description": "This is the confluera Iq-Hub integration with cortex.",
                "category": "Network Security",
                "commands": [
                    {
                        "name": "confluera-fetch-detections",
                        "description": "Fetches list of detections in confluera for past x hours."
                    },
                    {
                        "name": "confluera-fetch-progressions",
                        "description": "Fetches list of progressions in confluera for past x hours."
                    },
                    {
                        "name": "confluera-fetch-trail-details",
                        "description": "Fetches progression details of which provided trailId is a part of."
                    }
                ]
            }
        ],
        "layoutscontainer": [
            {
                "name": "Confluera Layout",
                "description": ""
            }
        ],
        "playbook": [
            {
                "name": "IQ-HUB Automation",
                "description": "This playbook is used to retrieve real-time detections and progressions data generated by events on different systems present in the network."
            }
        ],
        "report": [
            {
                "name": "IQ-Hub Report",
                "description": "Confluera Iqhub report"
            }
        ],
        "automation": [
            {
                "name": "ConflueraDetectionsCount",
                "description": "Logs detections count",
                "tags": []
            },
            {
                "name": "ConflueraDetectionsData",
                "description": "Logs detections data ( detection vs risk-contribution )",
                "tags": []
            },
            {
                "name": "ConflueraDetectionsDataWarroom",
                "description": "Logs detections data ( detection vs risk-contribution )",
                "tags": [
                    "dynamic-section"
                ]
            },
            {
                "name": "ConflueraDetectionsSummary",
                "description": "Logs detections data ( categories of detections )",
                "tags": []
            },
            {
                "name": "ConflueraDetectionsSummaryWarroom",
                "description": "Logs detections data ( categories of detections )",
                "tags": []
            },
            {
                "name": "ConflueraProgressionsCount",
                "description": "Logs progressions count",
                "tags": []
            },
            {
                "name": "ConflueraProgressionsData",
                "description": "Logs progressions data ( progression vs risk-score )",
                "tags": []
            },
            {
                "name": "ConflueraProgressionsDataWarroom",
                "description": "Logs progressions data ( progression vs risk-score )",
                "tags": []
            },
            {
                "name": "IqHubLog",
                "description": "Logs detection and progression count with respective links to confluera's IQ-Hub portal\nin tabular format",
                "tags": []
            }
        ],
        "widget": [
            {
                "name": "Confluera Detections Count",
                "dataType": "scripts",
                "widgetType": "number"
            },
            {
                "name": "Confluera Detections Data",
                "dataType": "scripts",
                "widgetType": "column"
            },
            {
                "name": "Confluera Detections Summary",
                "dataType": "scripts",
                "widgetType": "pie"
            },
            {
                "name": "IQ-HUB Log",
                "dataType": "scripts",
                "widgetType": "table"
            },
            {
                "name": "Confluera Progressions Count",
                "dataType": "scripts",
                "widgetType": "number"
            },
            {
                "name": "Confluera Progressions Data",
                "dataType": "scripts",
                "widgetType": "bar"
            }
        ]
    },
    "searchRank": 10,
    "integrations": [
        {
            "name": "Confluera",
            "imagePath": "content/packs/Confluera/Confluera_image.png"
        }
    ],
    "useCases": [],
    "keywords": [],
    "dependencies": {
        "Base": {
            "mandatory": true,
            "minVersion": "1.12.12",
            "author": "Cortex XSOAR",
            "name": "Base",
            "certification": "certified"
        }
    }
}