{
    "1.0.0": {
        "releaseNotes": "Content pack includes integration for Mantis Bug tracker, Mantis Bug Tracker is a free and open source, web-based bug tracking system",
        "displayName": "1.0.0 - 7535528",
        "released": "2021-01-27T23:05:20Z"
    },
    "1.0.1": {
        "releaseNotes": "#### Integrations\n##### Mantis\n- Updated the Docker image to: *demisto/python3:3.9.7.24076*.",
        "displayName": "1.0.1 - R2009340",
        "released": "2021-11-25T21:17:38Z"
    }
}