{
    "name": "Mantis",
    "id": "Mantis",
    "description": "Content pack includes integration for Mantis Bug tracker, Mantis Bug Tracker is a free and open source, web-based bug tracking system",
    "created": "2021-01-27T23:05:20Z",
    "updated": "2021-01-27T23:05:20Z",
    "legacy": true,
    "support": "community",
    "supportDetails": {},
    "eulaLink": "https://github.com/demisto/content/blob/master/LICENSE",
    "author": "ssudheerk99",
    "authorImage": "",
    "certification": "",
    "price": 0,
    "serverMinVersion": "6.0.0",
    "currentVersion": "1.0.0",
    "versionInfo": "7535528",
    "commit": "36316231c05d48f3cc1ccfd96375380ffbd879d7",
    "downloads": 164,
    "tags": [],
    "categories": [],
    "contentItems": {
        "integration": [
            {
                "name": "Mantis (Community Contribution)",
                "description": "create and update issues in MantisBT,MantisBT is a popular free web-based bug tracking system",
                "category": "Authentication",
                "commands": [
                    {
                        "name": "mantis-get-issue-by-id",
                        "description": "get details of the mantis issue"
                    },
                    {
                        "name": "mantis-create-issue",
                        "description": "create a Mantis issue"
                    },
                    {
                        "name": "mantis-get-issues",
                        "description": "get a list of mantis issues"
                    },
                    {
                        "name": "mantis-add-note",
                        "description": "add Note to a Mantis issue"
                    },
                    {
                        "name": "mantis-close-issue",
                        "description": "close a Mantis issue"
                    }
                ]
            }
        ]
    },
    "searchRank": 0,
    "integrations": [
        {
            "name": "Mantis",
            "imagePath": "content/packs/Mantis/Mantis_image.png"
        }
    ],
    "useCases": [],
    "keywords": [],
    "dependencies": {
        "Base": {
            "mandatory": true,
            "minVersion": "1.13.30",
            "author": "Cortex XSOAR",
            "name": "Base",
            "certification": "certified"
        }
    }
}