{
    "1.1.1": {
        "releaseNotes": "\n",
        "displayName": "1.1.1 - R180529",
        "released": "2020-11-09T18:42:55Z"
    },
    "1.1.2": {
        "releaseNotes": "\n#### Incident Fields\nUpdated the following incident fields to conform to the new schema:\n- **Suggestions and discussion of how to improve the team**\n- **What were the areas where the CIRT teams were effective?**\n- **How was the incident contained and eradicated?**\n- **What was the work performed during recovery?**\n- **What was the scope of the incident?**\n- **When was the problem first detected and by whom?**\n- **What are the areas that need improvement?**\n- **SANS Stage**\n",
        "displayName": "1.1.2 - R264879",
        "released": "2020-12-14T23:36:46Z"
    }
}