{
    "name": "SANS",
    "id": "SANS",
    "description": "This SANS Content Pack helps you streamline incident response according to SANS guidelines as outlined in the SANS Incident Handler\u2019s Handbook.",
    "created": "2020-05-03T13:07:27Z",
    "updated": "2020-11-09T18:42:55Z",
    "legacy": true,
    "support": "xsoar",
    "supportDetails": {
        "url": "https://www.paloaltonetworks.com/cortex"
    },
    "eulaLink": "https://github.com/demisto/content/blob/master/LICENSE",
    "author": "Cortex XSOAR",
    "authorImage": "content/packs/Base/Author_image.png",
    "certification": "certified",
    "price": 0,
    "serverMinVersion": "6.0.0",
    "currentVersion": "1.1.1",
    "versionInfo": "180529",
    "commit": "e7918854f3b36e9a31c834e42fc59bfd773110e7",
    "downloads": 300,
    "tags": [
        "Incident Handling"
    ],
    "categories": [
        "Case Management"
    ],
    "contentItems": {
        "layoutscontainer": [
            {
                "name": "SANS Incident",
                "description": ""
            }
        ],
        "incidenttype": [
            {
                "name": "SANS",
                "playbook": "",
                "closureScript": "",
                "hours": 0,
                "days": 0,
                "weeks": 0
            }
        ],
        "playbook": [
            {
                "name": "SANS - Lessons Learned",
                "description": "This playbook assists in post-processing an incident and facilitates the lessons learned stage, as presented by SANS Institute \u2018Incident Handler\u2019s Handbook\u2019 by Patrick Kral.\n\nhttps://www.sans.org/reading-room/whitepapers/incident/incident-handlers-handbook-33901\n\n***Disclaimer: This playbook does not ensure compliance to SANS regulations."
            },
            {
                "name": "SANS - Incident Handlers Checklist",
                "description": "This playbook follows the \"Incident Handler's Checklist\" described in the SANS Institute \u2018Incident Handler\u2019s Handbook\u2019 by Patrick Kral.\n\nhttps://www.sans.org/reading-room/whitepapers/incident/incident-handlers-handbook-33901\n\n***Disclaimer: This playbook does not ensure compliance to SANS regulations."
            },
            {
                "name": "Brute Force Investigation - Generic - SANS",
                "description": "This playbook investigates a \"Brute Force\" incident by gathering user and IP information, and calculating the incident severity based on the gathered information and information received from the user. It then performs remediation.\nThis is done based on the phases for handling an incident as they are described in the SANS Institute \u00e2\u20ac\u02dcIncident Handler\u00e2\u20ac\u2122s Handbook\u00e2\u20ac\u2122 by Patrick Kral.\n\nhttps://www.sans.org/reading-room/whitepapers/incident/incident-handlers-handbook-33901\n\nThe playbook handles the following use-cases:\n\n* Brute Force IP Detected - A detection of source IPs that are exceeding a high threshold of rejected and/or invalid logins. \n* Brute Force Increase Percentage - A detection of large increase percentages in various brute force statistics over different periods of time.\n* Brute Force Potentially Compromised Accounts - A detection of accounts that have shown high amount of failed logins with one successful login.\n\nUsed Sub-playbooks:\n- IP Enrichment - Generic v2\n- Account Enrichment - Generic v2.1\n- Calculate Severity - Critical Assets v2\n- Isolate Endpoint - Generic\n- Block Indicators - Generic v2\n- SANS - Lessons Learned\n\n***Disclaimer: This playbook does not ensure compliance to SANS regulations."
            },
            {
                "name": "SANS - Incident Handler's Handbook Template",
                "description": "This playbook contains the phases for handling an incident as they are described in the SANS Institute \u2018Incident Handler's Handbook\u2019 by Patrick Kral.\n\nhttps://www.sans.org/reading-room/whitepapers/incident/incident-handlers-handbook-33901\n\n***Disclaimer: This playbook does not ensure compliance to SANS regulations."
            }
        ],
        "incidentfield": [
            {
                "name": "When was the problem first detected and by whom?",
                "type": "shortText",
                "description": "When was the problem first detected and by whom?"
            },
            {
                "name": "Suggestions and discussion of how to improve the team",
                "type": "shortText",
                "description": "Share ideas and information in order to improve team effectiveness in future incidents."
            },
            {
                "name": "What are the areas that need improvement?",
                "type": "shortText",
                "description": "What are the areas that need improvement?"
            },
            {
                "name": "What was the work performed during recovery?",
                "type": "shortText",
                "description": "What was the work performed during recovery?"
            },
            {
                "name": "SANS Stage",
                "type": "shortText",
                "description": "SANS stage"
            },
            {
                "name": "How was the incident contained and eradicated?",
                "type": "shortText",
                "description": "How was the incident contained and eradicated?"
            },
            {
                "name": "What was the scope of the incident?",
                "type": "shortText",
                "description": "What was the scope of the incident?"
            },
            {
                "name": "What were the areas where the CIRT teams were effective?",
                "type": "shortText",
                "description": "What were the areas where the CIRT teams were effective?"
            }
        ]
    },
    "integrations": [
        {
            "name": "Microsoft Graph Mail Single User",
            "imagePath": "content/packs/MicrosoftGraphListener/MicrosoftGraphMailSingleUser_image.png"
        },
        {
            "name": "EWS Mail Sender",
            "imagePath": "content/packs/EWSMailSender/EWSMailSender_image.png"
        },
        {
            "name": "Mail Sender (New)",
            "imagePath": "content/packs/MailSenderNew/MailSender%28New%29_image.png"
        },
        {
            "name": "Microsoft Graph Mail",
            "imagePath": "content/packs/MicrosoftGraphMail/MicrosoftGraphMail_image.png"
        },
        {
            "name": "EWS O365",
            "imagePath": "content/packs/EWS/EWSO365_image.png"
        },
        {
            "name": "EWS v2",
            "imagePath": "content/packs/EWS/EWSv2_image.png"
        },
        {
            "name": "Gmail Single User (Beta)",
            "imagePath": "content/packs/GmailSingleUser/GmailSingleUser_image.png"
        },
        {
            "name": "Gmail",
            "imagePath": "content/packs/Gmail/Gmail_image.png"
        },
        {
            "name": "Active Directory Query v2",
            "imagePath": "content/packs/Active_Directory_Query/ActiveDirectoryQueryv2_image.png"
        },
        {
            "name": "EWS (Deprecated)",
            "imagePath": "content/packs/EWS/EWS_image.png"
        }
    ],
    "useCases": [
        "SANS"
    ],
    "keywords": [],
    "dependencies": {
        "CommonTypes": {
            "mandatory": true,
            "minVersion": "2.2.1",
            "author": "Cortex XSOAR",
            "name": "Common Types",
            "certification": "certified"
        },
        "MicrosoftGraphListener": {
            "mandatory": false,
            "minVersion": "1.0.9",
            "author": "Cortex XSOAR",
            "name": "Microsoft Graph Mail Single User",
            "certification": "certified"
        },
        "BruteForce": {
            "mandatory": true,
            "minVersion": "1.2.1",
            "author": "Cortex XSOAR",
            "name": "Brute Force",
            "certification": "certified"
        },
        "Compliance": {
            "mandatory": true,
            "minVersion": "1.0.6",
            "author": "Cortex XSOAR",
            "name": "Compliance",
            "certification": "certified"
        },
        "CommonPlaybooks": {
            "mandatory": true,
            "minVersion": "1.8.5",
            "author": "Cortex XSOAR",
            "name": "Common Playbooks",
            "certification": "certified"
        },
        "Base": {
            "mandatory": true,
            "minVersion": "1.3.33",
            "author": "Cortex XSOAR",
            "name": "Base",
            "certification": "certified"
        },
        "Gmail": {
            "mandatory": false,
            "minVersion": "1.1.1",
            "author": "Cortex XSOAR",
            "name": "Gmail",
            "certification": "certified"
        },
        "CommonScripts": {
            "mandatory": true,
            "minVersion": "1.2.75",
            "author": "Cortex XSOAR",
            "name": "Common Scripts",
            "certification": "certified"
        },
        "Active_Directory_Query": {
            "mandatory": false,
            "minVersion": "1.1.0",
            "author": "Cortex XSOAR",
            "name": "Active Directory Query",
            "certification": "certified"
        },
        "GmailSingleUser": {
            "mandatory": false,
            "minVersion": "1.0.2",
            "author": "Cortex XSOAR",
            "name": "Gmail Single User (Beta)",
            "certification": "certified"
        },
        "MailSenderNew": {
            "mandatory": false,
            "minVersion": "1.0.1",
            "author": "Cortex XSOAR",
            "name": "Mail Sender (New)",
            "certification": "certified"
        },
        "EWS": {
            "mandatory": false,
            "minVersion": "1.4.0",
            "author": "Cortex XSOAR",
            "name": "EWS",
            "certification": "certified"
        },
        "MicrosoftGraphMail": {
            "mandatory": false,
            "minVersion": "1.0.13",
            "author": "Cortex XSOAR",
            "name": "Microsoft Graph Mail",
            "certification": "certified"
        },
        "EWSMailSender": {
            "mandatory": false,
            "minVersion": "1.0.0",
            "author": "Cortex XSOAR",
            "name": "EWS Mail Sender",
            "certification": "certified"
        }
    }
}