{
    "1.0.0": {
        "releaseNotes": "Fetch alert types, delete or recover alerts, retrieve an alert's metadata, and create or view alert feedback.",
        "displayName": "1.0.0 - 411022",
        "released": "2021-05-05T22:49:28Z"
    },
    "1.0.1": {
        "releaseNotes": "#### Integrations\n##### G Suite Security Alert Center\n- Upgraded the Docker image to: *demisto/googleapi-python3:1.0.0.23531*.",
        "displayName": "1.0.1 - 411157",
        "released": "2021-08-13T00:24:06Z"
    },
    "1.0.2": {
        "releaseNotes": "#### Integrations\n##### G Suite Security Alert Center\n- Updated the Docker image to: *demisto/googleapi-python3:1.0.0.24037*.",
        "displayName": "1.0.2 - 7423160",
        "released": "2021-09-02T21:20:50Z"
    },
    "1.1.0": {
        "releaseNotes": "#### Integrations\n##### G Suite Security Alert Center\nAdded a more informative message if an error occurs in the *user_service_account_json* parameter in *GSuite client*.",
        "displayName": "1.1.0  -  1812291",
        "released": "2021-10-18T21:17:28Z"
    }
}