{
    "name": "G Suite Security Alert Center",
    "id": "GSuiteSecurityAlertCenter",
    "description": "Fetch alert types, delete or recover alerts, retrieve an alert's metadata, and create or view alert feedback.",
    "created": "2021-05-05T22:49:28Z",
    "updated": "2021-09-02T21:20:50Z",
    "legacy": true,
    "support": "xsoar",
    "supportDetails": {
        "url": "https://www.paloaltonetworks.com/cortex"
    },
    "eulaLink": "https://github.com/demisto/content/blob/master/LICENSE",
    "author": "Cortex XSOAR",
    "authorImage": "content/packs/Base/Author_image.png",
    "certification": "certified",
    "price": 0,
    "serverMinVersion": "5.0.0",
    "currentVersion": "1.0.2",
    "versionInfo": "1809851",
    "commit": "3eee10b52089352769e579771a373834240c3511",
    "downloads": 166,
    "tags": [
        "Use Case",
        "Threat Intelligence",
        "Attack",
        "Alerts"
    ],
    "categories": [
        "Data Enrichment & Threat Intelligence"
    ],
    "contentItems": {
        "incidenttype": [
            {
                "name": "G Suite Security Alert Center",
                "playbook": "",
                "closureScript": "",
                "hours": 0,
                "days": 0,
                "weeks": 0
            }
        ],
        "classifier": [
            {
                "name": "G Suite Security Alert Center - Classifier",
                "description": "Classifies G Suite Security Alert Center Incidents."
            },
            {
                "name": "G Suite Security Alert Center - Mapper",
                "description": "Maps incoming G Suite Security Alert Center incident fields."
            }
        ],
        "integration": [
            {
                "name": "G Suite Security Alert Center",
                "description": "G Suite Security Alert Center allows users to fetch different alert types such as Suspicious login, Device compromised, Leaked password, and more. Users can delete or recover a single alert or a batch of alerts and retrieve the alert's metadata. This integration allows users to provide feedback for alerts and fetch existing feedback for a particular alert.",
                "category": "Data Enrichment & Threat Intelligence",
                "commands": [
                    {
                        "name": "gsac-alert-list",
                        "description": "Lists the alerts. Use the filter to filter the list by various alert types.\nNote: The alerts that have been marked for deletion in the past 30 days will still be visible."
                    },
                    {
                        "name": "gsac-alert-get",
                        "description": "Gets the specified alert. \nNote: To get the alert_id, execute the gsac-alert-list  command."
                    },
                    {
                        "name": "gsac-alert-feedback-create",
                        "description": "Creates new feedback for an alert."
                    },
                    {
                        "name": "gsac-alert-feedback-list",
                        "description": "Lists all the feedback for an alert."
                    },
                    {
                        "name": "gsac-alert-delete",
                        "description": "Performs delete operation on alerts.\nNote: The alerts that are marked for deletion will be removed from the Alert Center after 30 days."
                    },
                    {
                        "name": "gsac-alert-recover",
                        "description": "Performs a recover operation on alerts.\nNote: Recovers the alerts that were marked for deletion within the past 30 days."
                    }
                ]
            }
        ],
        "layoutscontainer": [
            {
                "name": "G Suite Security Alert Center",
                "description": "G Suite Security Alert Center Layout"
            }
        ],
        "incidentfield": [
            {
                "name": "GSuiteSAC Alert ID",
                "type": "shortText",
                "description": "The unique identifier for the alert."
            },
            {
                "name": "GSuiteSAC Customer ID",
                "type": "shortText",
                "description": "The unique identifier of the Google account of the customer."
            },
            {
                "name": "GSuiteSAC Start Time",
                "type": "shortText",
                "description": "The time the event that caused the alert was started or detected."
            },
            {
                "name": "GSuiteSAC Alert Status",
                "type": "shortText",
                "description": "The current status of the alert."
            },
            {
                "name": "GSuiteSAC Feedback ID",
                "type": "shortText",
                "description": "The unique identifier for the feedback."
            },
            {
                "name": "GSuiteSAC Etag",
                "type": "shortText",
                "description": "Etag is used for optimistic concurrency control as a way to help prevent simultaneous updates of an alert from overwriting each other."
            },
            {
                "name": "GSuiteSAC Alert Type",
                "type": "shortText",
                "description": "The type of the alert."
            },
            {
                "name": "GSuiteSAC Security Investigation Tool Link",
                "type": "shortText",
                "description": "An optional Security Investigation Tool query for the alert."
            },
            {
                "name": "GSuiteSAC End Time",
                "type": "shortText",
                "description": "The time the event that caused the alert ceased being active."
            },
            {
                "name": "GSuiteSAC Update Time",
                "type": "shortText",
                "description": "The time the alert was last updated."
            },
            {
                "name": "GSuiteSAC Feedback Type",
                "type": "shortText",
                "description": "The type of the feedback."
            },
            {
                "name": "GSuiteSAC Deleted",
                "type": "shortText",
                "description": "True if the alert is marked for deletion."
            },
            {
                "name": "GSuiteSAC Feedback Email",
                "type": "shortText",
                "description": "The email of the user that provided the feedback."
            },
            {
                "name": "GSuiteSAC Create Time",
                "type": "shortText",
                "description": "The time the alert was created."
            },
            {
                "name": "GSuiteSAC Feedback Create Time",
                "type": "shortText",
                "description": "The time the feedback was created."
            },
            {
                "name": "GSuiteSAC Alert Severity",
                "type": "shortText",
                "description": "The severity value of the alert."
            },
            {
                "name": "GSuiteSAC Alert Source",
                "type": "shortText",
                "description": "A unique identifier for the system that reported the alert."
            }
        ]
    },
    "searchRank": 10,
    "integrations": [
        {
            "name": "G Suite Security Alert Center",
            "imagePath": "content/packs/GSuiteSecurityAlertCenter/GSuiteSecurityAlertCenter_image.png"
        }
    ],
    "useCases": [
        "Threat Intelligence Management"
    ],
    "keywords": [
        "Phishing",
        "Enrichment",
        "Threat",
        "Google",
        "GSuite",
        "Workspace"
    ],
    "dependencies": {
        "Base": {
            "mandatory": true,
            "minVersion": "1.13.39",
            "author": "Cortex XSOAR",
            "name": "Base",
            "certification": "certified"
        }
    }
}