{
    "1.0.0": {
        "releaseNotes": "Use the Google Maps Geocoding API",
        "displayName": "1.0.0 - 399754",
        "released": "2021-06-24T11:06:17Z"
    },
    "1.0.1": {
        "releaseNotes": "#### Integrations\n##### Google Maps\n- Upgraded the Docker image to: *demisto/python3:3.9.6.22912*.",
        "displayName": "1.0.1 - 400461",
        "released": "2021-07-20T12:14:37Z"
    },
    "1.0.2": {
        "releaseNotes": "#### Integrations\n##### Google Maps\n- Updated the Docker image to: *demisto/python3:3.9.6.24019*.",
        "displayName": "1.0.2 - 7465883",
        "released": "2021-09-05T21:12:38Z"
    },
    "1.0.3": {
        "releaseNotes": "#### Integrations\n##### Google Maps\n- Updated the Docker image to: *demisto/python3:3.9.7.24076*.",
        "displayName": "1.0.3 - 7640590",
        "released": "2021-09-16T21:14:09Z"
    },
    "1.0.4": {
        "releaseNotes": "#### Integrations\n##### Google Maps\n- Updated the Docker image to: *demisto/python3:3.9.8.24399*.",
        "displayName": "1.0.4 - 1968027",
        "released": "2021-11-17T21:13:40Z"
    }
}