{
    "name": "Google Maps",
    "id": "GoogleMaps",
    "description": "Use the Google Maps Geocoding API",
    "created": "2021-06-24T11:06:17Z",
    "updated": "2021-09-05T21:12:38Z",
    "legacy": true,
    "support": "xsoar",
    "supportDetails": {
        "url": "https://www.paloaltonetworks.com/cortex"
    },
    "eulaLink": "https://github.com/demisto/content/blob/master/LICENSE",
    "author": "Cortex XSOAR",
    "authorImage": "content/packs/Base/Author_image.png",
    "certification": "certified",
    "price": 0,
    "serverMinVersion": "6.0.0",
    "currentVersion": "1.0.2",
    "versionInfo": "7593170",
    "commit": "84b00244822939d0ffb38e6d148bfa750519af47",
    "downloads": 124,
    "tags": [
        "Trending"
    ],
    "categories": [
        "Utilities"
    ],
    "contentItems": {
        "integration": [
            {
                "name": "Google Maps",
                "description": "Use the Google Maps API.",
                "category": "Utilities",
                "commands": [
                    {
                        "name": "google-maps-geocode",
                        "description": "Returns the coordinates of the given physical address. Only the first result is returned (the most relevant, according to Google Maps)."
                    }
                ]
            }
        ]
    },
    "searchRank": 10,
    "integrations": [
        {
            "name": "Google Maps",
            "imagePath": "content/packs/GoogleMaps/GoogleMaps_image.png"
        }
    ],
    "useCases": [],
    "keywords": [],
    "dependencies": {
        "Base": {
            "mandatory": true,
            "minVersion": "1.13.31",
            "author": "Cortex XSOAR",
            "name": "Base",
            "certification": "certified"
        }
    }
}