{
    "1.0.0": {
        "releaseNotes": "Maltiverse helps you to analyze suspicious hashes, URLs, domains, and IP addresses.",
        "displayName": "1.0.0 - R180529",
        "released": "2020-11-09T18:47:41Z"
    },
    "1.0.1": {
        "releaseNotes": "\n#### Integrations\n##### Maltiverse\n- Removed the *fullResponse* argument from all commands.\n- Upgraded the Docker image to demisto/python3:3.8.6.14516.",
        "displayName": "1.0.1 - R262872",
        "released": "2021-01-26T11:45:44Z"
    },
    "1.0.2": {
        "releaseNotes": "\n#### Integrations\n##### Maltiverse\n- Fixed an issue where some arguments were incorrectly marked as default arguments.\n- Upgraded the Docker image to: *demisto/python3:3.9.1.14969*.\n",
        "displayName": "1.0.2 - R264879",
        "released": "2021-01-27T22:58:55Z"
    },
    "1.0.3": {
        "releaseNotes": "\n#### Integrations\n##### Maltiverse\n- Added support for the *Source Reliability* integration parameter.\n- Updated the Docker image to: *demisto/python3:3.9.2.17246*.",
        "displayName": "1.0.3 - 313637",
        "released": "2021-03-29T10:47:43Z"
    },
    "1.0.4": {
        "releaseNotes": "#### Integrations\n##### Maltiverse\n- Upgraded the Docker image to: *demisto/python3:3.9.5.20958*.",
        "displayName": "1.0.4 - 379915",
        "released": "2021-06-07T22:53:10Z"
    },
    "1.0.5": {
        "releaseNotes": "#### Integrations\n##### Maltiverse\n- Upgraded the Docker image to: *demisto/python3:3.9.5.21272*.",
        "displayName": "1.0.5 - 388541",
        "released": "2021-06-22T23:25:05Z"
    },
    "1.0.6": {
        "releaseNotes": "#### Integrations\n##### Maltiverse\n- Upgraded the Docker image to: *demisto/python3:3.9.6.22912*.",
        "displayName": "1.0.6 - 400461",
        "released": "2021-07-20T12:16:50Z"
    },
    "1.0.7": {
        "releaseNotes": "#### Integrations\n##### Maltiverse\n- Fixed an issue where the **file** command would fail when some fields were missing from the data returned by Maltiverse.",
        "displayName": "1.0.7 - 7371081",
        "released": "2021-08-31T09:18:42Z"
    },
    "1.0.8": {
        "releaseNotes": "#### Integrations\n##### Maltiverse\n- Updated the Docker image to: *demisto/python3:3.9.7.24076*.",
        "displayName": "1.0.8 - 7640590",
        "released": "2021-09-16T21:17:44Z"
    },
    "1.0.9": {
        "releaseNotes": "#### Integrations\n##### Maltiverse\n- Added array input support to the following commands:\n    - ***ip***\n    - ***domain***\n    - ***url***\n    - ***file***",
        "displayName": "1.0.9 - 1782770",
        "released": "2021-10-12T09:22:05Z"
    },
    "1.0.10": {
        "releaseNotes": "#### Integrations\n##### Maltiverse\n- Updated the Docker image to: *demisto/python3:3.9.8.24399*.",
        "displayName": "1.0.10 - 1988895",
        "released": "2021-11-21T21:15:57Z"
    }
}