{
    "name": "Maltiverse",
    "id": "Maltiverse",
    "description": "Maltiverse helps you to analyze suspicious hashes, URLs, domains, and IP addresses.",
    "created": "2020-11-09T18:47:41Z",
    "updated": "2021-01-26T11:45:44Z",
    "legacy": true,
    "support": "xsoar",
    "supportDetails": {
        "url": "https://www.paloaltonetworks.com/cortex"
    },
    "eulaLink": "https://github.com/demisto/content/blob/master/LICENSE",
    "author": "Cortex XSOAR",
    "authorImage": "content/packs/Base/Author_image.png",
    "certification": "certified",
    "price": 0,
    "serverMinVersion": "5.0.0",
    "currentVersion": "1.0.1",
    "versionInfo": "262872",
    "commit": "c39a2c95938e4023f4368bfbc96101f88e0cfcfd",
    "downloads": 507,
    "tags": [],
    "categories": [
        "Data Enrichment & Threat Intelligence"
    ],
    "contentItems": {
        "integration": [
            {
                "name": "Maltiverse",
                "description": "Use the Maltiverse integration to analyze suspicious hashes, URLs, domains and IP addresses.",
                "category": "Data Enrichment & Threat Intelligence",
                "commands": [
                    {
                        "name": "ip",
                        "description": "Checks the reputation of an IP address."
                    },
                    {
                        "name": "domain",
                        "description": "Checks the reputation of a domain."
                    },
                    {
                        "name": "url",
                        "description": "Checks the reputation of an URL."
                    },
                    {
                        "name": "file",
                        "description": "Checks the reputation of a file by file hash."
                    }
                ]
            }
        ]
    },
    "integrations": [
        {
            "name": "Maltiverse",
            "imagePath": "content/packs/Maltiverse/Maltiverse_image.png"
        }
    ],
    "useCases": [],
    "keywords": [],
    "dependencies": {
        "Base": {
            "mandatory": true,
            "minVersion": "1.7.0",
            "author": "Cortex XSOAR",
            "name": "Base",
            "certification": "certified"
        }
    }
}