{
    "1.0.1": {
        "releaseNotes": "\n#### Integrations\n##### __VirusTotal - Private API__\n- Fixed an issue of the output paths of *vt-private-search-file* command",
        "displayName": "1.0.1 - 61843",
        "released": "2020-07-09T05:07:05Z"
    },
    "1.0.2": {
        "releaseNotes": "\n#### Integrations\n##### VirusTotal - Private API\n- Fixed an issue where the *possible malicious* URL was returned in a clickable format.\n",
        "displayName": "1.0.2 - R124496",
        "released": "2020-09-23T17:49:53Z"
    },
    "1.0.3": {
        "releaseNotes": "\n#### Integrations\n##### VirusTotal - Private API\n**Breaking Change** vt-private-get-url-report changed to return multiple entries (entry per indicator) instead of a single entry.\n",
        "displayName": "1.0.3 - 127938",
        "released": "2020-09-29T07:48:57Z"
    },
    "1.0.4": {
        "releaseNotes": "\n#### Integrations\n##### VirusTotal - Private API\n- Maintenance and stability enhancements.\n",
        "displayName": "1.0.4 - 132259",
        "released": "2020-10-01T17:53:55Z"
    },
    "1.0.5": {
        "releaseNotes": "\n#### Integrations\n##### VirusTotal - Private API\nAdded the *ResponseContentSHA256* and *ResponseHeaders* outputs to the ***vt-private-get-url-report*** command. These outputs are returned when the *allInfo* argument is set.\n",
        "displayName": "1.0.5 - R179966",
        "released": "2020-11-09T13:38:33Z"
    },
    "1.0.6": {
        "releaseNotes": "\n#### Integrations\n##### VirusTotal - Private API\n- Fixed an issue where empty behaviour reports were not parsed correctly. \n",
        "displayName": "1.0.6 - R269341",
        "released": "2020-11-09T18:48:23Z"
    },
    "1.0.7": {
        "releaseNotes": "\n#### Integrations\n##### VirusTotal - Private API\nFixed an issue in the ***vt-private-get-url-report*** command where querying an invalid URL would raise an error instead of\n displaying an indicative message in the war room. \n",
        "displayName": "1.0.7 - 332763",
        "released": "2021-04-21T22:50:22Z"
    },
    "1.0.8": {
        "releaseNotes": "#### Integrations\n##### VirusTotal - Private API\n- Updated the Docker image to: *demisto/python:2.7.18.20958*.",
        "displayName": "1.0.8 - 394234",
        "released": "2021-07-07T23:30:29Z"
    },
    "1.0.9": {
        "releaseNotes": "#### Pack Support\n- Support for this pack will be moving to the partner around September 28, 2021.",
        "displayName": "1.0.9 - 397182",
        "released": "2021-07-13T14:50:42Z"
    },
    "1.0.10": {
        "releaseNotes": "#### Integrations\n##### VirusTotal - Private API\n- Fixed an issue where the ***vt-private-get-url-report*** command would fail on certain urls.\n- Updated the Docker image to: *demisto/python:2.7.18.22912*.",
        "displayName": "1.0.10 - 404180",
        "released": "2021-07-30T00:31:34Z"
    },
    "1.0.11": {
        "releaseNotes": "#### Integrations\n##### VirusTotal - Private API\n- Updated the Docker image to: *demisto/python:2.7.18.24066*.",
        "displayName": "1.0.11 - 7567740",
        "released": "2021-09-12T21:17:51Z"
    },
    "1.0.12": {
        "releaseNotes": "#### Integrations\n##### VirusTotal - Private API\n- Note: Support for this pack moved to the partner on Oct 1, 2021. Please contact the partner directly via the support link on the right.",
        "displayName": "1.0.12 - 7844526",
        "released": "2021-09-29T21:12:35Z"
    },
    "1.0.13": {
        "releaseNotes": "#### Integrations\n##### VirusTotal - Private API\n- Updated the Docker image to: *demisto/python:2.7.18.24398*.",
        "displayName": "1.0.13 - 2022871",
        "released": "2021-11-29T09:20:06Z"
    }
}