{
    "name": "VirusTotal - Private API",
    "id": "VirusTotal-Private_API",
    "description": "Analyze suspicious hashes, URLs, domains and IP addresses",
    "created": "2020-07-09T05:07:05Z",
    "updated": "2020-11-09T18:48:23Z",
    "legacy": true,
    "support": "xsoar",
    "supportDetails": {
        "url": "https://www.paloaltonetworks.com/cortex"
    },
    "eulaLink": "https://github.com/demisto/content/blob/master/LICENSE",
    "author": "Cortex XSOAR",
    "authorImage": "content/packs/Base/Author_image.png",
    "certification": "certified",
    "price": 0,
    "serverMinVersion": "5.0.0",
    "currentVersion": "1.0.6",
    "versionInfo": "331662",
    "commit": "51b95654cf70cf72aa9fc3412bc0d887fb297568",
    "downloads": 921,
    "tags": [],
    "categories": [
        "Data Enrichment & Threat Intelligence"
    ],
    "contentItems": {
        "integration": [
            {
                "name": "VirusTotal - Private API",
                "description": "Analyze suspicious hashes, URLs, domains and IP addresses",
                "category": "Data Enrichment & Threat Intelligence",
                "commands": [
                    {
                        "name": "vt-private-check-file-behaviour",
                        "description": "VirusTotal runs a distributed setup of Cuckoo sandbox machines that execute the files we receive. This API allows you to retrieve the full JSON report of the file's execution as returned by the Cuckoo JSON report encoder."
                    },
                    {
                        "name": "vt-private-get-domain-report",
                        "description": "Retrieves a report on a given domain (including the information recorded by VirusTotal's passive DNS infrastructure). If the domain doesn't exist in VT's dataset you would need to use Virus Total's (Public API integration) url-scan command"
                    },
                    {
                        "name": "vt-private-get-file-report",
                        "description": "Retrieves a concluded file scan report for a given file."
                    },
                    {
                        "name": "vt-private-get-url-report",
                        "description": "Retrieves a concluded url scan report for a given url."
                    },
                    {
                        "name": "vt-private-get-ip-report",
                        "description": "Retrieves a report on a given IP address (including the information recorded by VirusTotal's Passive DNS infrastructure)."
                    },
                    {
                        "name": "vt-private-search-file",
                        "description": "This command is equivalent to VirusTotal Intelligence advanced searches. A very wide variety of search modifiers are available, including: file size, file type, first submission date to VirusTotal, last submission date to VirusTotal, number of positives, dynamic behavioural properties, binary content, submission file name, and a very long etcetera. The full list of search modifiers allowed for file search queries is documented at:  https://www.virustotal.com/intelligence/help/file-search/#search-modifiers"
                    },
                    {
                        "name": "vt-private-hash-communication",
                        "description": "Return all Domains, IPs, URLs  that a given hash of malware communicates with"
                    },
                    {
                        "name": "vt-private-download-file",
                        "description": "Downloads a file from VirusTotal's store given one of its hashes. This call can be used in conjuction with the file searching call in order to download samples that match a given set of criteria."
                    }
                ]
            }
        ],
        "playbook": [
            {
                "name": "File Enrichment - Virus Total Private API",
                "description": "Get file information using the Virus Total Private API integration."
            }
        ]
    },
    "searchRank": 10,
    "integrations": [
        {
            "name": "VirusTotal - Private API",
            "imagePath": "content/packs/VirusTotal-Private_API/VirusTotal-PrivateAPI_image.png"
        }
    ],
    "useCases": [],
    "keywords": [],
    "dependencies": {
        "Base": {
            "mandatory": true,
            "minVersion": "1.8.12",
            "author": "Cortex XSOAR",
            "name": "Base",
            "certification": "certified"
        }
    }
}