{
    "name": "Giphy",
    "id": "Giphy",
    "description": "Display random GIF in the War Room (e.g. !giphy hello). Powered By Giphy.",
    "created": "2020-11-09T18:45:03Z",
    "updated": "2020-11-09T18:45:03Z",
    "legacy": true,
    "support": "xsoar",
    "supportDetails": {
        "url": "https://www.paloaltonetworks.com/cortex"
    },
    "eulaLink": "https://github.com/demisto/content/blob/master/LICENSE",
    "author": "Cortex XSOAR",
    "authorImage": "content/packs/Base/Author_image.png",
    "certification": "certified",
    "price": 0,
    "serverMinVersion": "5.0.0",
    "currentVersion": "1.0.0",
    "versionInfo": "1913264",
    "commit": "58df6fa24198192032e26a73d123b5225478c9b9",
    "downloads": 534,
    "tags": [],
    "categories": [
        "Utilities"
    ],
    "contentItems": {
        "integration": [
            {
                "name": "Giphy",
                "description": "Display random GIF in the War Room (e.g. !giphy hello). Powered By Giphy.",
                "category": "Utilities",
                "commands": [
                    {
                        "name": "giphy",
                        "description": "Display random GIF in the War Room (e.g. !giphy hello)"
                    }
                ]
            }
        ]
    },
    "searchRank": 10,
    "integrations": [
        {
            "name": "Giphy",
            "imagePath": "content/packs/Giphy/Giphy_image.png"
        }
    ],
    "useCases": [],
    "keywords": [],
    "dependencies": {
        "Base": {
            "mandatory": true,
            "minVersion": "1.14.0",
            "author": "Cortex XSOAR",
            "name": "Base",
            "certification": "certified"
        }
    }
}