{
    "name": "Giphy",
    "id": "Giphy",
    "description": "Display random GIF in the War Room (e.g. !giphy hello). Powered By Giphy.",
    "created": "2020-11-09T18:45:03Z",
    "updated": "2021-11-10T09:20:10Z",
    "legacy": true,
    "support": "xsoar",
    "supportDetails": {
        "url": "https://www.paloaltonetworks.com/cortex"
    },
    "eulaLink": "https://github.com/demisto/content/blob/master/LICENSE",
    "author": "Cortex XSOAR",
    "authorImage": "content/packs/Base/Author_image.png",
    "certification": "certified",
    "price": 0,
    "serverMinVersion": "5.0.0",
    "currentVersion": "1.0.1",
    "versionInfo": "2030938",
    "commit": "0389e8382253eaef89869ea67784401b9dd6931e",
    "downloads": 627,
    "tags": [],
    "categories": [
        "Utilities"
    ],
    "contentItems": {
        "integration": [
            {
                "name": "Giphy",
                "description": "Display random GIF in the War Room (e.g. !giphy hello). Powered By Giphy.",
                "category": "Utilities",
                "commands": [
                    {
                        "name": "giphy",
                        "description": "Display random GIF in the War Room (e.g. !giphy hello)"
                    }
                ]
            }
        ]
    },
    "searchRank": 10,
    "integrations": [
        {
            "name": "Giphy",
            "imagePath": "content/packs/Giphy/Giphy_image.png"
        }
    ],
    "useCases": [],
    "keywords": [],
    "dependencies": {
        "Base": {
            "mandatory": true,
            "minVersion": "1.16.0",
            "author": "Cortex XSOAR",
            "name": "Base",
            "certification": "certified"
        }
    }
}