{
    "1.0.0": {
        "releaseNotes": "Integration with Safewalk identity management and report service",
        "displayName": "1.0.0 - 7719350",
        "released": "2021-07-13T14:51:28Z"
    },
    "1.0.1": {
        "releaseNotes": "#### Integrations\n##### Safewalk Management\n- Updated the Docker image to: *demisto/python3:3.9.7.24076*.\n##### Safewalk Reports\n- Updated the Docker image to: *demisto/python3:3.9.7.24076*.",
        "displayName": "1.0.1 - 7740378",
        "released": "2021-09-23T09:54:35Z"
    }
}