{
    "name": "Altipeak",
    "id": "Safewalk",
    "description": "Integration with Safewalk identity management and report service",
    "created": "2021-07-13T14:51:28Z",
    "updated": "2021-07-13T14:51:28Z",
    "legacy": true,
    "support": "partner",
    "supportDetails": {
        "url": "https://www.altipeaksecurity.com",
        "email": "support@altipeak.com"
    },
    "eulaLink": "https://github.com/demisto/content/blob/master/LICENSE",
    "author": "Altipeak",
    "authorImage": "content/packs/Safewalk/Author_image.png",
    "certification": "certified",
    "price": 0,
    "serverMinVersion": "6.0.0",
    "currentVersion": "1.0.0",
    "versionInfo": "7719350",
    "commit": "985837902ba58c0d6650110ba9e6c1ea6ffdf602",
    "downloads": 30,
    "tags": [],
    "categories": [
        "Authentication"
    ],
    "contentItems": {
        "integration": [
            {
                "name": "Safewalk Management (Partner Contribution)",
                "description": "Safewalk server integration",
                "category": "Authentication",
                "commands": [
                    {
                        "name": "safewalk-get-transactionlog",
                        "description": "Display transaction log."
                    },
                    {
                        "name": "safewalk-get-users",
                        "description": "Search local users."
                    },
                    {
                        "name": "safewalk-get-ldap-users",
                        "description": "Search LDAP users"
                    },
                    {
                        "name": "safewalk-get-ldaps",
                        "description": "Get LDAP configuration."
                    },
                    {
                        "name": "safewalk-get-user-personalinformation",
                        "description": "Get users personal information."
                    },
                    {
                        "name": "safewalk-set-user-personalinformation",
                        "description": "Set user personal information."
                    },
                    {
                        "name": "safewalk-get-user-accessattempts",
                        "description": "Get user access attempts"
                    },
                    {
                        "name": "safewalk-delete-user-accessattempts",
                        "description": "Delete user access attempts"
                    },
                    {
                        "name": "safewalk-get-user-tokens",
                        "description": "Get user tokens"
                    },
                    {
                        "name": "safewalk-delete-user-token",
                        "description": "Delete user token."
                    },
                    {
                        "name": "safewalk-send-user-virtualtoken",
                        "description": "Send user virtual token."
                    },
                    {
                        "name": "safewalk-get-user-settings",
                        "description": "Get user settings."
                    },
                    {
                        "name": "safewalk-get-user-group",
                        "description": "Get user group."
                    },
                    {
                        "name": "safewalk-add-user-group",
                        "description": "Add user group."
                    },
                    {
                        "name": "safewalk-remove-user-group",
                        "description": "Remove user group."
                    },
                    {
                        "name": "safewalk-get-user-registrationcode",
                        "description": "Get user registration code"
                    },
                    {
                        "name": "safewalk-set-user-registrationcode",
                        "description": "Set user registration code"
                    },
                    {
                        "name": "safewalk-send-user-registrationcode",
                        "description": "Send user registration code"
                    },
                    {
                        "name": "safewalk-create-user-token-virtual",
                        "description": "Create user virtual token"
                    },
                    {
                        "name": "safewalk-create-user-token-fastauth",
                        "description": "Create user FastAuth Token"
                    },
                    {
                        "name": "safewalk-create-user-token-totpmobile",
                        "description": "Create user TopMobile Token"
                    },
                    {
                        "name": "safewalk-create-user-token-totmobilehybrid",
                        "description": "Create user TotMobileHybrid"
                    },
                    {
                        "name": "safewalk-create-user-token-physical",
                        "description": "Create user Physical Token"
                    },
                    {
                        "name": "safewalk-create-user-token-backup",
                        "description": "Create user Backup Token"
                    },
                    {
                        "name": "safewalk-set-user-backuptoken-settings",
                        "description": "Set user backup token"
                    },
                    {
                        "name": "safewalk-set-user-general-settings",
                        "description": "Set user general settings"
                    },
                    {
                        "name": "safewalk-set-user-hotpauthentication-settings",
                        "description": "Set user hotpauthentication settings"
                    },
                    {
                        "name": "safewalk-set-user-sesamiauthentication-settings",
                        "description": "Set user sesamiauthentication setttings"
                    },
                    {
                        "name": "safewalk-set-user-totpauthentication-settings",
                        "description": "Set user  totpauthentication settings"
                    },
                    {
                        "name": "safewalk-set-user-userauthentication-settings",
                        "description": "Set user userauthentication settings"
                    },
                    {
                        "name": "safewalk-set-user-virtualauthentication-settings",
                        "description": "Set user virtualauthentication settings"
                    },
                    {
                        "name": "safewalk-create-user",
                        "description": "Create user"
                    },
                    {
                        "name": "safewalk-delete-user",
                        "description": "Delete user"
                    },
                    {
                        "name": "safewalk-update-user-group",
                        "description": "Update user group"
                    }
                ]
            },
            {
                "name": "Safewalk Reports (Partner Contribution)",
                "description": "Safewalk server integration",
                "category": "Analytics & SIEM",
                "commands": [
                    {
                        "name": "safewalk-get-associated-users",
                        "description": "safewalk-get-associated-users"
                    },
                    {
                        "name": "safewalk-get-authentication-methods-distribution",
                        "description": "safewalk-get-authentication-methods-distribution"
                    },
                    {
                        "name": "safewalk-get-authentication-rate-per-device",
                        "description": "safewalk-get-authentication-rate-per-device"
                    },
                    {
                        "name": "safewalk-get-least-active-users",
                        "description": "safewalk-get-least-active-users"
                    },
                    {
                        "name": "safewalk-get-licenses-inventory",
                        "description": "safewalk-get-licenses-inventory"
                    },
                    {
                        "name": "safewalk-get-licenses-usage",
                        "description": "safewalk-get-licenses-usage"
                    },
                    {
                        "name": "safewalk-get-most-active-users",
                        "description": "safewalk-get-most-active-users"
                    },
                    {
                        "name": "safewalk-get-physical-tokens-inventory",
                        "description": "safewalk-get-physical-tokens-inventory"
                    },
                    {
                        "name": "safewalk-get-registered-devices-distribution",
                        "description": "safewalk-get-registered-devices-distribution"
                    },
                    {
                        "name": "safewalk-get-registration",
                        "description": "safewalk-get-registration"
                    },
                    {
                        "name": "safewalk-get-users-associations-indicators",
                        "description": "safewalk-get-users-associations-indicators"
                    }
                ]
            }
        ]
    },
    "searchRank": 10,
    "integrations": [
        {
            "name": "Safewalk Management",
            "imagePath": "content/packs/Safewalk/SafewalkManagement_image.png"
        },
        {
            "name": "Safewalk Reports",
            "imagePath": "content/packs/Safewalk/SafewalkReports_image.png"
        }
    ],
    "useCases": [],
    "keywords": [],
    "dependencies": {
        "Base": {
            "mandatory": true,
            "minVersion": "1.13.32",
            "author": "Cortex XSOAR",
            "name": "Base",
            "certification": "certified"
        }
    }
}