{
    "1.0.0": {
        "releaseNotes": "APIVoid wraps up a number of services such as ipvoid & urlvoid",
        "displayName": "1.0.0 - 272471",
        "released": "2020-11-09T18:48:30Z"
    },
    "1.0.1": {
        "releaseNotes": "\n#### Integrations\n##### APIVoid\n- Fixed an issue where the **test-module** command failed in case an invalid API key was entered. \n- Updated the Docker image to: *demisto/python3:3.9.1.15759*.",
        "displayName": "1.0.1 - 272798",
        "released": "2021-02-05T23:00:41Z"
    },
    "1.0.2": {
        "releaseNotes": "#### Integrations\n##### APIVoid\n- Upgraded the Docker image to: *demisto/python3:3.9.5.20070*.",
        "displayName": "1.0.2 - 378296",
        "released": "2021-06-06T23:25:34Z"
    },
    "1.0.3": {
        "releaseNotes": "#### Integrations\n##### APIVoid\n- Upgraded the Docker image to: *demisto/python3:3.9.5.21272*.",
        "displayName": "1.0.3 - 388541",
        "released": "2021-06-22T23:27:40Z"
    },
    "1.0.4": {
        "releaseNotes": "#### Integrations\n##### APIVoid\n- Upgraded the Docker image to: *demisto/python3:3.9.6.22912*.",
        "displayName": "1.0.4 - 399371",
        "released": "2021-07-18T23:37:10Z"
    },
    "1.0.5": {
        "releaseNotes": "#### Integrations\n##### APIVoid\n- Updated the Docker image to: *demisto/python3:3.9.6.24019*.",
        "displayName": "1.0.5 - 7391875",
        "released": "2021-09-01T09:24:08Z"
    },
    "1.0.6": {
        "releaseNotes": "#### Integrations\n##### APIVoid\n- Updated the Docker image to: *demisto/python3:3.9.7.24076*.",
        "displayName": "1.0.6 - 7640590",
        "released": "2021-09-16T21:12:55Z"
    },
    "1.0.7": {
        "releaseNotes": "#### Integrations\n##### APIVoid\n- Updated the Docker image to: *demisto/python3:3.9.8.24399*.",
        "displayName": "1.0.7 - 1959372",
        "released": "2021-11-16T13:35:29Z"
    }
}