{
    "name": "APIVoid",
    "id": "APIVoid",
    "description": "APIVoid wraps up a number of services such as ipvoid & urlvoid",
    "created": "2020-11-09T18:48:30Z",
    "updated": "2021-06-06T23:25:34Z",
    "legacy": true,
    "support": "xsoar",
    "supportDetails": {
        "url": "https://www.paloaltonetworks.com/cortex"
    },
    "eulaLink": "https://github.com/demisto/content/blob/master/LICENSE",
    "author": "Cortex XSOAR",
    "authorImage": "content/packs/Base/Author_image.png",
    "certification": "certified",
    "price": 0,
    "serverMinVersion": "5.0.0",
    "currentVersion": "1.0.2",
    "versionInfo": "387494",
    "commit": "3f3a9c4cb56dee47a14c97d6e2097eae74535154",
    "downloads": 942,
    "tags": [],
    "categories": [
        "Data Enrichment & Threat Intelligence"
    ],
    "contentItems": {
        "integration": [
            {
                "name": "APIVoid",
                "description": "APIVoid wraps up a number of services such as ipvoid & urlvoid",
                "category": "Data Enrichment & Threat Intelligence",
                "commands": [
                    {
                        "name": "apivoid-ip",
                        "description": "Returns the reputation and extended context of the IP."
                    },
                    {
                        "name": "apivoid-domain",
                        "description": "Returns the reputation of the domain."
                    },
                    {
                        "name": "apivoid-url",
                        "description": "Returns the reputation of the URL."
                    },
                    {
                        "name": "ip",
                        "description": "Returns the reputation of the IP."
                    },
                    {
                        "name": "domain",
                        "description": "Returns the reputation of the domain."
                    },
                    {
                        "name": "url",
                        "description": "Returns the reputation of the URL."
                    },
                    {
                        "name": "apivoid-dns-lookup",
                        "description": "Gets DNS records of a host."
                    },
                    {
                        "name": "apivoid-ssl-info",
                        "description": "Get useful SSL information from a remote host"
                    },
                    {
                        "name": "apivoid-email-verify",
                        "description": "Checks if an email address is disposable, if it has MX records, and more."
                    },
                    {
                        "name": "apivoid-threatlog",
                        "description": "Check if a website is present on ThreatLog database"
                    },
                    {
                        "name": "apivoid-parked-domain",
                        "description": "Detect if a domain (i.e google.com) is actually parked"
                    },
                    {
                        "name": "apivoid-domain-age",
                        "description": "Get the registration date of a domain and the domain age in days"
                    },
                    {
                        "name": "apivoid-url-to-image",
                        "description": "Capture a high-quality screenshot of any website or URL"
                    },
                    {
                        "name": "apivoid-url-to-pdf",
                        "description": "Convert an URL info high-quality and printable PDF document"
                    },
                    {
                        "name": "apivoid-url-to-html",
                        "description": "Get the body of an html page after javascript has been executed"
                    },
                    {
                        "name": "apivoid-site-trustworthiness",
                        "description": "A smart API that accurately checks a website's trustworthiness."
                    }
                ]
            }
        ]
    },
    "searchRank": 10,
    "integrations": [
        {
            "name": "APIVoid",
            "imagePath": "content/packs/APIVoid/APIVoid_image.png"
        }
    ],
    "useCases": [],
    "keywords": [],
    "dependencies": {
        "Base": {
            "mandatory": true,
            "minVersion": "1.12.13",
            "author": "Cortex XSOAR",
            "name": "Base",
            "certification": "certified"
        }
    }
}