{
    "1.0.0": {
        "releaseNotes": "Use the CrowdStrike OpenAPI integration to interact with CrowdStrike APIs that do not have dedicated integrations in Cortex XSOAR, for example, CrowdStrike FalconX, etc.",
        "displayName": "1.0.0 - 7391875",
        "released": "2021-08-29T09:13:36Z"
    },
    "1.0.1": {
        "releaseNotes": "#### Integrations\n##### CrowdStrike OpenAPI (Beta)\n- Updated the Docker image to: *demisto/python3:3.9.6.24019*.",
        "displayName": "1.0.1 - 7401319",
        "released": "2021-09-01T21:12:58Z"
    },
    "1.0.2": {
        "releaseNotes": "#### Integrations\n##### CrowdStrike OpenAPI (Beta)\n- Maintenance and stability enhancements.",
        "displayName": "1.0.2 - 7507885",
        "released": "2021-09-08T21:12:04Z"
    },
    "1.0.3": {
        "releaseNotes": "#### Integrations\n##### CrowdStrike OpenAPI (Beta)\n- Updated the Docker image to: *demisto/python3:3.9.7.24076*.",
        "displayName": "1.0.3 - 7640590",
        "released": "2021-09-16T21:17:10Z"
    },
    "1.0.4": {
        "releaseNotes": "#### Integrations\n##### CrowdStrike OpenAPI (Beta)\n- Updated the Docker image to: *demisto/python3:3.9.7.24076*.",
        "displayName": "1.0.4 - R2009340",
        "released": "2021-11-25T21:20:12Z"
    }
}