{
    "name": "CrowdStrike OpenAPI",
    "id": "CrowdStrikeOpenAPI",
    "description": "Use the CrowdStrike OpenAPI integration to interact with CrowdStrike APIs that do not have dedicated integrations in Cortex XSOAR, for example, CrowdStrike FalconX, etc.",
    "created": "2021-08-29T09:13:36Z",
    "updated": "2021-09-08T21:12:04Z",
    "legacy": true,
    "support": "xsoar",
    "supportDetails": {
        "url": "https://www.paloaltonetworks.com/cortex"
    },
    "eulaLink": "https://github.com/demisto/content/blob/master/LICENSE",
    "author": "Cortex XSOAR",
    "authorImage": "content/packs/Base/Author_image.png",
    "certification": "certified",
    "price": 0,
    "serverMinVersion": "6.0.0",
    "currentVersion": "1.0.2",
    "versionInfo": "7593170",
    "commit": "84b00244822939d0ffb38e6d148bfa750519af47",
    "downloads": 22,
    "tags": [
        "New",
        "Trending"
    ],
    "categories": [],
    "contentItems": {
        "integration": [
            {
                "name": "CrowdStrike OpenAPI (Beta)",
                "description": "Use the CrowdStrike OpenAPI integration to interact with CrowdStrike APIs that do not have dedicated integrations in Cortex XSOAR, for example, CrowdStrike FalconX, etc.",
                "category": "Endpoint",
                "commands": [
                    {
                        "name": "cs-add-role",
                        "description": "Assign new MSSP Role(s) between User Group and CID Group. It does not revoke existing role(s) between User Group and CID Group. User Group ID and CID Group ID have to be specified in request. "
                    },
                    {
                        "name": "cs-add-user-group-members",
                        "description": "Add new User Group member. Maximum 500 members allowed per User Group."
                    },
                    {
                        "name": "cs-addcid-group-members",
                        "description": "Add new CID Group member."
                    },
                    {
                        "name": "cs-aggregate-allow-list",
                        "description": "Retrieve aggregate allowlist ticket values based on the matched filter"
                    },
                    {
                        "name": "cs-aggregate-block-list",
                        "description": "Retrieve aggregate blocklist ticket values based on the matched filter"
                    },
                    {
                        "name": "cs-aggregate-detections",
                        "description": "Retrieve aggregate detection values based on the matched filter"
                    },
                    {
                        "name": "cs-aggregate-device-count-collection",
                        "description": "Retrieve aggregate host/devices count based on the matched filter"
                    },
                    {
                        "name": "cs-aggregate-escalations",
                        "description": "Retrieve aggregate escalation ticket values based on the matched filter"
                    },
                    {
                        "name": "cs-aggregate-notificationsv1",
                        "description": "Get notification aggregates as specified via JSON in request body."
                    },
                    {
                        "name": "cs-aggregate-remediations",
                        "description": "Retrieve aggregate remediation ticket values based on the matched filter"
                    },
                    {
                        "name": "cs-aggregateevents",
                        "description": "Aggregate events for customer"
                    },
                    {
                        "name": "cs-aggregatefc-incidents",
                        "description": "Retrieve aggregate incident values based on the matched filter"
                    },
                    {
                        "name": "cs-aggregatepolicyrules",
                        "description": "Aggregate rules within a policy for customer"
                    },
                    {
                        "name": "cs-aggregaterulegroups",
                        "description": "Aggregate rule groups for customer"
                    },
                    {
                        "name": "cs-aggregaterules",
                        "description": "Aggregate rules for customer"
                    },
                    {
                        "name": "cs-aggregates-detections-global-counts",
                        "description": "Get the total number of detections pushed across all customers"
                    },
                    {
                        "name": "cs-aggregates-events",
                        "description": "Get aggregate OverWatch detection event info by providing an aggregate query"
                    },
                    {
                        "name": "cs-aggregates-events-collections",
                        "description": "Get OverWatch detection event collection info by providing an aggregate query"
                    },
                    {
                        "name": "cs-aggregates-incidents-global-counts",
                        "description": "Get the total number of incidents pushed across all customers"
                    },
                    {
                        "name": "cs-aggregatesow-events-global-counts",
                        "description": "Get the total number of OverWatch events across all customers"
                    },
                    {
                        "name": "cs-apipreemptproxypostgraphql",
                        "description": "Identity Protection GraphQL API. Allows to retrieve entities, timeline activities, identity-based incidents and security assessment. Allows to perform actions on entities and identity-based incidents."
                    },
                    {
                        "name": "cs-auditeventsquery",
                        "description": "Search for audit events by providing an FQL filter and paging details."
                    },
                    {
                        "name": "cs-auditeventsread",
                        "description": "Gets the details of one or more audit events by id."
                    },
                    {
                        "name": "cs-batch-active-responder-cmd",
                        "description": "Batch executes a RTR active-responder command across the hosts mapped to the given batch ID."
                    },
                    {
                        "name": "cs-batch-admin-cmd",
                        "description": "Batch executes a RTR administrator command across the hosts mapped to the given batch ID."
                    },
                    {
                        "name": "cs-batch-cmd",
                        "description": "Batch executes a RTR read-only command across the hosts mapped to the given batch ID."
                    },
                    {
                        "name": "cs-batch-get-cmd",
                        "description": "Batch executes `get` command across hosts to retrieve files. After this call is made `GET /real-time-response/combined/batch-get-command/v1` is used to query for the results."
                    },
                    {
                        "name": "cs-batch-get-cmd-status",
                        "description": "Retrieves the status of the specified batch get command.  Will return successful files when they are finished processing."
                    },
                    {
                        "name": "cs-batch-init-sessions",
                        "description": "Batch initialize a RTR session on multiple hosts.  Before any RTR commands can be used, an active session is needed on the host."
                    },
                    {
                        "name": "cs-batch-refresh-sessions",
                        "description": "Batch refresh a RTR session on multiple hosts. RTR sessions will expire after 10 minutes unless refreshed."
                    },
                    {
                        "name": "cs-create-actionsv1",
                        "description": "Create actions for a monitoring rule. Accepts a list of actions that will be attached to the monitoring rule."
                    },
                    {
                        "name": "cs-create-device-control-policies",
                        "description": "Create Device Control Policies by specifying details about the policy to create"
                    },
                    {
                        "name": "cs-create-firewall-policies",
                        "description": "Create Firewall Policies by specifying details about the policy to create"
                    },
                    {
                        "name": "cs-create-host-groups",
                        "description": "Create Host Groups by specifying details about the group to create"
                    },
                    {
                        "name": "cs-create-or-updateaws-settings",
                        "description": "Create or update Global Settings which are applicable to all provisioned AWS accounts"
                    },
                    {
                        "name": "cs-create-prevention-policies",
                        "description": "Create Prevention Policies by specifying details about the policy to create"
                    },
                    {
                        "name": "cs-create-rulesv1",
                        "description": "Create monitoring rules."
                    },
                    {
                        "name": "cs-create-sensor-update-policies",
                        "description": "Create Sensor Update Policies by specifying details about the policy to create"
                    },
                    {
                        "name": "cs-create-sensor-update-policiesv2",
                        "description": "Create Sensor Update Policies by specifying details about the policy to create with additional support for uninstall protection"
                    },
                    {
                        "name": "cs-create-user",
                        "description": "Create a new user. After creating a user, assign one or more roles with POST /user-roles/entities/user-roles/v1"
                    },
                    {
                        "name": "cs-create-user-groups",
                        "description": "Create new User Group(s). Maximum 500 User Group(s) allowed per customer."
                    },
                    {
                        "name": "cs-createaws-account",
                        "description": "Creates a new AWS account in our system for a customer and generates the installation script"
                    },
                    {
                        "name": "cs-createcid-groups",
                        "description": "Create new CID Group(s). Maximum 500 CID Group(s) allowed."
                    },
                    {
                        "name": "cs-createcspm-aws-account",
                        "description": "Creates a new account in our system for a customer and generates a script for them to run in their AWS cloud environment to grant us access."
                    },
                    {
                        "name": "cs-createcspmgcp-account",
                        "description": "Creates a new account in our system for a customer and generates a new service account for them to add access to in their GCP environment to grant us access."
                    },
                    {
                        "name": "cs-createml-exclusionsv1",
                        "description": "Create the ML exclusions"
                    },
                    {
                        "name": "cs-creatert-response-policies",
                        "description": "Create Response Policies by specifying details about the policy to create"
                    },
                    {
                        "name": "cs-createrule",
                        "description": "Create a rule within a rule group. Returns the rule."
                    },
                    {
                        "name": "cs-createrulegroup",
                        "description": "Create new rule group on a platform for a customer with a name and description, and return the ID"
                    },
                    {
                        "name": "cs-createrulegroup-mixin0",
                        "description": "Create a rule group for a platform with a name and an optional description. Returns the rule group."
                    },
                    {
                        "name": "cs-createsv-exclusionsv1",
                        "description": "Create the sensor visibility exclusions"
                    },
                    {
                        "name": "cs-crowd-score",
                        "description": "Query environment wide CrowdScore and return the entity data"
                    },
                    {
                        "name": "cs-customersettingsread",
                        "description": "Check current installation token settings."
                    },
                    {
                        "name": "cs-delete-actionv1",
                        "description": "Delete an action from a monitoring rule based on the action ID."
                    },
                    {
                        "name": "cs-delete-device-control-policies",
                        "description": "Delete a set of Device Control Policies by specifying their IDs"
                    },
                    {
                        "name": "cs-delete-firewall-policies",
                        "description": "Delete a set of Firewall Policies by specifying their IDs"
                    },
                    {
                        "name": "cs-delete-host-groups",
                        "description": "Delete a set of Host Groups by specifying their IDs"
                    },
                    {
                        "name": "cs-delete-notificationsv1",
                        "description": "Delete notifications based on IDs. Notifications cannot be recovered after they are deleted."
                    },
                    {
                        "name": "cs-delete-prevention-policies",
                        "description": "Delete a set of Prevention Policies by specifying their IDs"
                    },
                    {
                        "name": "cs-delete-report",
                        "description": "Delete report based on the report ID. Operation can be checked for success by polling for the report ID on the report-summaries endpoint."
                    },
                    {
                        "name": "cs-delete-rulesv1",
                        "description": "Delete monitoring rules."
                    },
                    {
                        "name": "cs-delete-samplev2",
                        "description": "Removes a sample, including file, meta and submissions from the collection"
                    },
                    {
                        "name": "cs-delete-samplev3",
                        "description": "Removes a sample, including file, meta and submissions from the collection"
                    },
                    {
                        "name": "cs-delete-sensor-update-policies",
                        "description": "Delete a set of Sensor Update Policies by specifying their IDs"
                    },
                    {
                        "name": "cs-delete-sensor-visibility-exclusionsv1",
                        "description": "Delete the sensor visibility exclusions by id"
                    },
                    {
                        "name": "cs-delete-user",
                        "description": "Delete a user permanently"
                    },
                    {
                        "name": "cs-delete-user-group-members",
                        "description": "Delete User Group members entry."
                    },
                    {
                        "name": "cs-delete-user-groups",
                        "description": "Delete User Group(s) by ID(s)."
                    },
                    {
                        "name": "cs-deleteaws-accounts",
                        "description": "Delete a set of AWS Accounts by specifying their IDs"
                    },
                    {
                        "name": "cs-deleteaws-accounts-mixin0",
                        "description": "Delete AWS accounts."
                    },
                    {
                        "name": "cs-deletecid-group-members",
                        "description": "Delete CID Group members entry."
                    },
                    {
                        "name": "cs-deletecid-groups",
                        "description": "Delete CID Group(s) by ID(s)."
                    },
                    {
                        "name": "cs-deletecspm-aws-account",
                        "description": "Deletes an existing AWS account or organization in our system."
                    },
                    {
                        "name": "cs-deletecspm-azure-account",
                        "description": "Deletes an Azure subscription from the system."
                    },
                    {
                        "name": "cs-deleted-roles",
                        "description": "Delete MSSP Role assignment(s) between User Group and CID Group. User Group ID and CID Group ID have to be specified in request. Only specified roles are removed if specified in request payload, else association between User Group and CID Group is dissolved completely (if no roles specified)."
                    },
                    {
                        "name": "cs-deleteioa-exclusionsv1",
                        "description": "Delete the IOA exclusions by id"
                    },
                    {
                        "name": "cs-deleteml-exclusionsv1",
                        "description": "Delete the ML exclusions by id"
                    },
                    {
                        "name": "cs-deletert-response-policies",
                        "description": "Delete a set of Response Policies by specifying their IDs"
                    },
                    {
                        "name": "cs-deleterulegroups",
                        "description": "Delete rule group entities by ID"
                    },
                    {
                        "name": "cs-deleterulegroups-mixin0",
                        "description": "Delete rule groups by ID."
                    },
                    {
                        "name": "cs-deleterules",
                        "description": "Delete rules from a rule group by ID."
                    },
                    {
                        "name": "cs-devices-count",
                        "description": "Number of hosts in your customer account that have observed a given custom IOC"
                    },
                    {
                        "name": "cs-devices-ran-on",
                        "description": "Find hosts that have observed a given custom IOC. For details about those hosts, use GET /devices/entities/devices/v1"
                    },
                    {
                        "name": "cs-download-sensor-installer-by-id",
                        "description": "Download sensor installer by SHA256 ID"
                    },
                    {
                        "name": "cs-entitiesprocesses",
                        "description": "For the provided ProcessID retrieve the process details"
                    },
                    {
                        "name": "cs-get-actionsv1",
                        "description": "Get actions based on their IDs. IDs can be retrieved using the GET /queries/actions/v1 endpoint."
                    },
                    {
                        "name": "cs-get-aggregate-detects",
                        "description": "Get detect aggregates as specified via json in request body."
                    },
                    {
                        "name": "cs-get-artifacts",
                        "description": "Download IOC packs, PCAP files, and other analysis artifacts."
                    },
                    {
                        "name": "cs-get-assessmentv1",
                        "description": "Get Zero Trust Assessment data for one or more hosts by providing agent IDs (AID) and a customer ID (CID)."
                    },
                    {
                        "name": "cs-get-available-role-ids",
                        "description": "Show role IDs for all roles available in your customer account. For more information on each role, provide the role ID to `/customer/entities/roles/v1`."
                    },
                    {
                        "name": "cs-get-behaviors",
                        "description": "Get details on behaviors by providing behavior IDs"
                    },
                    {
                        "name": "cs-get-children",
                        "description": "Get link to child customer by child CID(s)"
                    },
                    {
                        "name": "cs-get-cloudconnectazure-entities-account-v1",
                        "description": "Return information about Azure account registration"
                    },
                    {
                        "name": "cs-get-cloudconnectazure-entities-userscriptsdownload-v1",
                        "description": "Return a script for customer to run in their cloud environment to grant us access to their Azure environment as a downloadable attachment"
                    },
                    {
                        "name": "cs-get-cloudconnectcspmazure-entities-account-v1",
                        "description": "Return information about Azure account registration"
                    },
                    {
                        "name": "cs-get-cloudconnectcspmazure-entities-userscriptsdownload-v1",
                        "description": "Return a script for customer to run in their cloud environment to grant us access to their Azure environment as a downloadable attachment"
                    },
                    {
                        "name": "cs-get-clusters",
                        "description": "Provides the clusters acknowledged by the Kubernetes Protection service"
                    },
                    {
                        "name": "cs-get-combined-sensor-installers-by-query",
                        "description": "Get sensor installer details by provided query"
                    },
                    {
                        "name": "cs-get-detect-summaries",
                        "description": "View information about detections"
                    },
                    {
                        "name": "cs-get-device-control-policies",
                        "description": "Retrieve a set of Device Control Policies by specifying their IDs"
                    },
                    {
                        "name": "cs-get-device-count-collection-queries-by-filter",
                        "description": "Retrieve device count collection Ids that match the provided FQL filter, criteria with scrolling enabled"
                    },
                    {
                        "name": "cs-get-device-details",
                        "description": "Get details on one or more hosts by providing agent IDs (AID). You can get a host's agent IDs (AIDs) from the /devices/queries/devices/v1 endpoint, the Falcon console or the Streaming API"
                    },
                    {
                        "name": "cs-get-firewall-policies",
                        "description": "Retrieve a set of Firewall Policies by specifying their IDs"
                    },
                    {
                        "name": "cs-get-helm-values-yaml",
                        "description": "Provides a sample Helm values.yaml file for a customer to install alongside the agent Helm chart"
                    },
                    {
                        "name": "cs-get-host-groups",
                        "description": "Retrieve a set of Host Groups by specifying their IDs"
                    },
                    {
                        "name": "cs-get-incidents",
                        "description": "Get details on incidents by providing incident IDs"
                    },
                    {
                        "name": "cs-get-intel-actor-entities",
                        "description": "Retrieve specific actors using their actor IDs."
                    },
                    {
                        "name": "cs-get-intel-indicator-entities",
                        "description": "Retrieve specific indicators using their indicator IDs."
                    },
                    {
                        "name": "cs-get-intel-report-entities",
                        "description": "Retrieve specific reports using their report IDs."
                    },
                    {
                        "name": "cs-get-intel-reportpdf",
                        "description": "Return a Report PDF attachment"
                    },
                    {
                        "name": "cs-get-intel-rule-entities",
                        "description": "Retrieve details for rule sets for the specified ids."
                    },
                    {
                        "name": "cs-get-intel-rule-file",
                        "description": "Download earlier rule sets."
                    },
                    {
                        "name": "cs-get-latest-intel-rule-file",
                        "description": "Download the latest rule set."
                    },
                    {
                        "name": "cs-get-locations",
                        "description": "Provides the cloud locations acknowledged by the Kubernetes Protection service"
                    },
                    {
                        "name": "cs-get-mal-query-downloadv1",
                        "description": "Download a file indexed by MalQuery. Specify the file using its SHA256. Only one file is supported at this time"
                    },
                    {
                        "name": "cs-get-mal-query-entities-samples-fetchv1",
                        "description": "Fetch a zip archive with password 'infected' containing the samples. Call this once the /entities/samples-multidownload request has finished processing"
                    },
                    {
                        "name": "cs-get-mal-query-metadatav1",
                        "description": "Retrieve indexed files metadata by their hash"
                    },
                    {
                        "name": "cs-get-mal-query-quotasv1",
                        "description": "Get information about search and download quotas in your environment"
                    },
                    {
                        "name": "cs-get-mal-query-requestv1",
                        "description": "Check the status and results of an asynchronous request, such as hunt or exact-search. Supports a single request id at this time."
                    },
                    {
                        "name": "cs-get-notifications-detailed-translatedv1",
                        "description": "Get detailed notifications based on their IDs. These include the raw intelligence content that generated the match.This endpoint will return translated notification content. The only target language available is English. A single notification can be translated per request"
                    },
                    {
                        "name": "cs-get-notifications-detailedv1",
                        "description": "Get detailed notifications based on their IDs. These include the raw intelligence content that generated the match."
                    },
                    {
                        "name": "cs-get-notifications-translatedv1",
                        "description": "Get notifications based on their IDs. IDs can be retrieved using the GET /queries/notifications/v1 endpoint. This endpoint will return translated notification content. The only target language available is English."
                    },
                    {
                        "name": "cs-get-notificationsv1",
                        "description": "Get notifications based on their IDs. IDs can be retrieved using the GET /queries/notifications/v1 endpoint."
                    },
                    {
                        "name": "cs-get-prevention-policies",
                        "description": "Retrieve a set of Prevention Policies by specifying their IDs"
                    },
                    {
                        "name": "cs-get-reports",
                        "description": "Get a full sandbox report."
                    },
                    {
                        "name": "cs-get-roles",
                        "description": "Get info about a role"
                    },
                    {
                        "name": "cs-get-roles-byid",
                        "description": "Get MSSP Role assignment(s). MSSP Role assignment is of the format :."
                    },
                    {
                        "name": "cs-get-rulesv1",
                        "description": "Get monitoring rules rules by provided IDs."
                    },
                    {
                        "name": "cs-get-samplev2",
                        "description": "Retrieves the file associated with the given ID (SHA256)"
                    },
                    {
                        "name": "cs-get-samplev3",
                        "description": "Retrieves the file associated with the given ID (SHA256)"
                    },
                    {
                        "name": "cs-get-scans",
                        "description": "Check the status of a volume scan. Time required for analysis increases with the number of samples in a volume but usually it should take less than 1 minute"
                    },
                    {
                        "name": "cs-get-scans-aggregates",
                        "description": "Get scans aggregations as specified via json in request body."
                    },
                    {
                        "name": "cs-get-sensor-installers-by-query",
                        "description": "Get sensor installer IDs by provided query"
                    },
                    {
                        "name": "cs-get-sensor-installers-entities",
                        "description": "Get sensor installer details by provided SHA256 IDs"
                    },
                    {
                        "name": "cs-get-sensor-installersccid-by-query",
                        "description": "Get CCID to use with sensor installers"
                    },
                    {
                        "name": "cs-get-sensor-update-policies",
                        "description": "Retrieve a set of Sensor Update Policies by specifying their IDs"
                    },
                    {
                        "name": "cs-get-sensor-update-policiesv2",
                        "description": "Retrieve a set of Sensor Update Policies with additional support for uninstall protection by specifying their IDs"
                    },
                    {
                        "name": "cs-get-sensor-visibility-exclusionsv1",
                        "description": "Get a set of Sensor Visibility Exclusions by specifying their IDs"
                    },
                    {
                        "name": "cs-get-submissions",
                        "description": "Check the status of a sandbox analysis. Time required for analysis varies but is usually less than 15 minutes."
                    },
                    {
                        "name": "cs-get-summary-reports",
                        "description": "Get a short summary version of a sandbox report."
                    },
                    {
                        "name": "cs-get-user-group-members-byid",
                        "description": "Get User Group members by User Group ID(s)."
                    },
                    {
                        "name": "cs-get-user-groups-byid",
                        "description": "Get User Group by ID(s)."
                    },
                    {
                        "name": "cs-get-user-role-ids",
                        "description": "Show role IDs of roles assigned to a user. For more information on each role, provide the role ID to `/customer/entities/roles/v1`."
                    },
                    {
                        "name": "cs-get-vulnerabilities",
                        "description": "Get details on vulnerabilities by providing one or more IDs"
                    },
                    {
                        "name": "cs-getaws-accounts",
                        "description": "Retrieve a set of AWS Accounts by specifying their IDs"
                    },
                    {
                        "name": "cs-getaws-accounts-mixin0",
                        "description": "Provides a list of AWS accounts."
                    },
                    {
                        "name": "cs-getaws-settings",
                        "description": "Retrieve a set of Global Settings which are applicable to all provisioned AWS accounts"
                    },
                    {
                        "name": "cs-getcid-group-by-id",
                        "description": "Get CID Group(s) by ID(s)."
                    },
                    {
                        "name": "cs-getcid-group-members-by",
                        "description": "Get CID Group members by CID Group IDs."
                    },
                    {
                        "name": "cs-getcspm-aws-account",
                        "description": "Returns information about the current status of an AWS account."
                    },
                    {
                        "name": "cs-getcspm-aws-account-scripts-attachment",
                        "description": "Return a script for customer to run in their cloud environment to grant us access to their AWS environment as a downloadable attachment."
                    },
                    {
                        "name": "cs-getcspm-aws-console-setupur-ls",
                        "description": "Return a URL for customer to visit in their cloud environment to grant us access to their AWS environment."
                    },
                    {
                        "name": "cs-getcspm-azure-user-scripts",
                        "description": "Return a script for customer to run in their cloud environment to grant us access to their Azure environment"
                    },
                    {
                        "name": "cs-getcspm-policy",
                        "description": "Given a policy ID, returns detailed policy information."
                    },
                    {
                        "name": "cs-getcspm-policy-settings",
                        "description": "Returns information about current policy settings."
                    },
                    {
                        "name": "cs-getcspm-scan-schedule",
                        "description": "Returns scan schedule configuration for one or more cloud platforms."
                    },
                    {
                        "name": "cs-getcspmcgp-account",
                        "description": "Returns information about the current status of an GCP account."
                    },
                    {
                        "name": "cs-getcspmgcp-user-scripts",
                        "description": "Return a script for customer to run in their cloud environment to grant us access to their GCP environment"
                    },
                    {
                        "name": "cs-getcspmgcp-user-scripts-attachment",
                        "description": "Return a script for customer to run in their cloud environment to grant us access to their GCP environment as a downloadable attachment"
                    },
                    {
                        "name": "cs-getevents",
                        "description": "Get events entities by ID and optionally version"
                    },
                    {
                        "name": "cs-getfirewallfields",
                        "description": "Get the firewall field specifications by ID"
                    },
                    {
                        "name": "cs-getioa-events",
                        "description": "For CSPM IOA events, gets list of IOA events."
                    },
                    {
                        "name": "cs-getioa-exclusionsv1",
                        "description": "Get a set of IOA Exclusions by specifying their IDs"
                    },
                    {
                        "name": "cs-getioa-users",
                        "description": "For CSPM IOA users, gets list of IOA users."
                    },
                    {
                        "name": "cs-getioc",
                        "description": "    DEPRECATED     Use the new IOC Management endpoint (GET /iocs/entities/indicators/v1).     Get an IOC by providing a type and value."
                    },
                    {
                        "name": "cs-getml-exclusionsv1",
                        "description": "Get a set of ML Exclusions by specifying their IDs"
                    },
                    {
                        "name": "cs-getpatterns",
                        "description": "Get pattern severities by ID."
                    },
                    {
                        "name": "cs-getplatforms",
                        "description": "Get platforms by ID, e.g., windows or mac or droid"
                    },
                    {
                        "name": "cs-getplatforms-mixin0",
                        "description": "Get platforms by ID."
                    },
                    {
                        "name": "cs-getpolicycontainers",
                        "description": "Get policy container entities by policy ID"
                    },
                    {
                        "name": "cs-getrt-response-policies",
                        "description": "Retrieve a set of Response Policies by specifying their IDs"
                    },
                    {
                        "name": "cs-getrulegroups",
                        "description": "Get rule group entities by ID. These groups do not contain their rule entites, just the rule IDs in precedence order."
                    },
                    {
                        "name": "cs-getrulegroups-mixin0",
                        "description": "Get rule groups by ID."
                    },
                    {
                        "name": "cs-getrules",
                        "description": "Get rule entities by ID (64-bit unsigned int as decimal string) or Family ID (32-character hexadecimal string)"
                    },
                    {
                        "name": "cs-getrules-mixin0",
                        "description": "Get rules by ID and optionally version in the following format: `ID[:version]`. The max number of IDs is constrained by URL size."
                    },
                    {
                        "name": "cs-getrulesget",
                        "description": "Get rules by ID and optionally version in the following format: `ID[:version]`."
                    },
                    {
                        "name": "cs-getruletypes",
                        "description": "Get rule types by ID."
                    },
                    {
                        "name": "cs-grant-user-role-ids",
                        "description": "Assign one or more roles to a user"
                    },
                    {
                        "name": "cs-indicatorcombinedv1",
                        "description": "Get Combined for Indicators."
                    },
                    {
                        "name": "cs-indicatorcreatev1",
                        "description": "Create Indicators."
                    },
                    {
                        "name": "cs-indicatordeletev1",
                        "description": "Delete Indicators by ids."
                    },
                    {
                        "name": "cs-indicatorgetv1",
                        "description": "Get Indicators by ids."
                    },
                    {
                        "name": "cs-indicatorsearchv1",
                        "description": "Search for Indicators."
                    },
                    {
                        "name": "cs-indicatorupdatev1",
                        "description": "Update Indicators."
                    },
                    {
                        "name": "cs-list-available-streamso-auth2",
                        "description": "Discover all event streams in your environment"
                    },
                    {
                        "name": "cs-oauth2-access-token",
                        "description": "Generate an OAuth2 access token"
                    },
                    {
                        "name": "cs-oauth2-revoke-token",
                        "description": "Revoke a previously issued OAuth2 access token before the end of its standard 30-minute life ."
                    },
                    {
                        "name": "cs-patch-cloudconnectazure-entities-clientid-v1",
                        "description": "Update an Azure service account in our system by with the user-created client_id created with the public key we've provided"
                    },
                    {
                        "name": "cs-patch-cloudconnectcspmazure-entities-clientid-v1",
                        "description": "Update an Azure service account in our system by with the user-created client_id created with the public key we've provided"
                    },
                    {
                        "name": "cs-patchcspm-aws-account",
                        "description": "Patches a existing account in our system for a customer."
                    },
                    {
                        "name": "cs-perform-actionv2",
                        "description": "Take various actions on the hosts in your environment. Contain or lift containment on a host. Delete or restore a host."
                    },
                    {
                        "name": "cs-perform-device-control-policies-action",
                        "description": "Perform the specified action on the Device Control Policies specified in the request"
                    },
                    {
                        "name": "cs-perform-firewall-policies-action",
                        "description": "Perform the specified action on the Firewall Policies specified in the request"
                    },
                    {
                        "name": "cs-perform-group-action",
                        "description": "Perform the specified action on the Host Groups specified in the request"
                    },
                    {
                        "name": "cs-perform-incident-action",
                        "description": "Perform a set of actions on one or more incidents, such as adding tags or comments or updating the incident name or description"
                    },
                    {
                        "name": "cs-perform-prevention-policies-action",
                        "description": "Perform the specified action on the Prevention Policies specified in the request"
                    },
                    {
                        "name": "cs-perform-sensor-update-policies-action",
                        "description": "Perform the specified action on the Sensor Update Policies specified in the request"
                    },
                    {
                        "name": "cs-performrt-response-policies-action",
                        "description": "Perform the specified action on the Response Policies specified in the request"
                    },
                    {
                        "name": "cs-post-cloudconnectazure-entities-account-v1",
                        "description": "Creates a new account in our system for a customer and generates a script for them to run in their cloud environment to grant us access."
                    },
                    {
                        "name": "cs-post-cloudconnectcspmazure-entities-account-v1",
                        "description": "Creates a new account in our system for a customer and generates a script for them to run in their cloud environment to grant us access."
                    },
                    {
                        "name": "cs-post-mal-query-entities-samples-multidownloadv1",
                        "description": "Schedule samples for download. Use the result id with the /request endpoint to check if the download is ready after which you can call the /entities/samples-fetch to get the zip"
                    },
                    {
                        "name": "cs-post-mal-query-exact-searchv1",
                        "description": "Search Falcon MalQuery for a combination of hex patterns and strings in order to identify samples based upon file content at byte level granularity. You can filter results on criteria such as file type, file size and first seen date. Returns a request id which can be used with the /request endpoint"
                    },
                    {
                        "name": "cs-post-mal-query-fuzzy-searchv1",
                        "description": "Search Falcon MalQuery quickly, but with more potential for false positives. Search for a combination of hex patterns and strings in order to identify samples based upon file content at byte level granularity."
                    },
                    {
                        "name": "cs-post-mal-query-huntv1",
                        "description": "Schedule a YARA-based search for execution. Returns a request id which can be used with the /request endpoint"
                    },
                    {
                        "name": "cs-preview-rulev1",
                        "description": "Preview rules notification count and distribution. This will return aggregations on: channel, count, site."
                    },
                    {
                        "name": "cs-processes-ran-on",
                        "description": "Search for processes associated with a custom IOC"
                    },
                    {
                        "name": "cs-provisionaws-accounts",
                        "description": "Provision AWS Accounts by specifying details about the accounts to provision"
                    },
                    {
                        "name": "cs-query-actionsv1",
                        "description": "Query actions based on provided criteria. Use the IDs from this response to get the action entities on GET /entities/actions/v1."
                    },
                    {
                        "name": "cs-query-allow-list-filter",
                        "description": "Retrieve allowlist tickets that match the provided filter criteria with scrolling enabled"
                    },
                    {
                        "name": "cs-query-behaviors",
                        "description": "Search for behaviors by providing an FQL filter, sorting, and paging details"
                    },
                    {
                        "name": "cs-query-block-list-filter",
                        "description": "Retrieve block listtickets that match the provided filter criteria with scrolling enabled"
                    },
                    {
                        "name": "cs-query-children",
                        "description": "Query for customers linked as children"
                    },
                    {
                        "name": "cs-query-combined-device-control-policies",
                        "description": "Search for Device Control Policies in your environment by providing an FQL filter and paging details. Returns a set of Device Control Policies which match the filter criteria"
                    },
                    {
                        "name": "cs-query-combined-device-control-policy-members",
                        "description": "Search for members of a Device Control Policy in your environment by providing an FQL filter and paging details. Returns a set of host details which match the filter criteria"
                    },
                    {
                        "name": "cs-query-combined-firewall-policies",
                        "description": "Search for Firewall Policies in your environment by providing an FQL filter and paging details. Returns a set of Firewall Policies which match the filter criteria"
                    },
                    {
                        "name": "cs-query-combined-firewall-policy-members",
                        "description": "Search for members of a Firewall Policy in your environment by providing an FQL filter and paging details. Returns a set of host details which match the filter criteria"
                    },
                    {
                        "name": "cs-query-combined-group-members",
                        "description": "Search for members of a Host Group in your environment by providing an FQL filter and paging details. Returns a set of host details which match the filter criteria"
                    },
                    {
                        "name": "cs-query-combined-host-groups",
                        "description": "Search for Host Groups in your environment by providing an FQL filter and paging details. Returns a set of Host Groups which match the filter criteria"
                    },
                    {
                        "name": "cs-query-combined-prevention-policies",
                        "description": "Search for Prevention Policies in your environment by providing an FQL filter and paging details. Returns a set of Prevention Policies which match the filter criteria"
                    },
                    {
                        "name": "cs-query-combined-prevention-policy-members",
                        "description": "Search for members of a Prevention Policy in your environment by providing an FQL filter and paging details. Returns a set of host details which match the filter criteria"
                    },
                    {
                        "name": "cs-query-combined-sensor-update-builds",
                        "description": "Retrieve available builds for use with Sensor Update Policies"
                    },
                    {
                        "name": "cs-query-combined-sensor-update-policies",
                        "description": "Search for Sensor Update Policies in your environment by providing an FQL filter and paging details. Returns a set of Sensor Update Policies which match the filter criteria"
                    },
                    {
                        "name": "cs-query-combined-sensor-update-policiesv2",
                        "description": "Search for Sensor Update Policies with additional support for uninstall protection in your environment by providing an FQL filter and paging details. Returns a set of Sensor Update Policies which match the filter criteria"
                    },
                    {
                        "name": "cs-query-combined-sensor-update-policy-members",
                        "description": "Search for members of a Sensor Update Policy in your environment by providing an FQL filter and paging details. Returns a set of host details which match the filter criteria"
                    },
                    {
                        "name": "cs-query-combinedrt-response-policies",
                        "description": "Search for Response Policies in your environment by providing an FQL filter and paging details. Returns a set of Response Policies which match the filter criteria"
                    },
                    {
                        "name": "cs-query-combinedrt-response-policy-members",
                        "description": "Search for members of a Response policy in your environment by providing an FQL filter and paging details. Returns a set of host details which match the filter criteria"
                    },
                    {
                        "name": "cs-query-detection-ids-by-filter",
                        "description": "Retrieve DetectionsIds that match the provided FQL filter, criteria with scrolling enabled"
                    },
                    {
                        "name": "cs-query-detects",
                        "description": "Search for detection IDs that match a given query"
                    },
                    {
                        "name": "cs-query-device-control-policies",
                        "description": "Search for Device Control Policies in your environment by providing an FQL filter and paging details. Returns a set of Device Control Policy IDs which match the filter criteria"
                    },
                    {
                        "name": "cs-query-device-control-policy-members",
                        "description": "Search for members of a Device Control Policy in your environment by providing an FQL filter and paging details. Returns a set of Agent IDs which match the filter criteria"
                    },
                    {
                        "name": "cs-query-devices-by-filter",
                        "description": "Search for hosts in your environment by platform, hostname, IP, and other criteria."
                    },
                    {
                        "name": "cs-query-devices-by-filter-scroll",
                        "description": "Search for hosts in your environment by platform, hostname, IP, and other criteria with continuous pagination capability (based on offset pointer which expires after 2 minutes with no maximum limit)"
                    },
                    {
                        "name": "cs-query-escalations-filter",
                        "description": "Retrieve escalation tickets that match the provided filter criteria with scrolling enabled"
                    },
                    {
                        "name": "cs-query-firewall-policies",
                        "description": "Search for Firewall Policies in your environment by providing an FQL filter and paging details. Returns a set of Firewall Policy IDs which match the filter criteria"
                    },
                    {
                        "name": "cs-query-firewall-policy-members",
                        "description": "Search for members of a Firewall Policy in your environment by providing an FQL filter and paging details. Returns a set of Agent IDs which match the filter criteria"
                    },
                    {
                        "name": "cs-query-group-members",
                        "description": "Search for members of a Host Group in your environment by providing an FQL filter and paging details. Returns a set of Agent IDs which match the filter criteria"
                    },
                    {
                        "name": "cs-query-hidden-devices",
                        "description": "Retrieve hidden hosts that match the provided filter criteria."
                    },
                    {
                        "name": "cs-query-host-groups",
                        "description": "Search for Host Groups in your environment by providing an FQL filter and paging details. Returns a set of Host Group IDs which match the filter criteria"
                    },
                    {
                        "name": "cs-query-incident-ids-by-filter",
                        "description": "Retrieve incidents that match the provided filter criteria with scrolling enabled"
                    },
                    {
                        "name": "cs-query-incidents",
                        "description": "Search for incidents by providing an FQL filter, sorting, and paging details"
                    },
                    {
                        "name": "cs-query-intel-actor-entities",
                        "description": "Get info about actors that match provided FQL filters."
                    },
                    {
                        "name": "cs-query-intel-actor-ids",
                        "description": "Get actor IDs that match provided FQL filters."
                    },
                    {
                        "name": "cs-query-intel-indicator-entities",
                        "description": "Get info about indicators that match provided FQL filters."
                    },
                    {
                        "name": "cs-query-intel-indicator-ids",
                        "description": "Get indicators IDs that match provided FQL filters."
                    },
                    {
                        "name": "cs-query-intel-report-entities",
                        "description": "Get info about reports that match provided FQL filters."
                    },
                    {
                        "name": "cs-query-intel-report-ids",
                        "description": "Get report IDs that match provided FQL filters."
                    },
                    {
                        "name": "cs-query-intel-rule-ids",
                        "description": "Search for rule IDs that match provided filter criteria."
                    },
                    {
                        "name": "cs-query-notificationsv1",
                        "description": "Query notifications based on provided criteria. Use the IDs from this response to get the notification entities on GET /entities/notifications/v1 or GET /entities/notifications-detailed/v1."
                    },
                    {
                        "name": "cs-query-prevention-policies",
                        "description": "Search for Prevention Policies in your environment by providing an FQL filter and paging details. Returns a set of Prevention Policy IDs which match the filter criteria"
                    },
                    {
                        "name": "cs-query-prevention-policy-members",
                        "description": "Search for members of a Prevention Policy in your environment by providing an FQL filter and paging details. Returns a set of Agent IDs which match the filter criteria"
                    },
                    {
                        "name": "cs-query-remediations-filter",
                        "description": "Retrieve remediation tickets that match the provided filter criteria with scrolling enabled"
                    },
                    {
                        "name": "cs-query-reports",
                        "description": "Find sandbox reports by providing an FQL filter and paging details. Returns a set of report IDs that match your criteria."
                    },
                    {
                        "name": "cs-query-roles",
                        "description": "Query MSSP Role assignment. At least one of CID Group ID or User Group ID should also be provided. Role ID is optional."
                    },
                    {
                        "name": "cs-query-rulesv1",
                        "description": "Query monitoring rules based on provided criteria. Use the IDs from this response to fetch the rules on /entities/rules/v1."
                    },
                    {
                        "name": "cs-query-samplev1",
                        "description": "Retrieves a list with sha256 of samples that exist and customer has rights to access them, maximum number of accepted items is 200"
                    },
                    {
                        "name": "cs-query-sensor-update-policies",
                        "description": "Search for Sensor Update Policies in your environment by providing an FQL filter and paging details. Returns a set of Sensor Update Policy IDs which match the filter criteria"
                    },
                    {
                        "name": "cs-query-sensor-update-policy-members",
                        "description": "Search for members of a Sensor Update Policy in your environment by providing an FQL filter and paging details. Returns a set of Agent IDs which match the filter criteria"
                    },
                    {
                        "name": "cs-query-sensor-visibility-exclusionsv1",
                        "description": "Search for sensor visibility exclusions."
                    },
                    {
                        "name": "cs-query-submissions",
                        "description": "Find submission IDs for uploaded files by providing an FQL filter and paging details. Returns a set of submission IDs that match your criteria."
                    },
                    {
                        "name": "cs-query-submissions-mixin0",
                        "description": "Find IDs for submitted scans by providing an FQL filter and paging details. Returns a set of volume IDs that match your criteria."
                    },
                    {
                        "name": "cs-query-user-group-members",
                        "description": "Query User Group member by User UUID."
                    },
                    {
                        "name": "cs-query-user-groups",
                        "description": "Query User Groups."
                    },
                    {
                        "name": "cs-query-vulnerabilities",
                        "description": "Search for Vulnerabilities in your environment by providing an FQL filter and paging details. Returns a set of Vulnerability IDs which match the filter criteria"
                    },
                    {
                        "name": "cs-queryaws-accounts",
                        "description": "Search for provisioned AWS Accounts by providing an FQL filter and paging details. Returns a set of AWS accounts which match the filter criteria"
                    },
                    {
                        "name": "cs-queryaws-accounts-fori-ds",
                        "description": "Search for provisioned AWS Accounts by providing an FQL filter and paging details. Returns a set of AWS account IDs which match the filter criteria"
                    },
                    {
                        "name": "cs-querycid-group-members",
                        "description": "Query a CID Groups members by associated CID."
                    },
                    {
                        "name": "cs-querycid-groups",
                        "description": "Query CID Groups."
                    },
                    {
                        "name": "cs-queryevents",
                        "description": "Find all event IDs matching the query with filter"
                    },
                    {
                        "name": "cs-queryfirewallfields",
                        "description": "Get the firewall field specification IDs for the provided platform"
                    },
                    {
                        "name": "cs-queryio-cs",
                        "description": "    DEPRECATED     Use the new IOC Management endpoint (GET /iocs/queries/indicators/v1).     Search the custom IOCs in your customer account."
                    },
                    {
                        "name": "cs-queryioa-exclusionsv1",
                        "description": "Search for IOA exclusions."
                    },
                    {
                        "name": "cs-queryml-exclusionsv1",
                        "description": "Search for ML exclusions."
                    },
                    {
                        "name": "cs-querypatterns",
                        "description": "Get all pattern severity IDs."
                    },
                    {
                        "name": "cs-queryplatforms",
                        "description": "Get the list of platform names"
                    },
                    {
                        "name": "cs-queryplatforms-mixin0",
                        "description": "Get all platform IDs."
                    },
                    {
                        "name": "cs-querypolicyrules",
                        "description": "Find all firewall rule IDs matching the query with filter, and return them in precedence order"
                    },
                    {
                        "name": "cs-queryrt-response-policies",
                        "description": "Search for Response Policies in your environment by providing an FQL filter with sort and/or paging details. This returns a set of Response Policy IDs that match the given criteria."
                    },
                    {
                        "name": "cs-queryrt-response-policy-members",
                        "description": "Search for members of a Response policy in your environment by providing an FQL filter and paging details. Returns a set of Agent IDs which match the filter criteria"
                    },
                    {
                        "name": "cs-queryrulegroups",
                        "description": "Find all rule group IDs matching the query with filter"
                    },
                    {
                        "name": "cs-queryrulegroups-mixin0",
                        "description": "Finds all rule group IDs matching the query with optional filter."
                    },
                    {
                        "name": "cs-queryrulegroupsfull",
                        "description": "Find all rule groups matching the query with optional filter."
                    },
                    {
                        "name": "cs-queryrules",
                        "description": "Find all rule IDs matching the query with filter"
                    },
                    {
                        "name": "cs-queryrules-mixin0",
                        "description": "Finds all rule IDs matching the query with optional filter."
                    },
                    {
                        "name": "cs-queryruletypes",
                        "description": "Get all rule type IDs."
                    },
                    {
                        "name": "cs-refresh-active-stream-session",
                        "description": "Refresh an active event stream. Use the URL shown in a GET /sensors/entities/datafeed/v2 response."
                    },
                    {
                        "name": "cs-regenerateapi-key",
                        "description": "Regenerate API key for docker registry integrations"
                    },
                    {
                        "name": "cs-retrieve-emails-bycid",
                        "description": "List the usernames (usually an email address) for all users in your customer account"
                    },
                    {
                        "name": "cs-retrieve-user",
                        "description": "Get info about a user"
                    },
                    {
                        "name": "cs-retrieve-useruui-ds-bycid",
                        "description": "List user IDs for all users in your customer account. For more information on each user, provide the user ID to `/users/entities/user/v1`."
                    },
                    {
                        "name": "cs-retrieve-useruuid",
                        "description": "Get a user's ID by providing a username (usually an email address)"
                    },
                    {
                        "name": "cs-reveal-uninstall-token",
                        "description": "Reveals an uninstall token for a specific device. To retrieve the bulk maintenance token pass the value 'MAINTENANCE' as the value for 'device_id'"
                    },
                    {
                        "name": "cs-revoke-user-role-ids",
                        "description": "Revoke one or more roles from a user"
                    },
                    {
                        "name": "cs-rtr-aggregate-sessions",
                        "description": "Get aggregates on session data."
                    },
                    {
                        "name": "cs-rtr-check-active-responder-command-status",
                        "description": "Get status of an executed active-responder command on a single host."
                    },
                    {
                        "name": "cs-rtr-check-admin-command-status",
                        "description": "Get status of an executed RTR administrator command on a single host."
                    },
                    {
                        "name": "cs-rtr-check-command-status",
                        "description": "Get status of an executed command on a single host."
                    },
                    {
                        "name": "cs-rtr-create-put-files",
                        "description": "Upload a new put-file to use for the RTR `put` command."
                    },
                    {
                        "name": "cs-rtr-create-scripts",
                        "description": "Upload a new custom-script to use for the RTR `runscript` command."
                    },
                    {
                        "name": "cs-rtr-delete-file",
                        "description": "Delete a RTR session file."
                    },
                    {
                        "name": "cs-rtr-delete-put-files",
                        "description": "Delete a put-file based on the ID given.  Can only delete one file at a time."
                    },
                    {
                        "name": "cs-rtr-delete-queued-session",
                        "description": "Delete a queued session command"
                    },
                    {
                        "name": "cs-rtr-delete-scripts",
                        "description": "Delete a custom-script based on the ID given.  Can only delete one script at a time."
                    },
                    {
                        "name": "cs-rtr-delete-session",
                        "description": "Delete a session."
                    },
                    {
                        "name": "cs-rtr-execute-active-responder-command",
                        "description": "Execute an active responder command on a single host."
                    },
                    {
                        "name": "cs-rtr-execute-admin-command",
                        "description": "Execute a RTR administrator command on a single host."
                    },
                    {
                        "name": "cs-rtr-execute-command",
                        "description": "Execute a command on a single host."
                    },
                    {
                        "name": "cs-rtr-get-extracted-file-contents",
                        "description": "Get RTR extracted file contents for specified session and sha256."
                    },
                    {
                        "name": "cs-rtr-get-put-files",
                        "description": "Get put-files based on the ID's given. These are used for the RTR `put` command."
                    },
                    {
                        "name": "cs-rtr-get-scripts",
                        "description": "Get custom-scripts based on the ID's given. These are used for the RTR `runscript` command."
                    },
                    {
                        "name": "cs-rtr-init-session",
                        "description": "Initialize a new session with the RTR cloud."
                    },
                    {
                        "name": "cs-rtr-list-all-sessions",
                        "description": "Get a list of session_ids."
                    },
                    {
                        "name": "cs-rtr-list-files",
                        "description": "Get a list of files for the specified RTR session."
                    },
                    {
                        "name": "cs-rtr-list-put-files",
                        "description": "Get a list of put-file ID's that are available to the user for the `put` command."
                    },
                    {
                        "name": "cs-rtr-list-queued-sessions",
                        "description": "Get queued session metadata by session ID."
                    },
                    {
                        "name": "cs-rtr-list-scripts",
                        "description": "Get a list of custom-script ID's that are available to the user for the `runscript` command."
                    },
                    {
                        "name": "cs-rtr-list-sessions",
                        "description": "Get session metadata by session id."
                    },
                    {
                        "name": "cs-rtr-pulse-session",
                        "description": "Refresh a session timeout on a single host."
                    },
                    {
                        "name": "cs-rtr-update-scripts",
                        "description": "Upload a new scripts to replace an existing one."
                    },
                    {
                        "name": "cs-scan-samples",
                        "description": "Submit a volume of files for ml scanning. Time required for analysis increases with the number of samples in a volume but usually it should take less than 1 minute"
                    },
                    {
                        "name": "cs-set-device-control-policies-precedence",
                        "description": "Sets the precedence of Device Control Policies based on the order of IDs specified in the request. The first ID specified will have the highest precedence and the last ID specified will have the lowest. You must specify all non-Default Policies for a platform when updating precedence"
                    },
                    {
                        "name": "cs-set-firewall-policies-precedence",
                        "description": "Sets the precedence of Firewall Policies based on the order of IDs specified in the request. The first ID specified will have the highest precedence and the last ID specified will have the lowest. You must specify all non-Default Policies for a platform when updating precedence"
                    },
                    {
                        "name": "cs-set-prevention-policies-precedence",
                        "description": "Sets the precedence of Prevention Policies based on the order of IDs specified in the request. The first ID specified will have the highest precedence and the last ID specified will have the lowest. You must specify all non-Default Policies for a platform when updating precedence"
                    },
                    {
                        "name": "cs-set-sensor-update-policies-precedence",
                        "description": "Sets the precedence of Sensor Update Policies based on the order of IDs specified in the request. The first ID specified will have the highest precedence and the last ID specified will have the lowest. You must specify all non-Default Policies for a platform when updating precedence"
                    },
                    {
                        "name": "cs-setrt-response-policies-precedence",
                        "description": "Sets the precedence of Response Policies based on the order of IDs specified in the request. The first ID specified will have the highest precedence and the last ID specified will have the lowest. You must specify all non-Default Policies for a platform when updating precedence"
                    },
                    {
                        "name": "cs-submit",
                        "description": "Submit an uploaded file or a URL for sandbox analysis. Time required for analysis varies but is usually less than 15 minutes."
                    },
                    {
                        "name": "cs-tokenscreate",
                        "description": "Creates a token."
                    },
                    {
                        "name": "cs-tokensdelete",
                        "description": "Deletes a token immediately. To revoke a token, use PATCH /installation-tokens/entities/tokens/v1 instead."
                    },
                    {
                        "name": "cs-tokensquery",
                        "description": "Search for tokens by providing an FQL filter and paging details."
                    },
                    {
                        "name": "cs-tokensread",
                        "description": "Gets the details of one or more tokens by id."
                    },
                    {
                        "name": "cs-tokensupdate",
                        "description": "Updates one or more tokens. Use this endpoint to edit labels, change expiration, revoke, or restore."
                    },
                    {
                        "name": "cs-trigger-scan",
                        "description": "Triggers a dry run or a full scan of a customer's kubernetes footprint"
                    },
                    {
                        "name": "cs-update-actionv1",
                        "description": "Update an action for a monitoring rule."
                    },
                    {
                        "name": "cs-update-detects-by-idsv2",
                        "description": "Modify the state, assignee, and visibility of detections"
                    },
                    {
                        "name": "cs-update-device-control-policies",
                        "description": "Update Device Control Policies by specifying the ID of the policy and details to update"
                    },
                    {
                        "name": "cs-update-device-tags",
                        "description": "Append or remove one or more Falcon Grouping Tags on one or more hosts."
                    },
                    {
                        "name": "cs-update-firewall-policies",
                        "description": "Update Firewall Policies by specifying the ID of the policy and details to update"
                    },
                    {
                        "name": "cs-update-host-groups",
                        "description": "Update Host Groups by specifying the ID of the group and details to update"
                    },
                    {
                        "name": "cs-update-notificationsv1",
                        "description": "Update notification status or assignee. Accepts bulk requests"
                    },
                    {
                        "name": "cs-update-prevention-policies",
                        "description": "Update Prevention Policies by specifying the ID of the policy and details to update"
                    },
                    {
                        "name": "cs-update-rulesv1",
                        "description": "Update monitoring rules."
                    },
                    {
                        "name": "cs-update-sensor-update-policies",
                        "description": "Update Sensor Update Policies by specifying the ID of the policy and details to update"
                    },
                    {
                        "name": "cs-update-sensor-update-policiesv2",
                        "description": "Update Sensor Update Policies by specifying the ID of the policy and details to update with additional support for uninstall protection"
                    },
                    {
                        "name": "cs-update-sensor-visibility-exclusionsv1",
                        "description": "Update the sensor visibility exclusions"
                    },
                    {
                        "name": "cs-update-user",
                        "description": "Modify an existing user's first or last name"
                    },
                    {
                        "name": "cs-update-user-groups",
                        "description": "Update existing User Group(s). User Group ID is expected for each User Group definition provided in request body. User Group member(s) remain unaffected."
                    },
                    {
                        "name": "cs-updateaws-account",
                        "description": "Updates the AWS account per the query  meters provided"
                    },
                    {
                        "name": "cs-updateaws-accounts",
                        "description": "Update AWS Accounts by specifying the ID of the account and details to update"
                    },
                    {
                        "name": "cs-updatecid-groups",
                        "description": "Update existing CID Group(s). CID Group ID is expected for each CID Group definition provided in request body. CID Group member(s) remain unaffected."
                    },
                    {
                        "name": "cs-updatecspm-azure-tenant-default-subscriptionid",
                        "description": "Update an Azure default subscription_id in our system for given tenant_id"
                    },
                    {
                        "name": "cs-updatecspm-policy-settings",
                        "description": "Updates a policy setting - can be used to override policy severity or to disable a policy entirely."
                    },
                    {
                        "name": "cs-updatecspm-scan-schedule",
                        "description": "Updates scan schedule configuration for one or more cloud platforms."
                    },
                    {
                        "name": "cs-updateioa-exclusionsv1",
                        "description": "Update the IOA exclusions"
                    },
                    {
                        "name": "cs-updateioc",
                        "description": "    DEPRECATED     Use the new IOC Management endpoint (PATCH /iocs/entities/indicators/v1).     Update an IOC by providing a type and value."
                    },
                    {
                        "name": "cs-updateml-exclusionsv1",
                        "description": "Update the ML exclusions"
                    },
                    {
                        "name": "cs-updatepolicycontainer",
                        "description": "Update an identified policy container"
                    },
                    {
                        "name": "cs-updatert-response-policies",
                        "description": "Update Response Policies by specifying the ID of the policy and details to update"
                    },
                    {
                        "name": "cs-updaterulegroup",
                        "description": "Update name, description, or enabled status of a rule group, or create, edit, delete, or reorder rules"
                    },
                    {
                        "name": "cs-updaterulegroup-mixin0",
                        "description": "Update a rule group. The following properties can be modified: name, description, enabled."
                    },
                    {
                        "name": "cs-updaterules",
                        "description": "Update rules within a rule group. Return the updated rules."
                    },
                    {
                        "name": "cs-upload-samplev2",
                        "description": "Upload a file for sandbox analysis. After uploading, use `/falconx/entities/submissions/v1` to start analyzing the file."
                    },
                    {
                        "name": "cs-upload-samplev3",
                        "description": "Upload a file for further cloud analysis. After uploading, call the specific analysis API endpoint."
                    },
                    {
                        "name": "cs-validate",
                        "description": "Validates field values and checks for matches if a test string is provided."
                    },
                    {
                        "name": "cs-verifyaws-account-access",
                        "description": "Performs an Access Verification check on the specified AWS Account IDs"
                    }
                ]
            }
        ]
    },
    "searchRank": 20,
    "integrations": [
        {
            "name": "CrowdStrike OpenAPI (Beta)",
            "imagePath": "content/packs/CrowdStrikeOpenAPI/CrowdStrikeOpenAPI_image.png"
        }
    ],
    "useCases": [],
    "keywords": [],
    "dependencies": {
        "Base": {
            "mandatory": true,
            "minVersion": "1.13.31",
            "author": "Cortex XSOAR",
            "name": "Base",
            "certification": "certified"
        }
    }
}