{
    "name": "MicroFocus SMAX",
    "id": "MicroFocusSMAX",
    "description": "You can use this pack to fetch SMAX incidents/requests and automate  different sort of actions",
    "created": "2021-11-10T09:18:20Z",
    "updated": "2021-11-10T09:18:20Z",
    "legacy": true,
    "support": "community",
    "supportDetails": {
        "email": "amahmoud@paloaltonetworks.com"
    },
    "eulaLink": "https://github.com/demisto/content/blob/master/LICENSE",
    "author": "Ayman Mahmoud",
    "authorImage": "",
    "certification": "",
    "price": 0,
    "serverMinVersion": "6.0.0",
    "currentVersion": "1.0.0",
    "versionInfo": "2030938",
    "commit": "0389e8382253eaef89869ea67784401b9dd6931e",
    "downloads": 12,
    "tags": [
        "New"
    ],
    "categories": [
        "Case Management"
    ],
    "contentItems": {
        "classifier": [
            {
                "name": "Microfocus SMAX Classifier",
                "description": "Microfocus SMAX Classifier"
            },
            {
                "name": "MicroFocus SMAX Mapper",
                "description": "MicroFocus SMAX Mapper"
            }
        ],
        "incidenttype": [
            {
                "name": "MicroFocus SMAX Incident",
                "playbook": "",
                "closureScript": "",
                "hours": 0,
                "days": 0,
                "weeks": 0
            },
            {
                "name": "MicroFocus SMAX Request",
                "playbook": "",
                "closureScript": "",
                "hours": 0,
                "days": 0,
                "weeks": 0
            }
        ],
        "integration": [
            {
                "name": "MicroFocus SMAX (Community Contribution)",
                "description": "Fetch SMAX cases and automate  differen SMAX case management actions",
                "category": "Case Management",
                "commands": [
                    {
                        "name": "microfocus-smax-get-entity",
                        "description": "Get any entity details"
                    },
                    {
                        "name": "microfocus-smax-query-entities",
                        "description": "Query entities' details using a collection query filter"
                    },
                    {
                        "name": "microfocus-smax-create-entities",
                        "description": "Create new entities"
                    },
                    {
                        "name": "microfocus-smax-update-entities",
                        "description": "Update entities"
                    },
                    {
                        "name": "microfocus-smax-create-incident",
                        "description": "Create a new incident"
                    },
                    {
                        "name": "microfocus-smax-update-incident",
                        "description": "Update an incident"
                    },
                    {
                        "name": "microfocus-smax-create-request",
                        "description": "Create a new request"
                    },
                    {
                        "name": "microfocus-smax-update-request",
                        "description": "Update a request"
                    }
                ]
            }
        ]
    },
    "searchRank": 10,
    "integrations": [
        {
            "name": "MicroFocus SMAX",
            "imagePath": "content/packs/MicroFocusSMAX/MicroFocusSMAX_image.png"
        }
    ],
    "useCases": [],
    "keywords": [],
    "dependencies": {
        "Base": {
            "mandatory": true,
            "minVersion": "1.16.0",
            "author": "Cortex XSOAR",
            "name": "Base",
            "certification": "certified"
        },
        "CommonTypes": {
            "mandatory": true,
            "minVersion": "3.1.27",
            "author": "Cortex XSOAR",
            "name": "Common Types",
            "certification": "certified"
        }
    }
}