{
    "1.0.0": {
        "releaseNotes": "Threat Intel Reports gives the user the ability to create, review, publish, and export threat intelligence reports.",
        "displayName": "1.0.0 - 1986746",
        "released": "2021-11-18T19:57:32Z"
    },
    "1.0.1": {
        "releaseNotes": "#### Layouts\n##### Vulnerability Report\n- Maintenance and stability enhancements.\n##### Executive Brief Report\n- Maintenance and stability enhancements.\n##### Malware Report\n- Maintenance and stability enhancements.\n##### Campaign Report\n- Maintenance and stability enhancements.\n##### Threat Actor Report\n- Maintenance and stability enhancements.\n\n#### Object Fields\n- **(Threat Intel Report) - Objective**\n- **(Threat Intel Report) - Fuzzy Hash**\n- **(Threat Intel Report) - Operating System**\n- **(Threat Intel Report) - Report Status**\n- **(Threat Intel Report) - First Seen**\n- **(Threat Intel Report) - Indicator Type**\n- **(Threat Intel Report) - Body Campaign**\n- **(Threat Intel Report) - Modified**\n- **(Threat Intel Report) - Targeting**\n- **(Threat Intel Report) - Tags**\n- **(Threat Intel Report) - Primary Motivation**\n- **(Threat Intel Report) - Sophistication**\n- **(Threat Intel Report) - Published**\n- **(Threat Intel Report) - CVSS**\n- **(Threat Intel Report) - Threat Actor Types**\n- **(Threat Intel Report) - Body Malware**\n- **(Threat Intel Report) - Secondary Motivations**\n- **(Threat Intel Report) - Last Seen**\n- **(Threat Intel Report) - Goals**\n- **(Threat Intel Report) - Source**\n- **(Threat Intel Report) - Creator**\n- **(Threat Intel Report) - Malware Type**\n- **(Threat Intel Report) - Body Threat Actor**\n- **(Threat Intel Report) - Body Executive Report**\n- **(Threat Intel Report) - Body Executive Brief**\n- **(Threat Intel Report) - Body Vulnerability**\n- **(Threat Intel Report) - Logo**\n- **(Threat Intel Report) - CVE**\n- **(Threat Intel Report) - Description**\n- **(Threat Intel Report) - Aliases**\n- **(Threat Intel Report) - Threat Actor**\n- **(Threat Intel Report) - First Seen By Source**\n\n#### Object Types\n- **(Threat Intel Report) - Vulnerability**\n- **(Threat Intel Report) - Malware**\n- **(Threat Intel Report) - Executive Brief**\n- **(Threat Intel Report) - Threat Actor**\n- **(Threat Intel Report) - Campaign**",
        "displayName": "1.0.1  -  1988895",
        "released": "2021-11-21T21:16:22Z"
    },
    "1.0.2": {
        "releaseNotes": "#### Layouts\n##### Vulnerability Report\n- Maintenance and stability enhancements.\n##### Campaign Report\n- Maintenance and stability enhancements.\n##### Threat Actor Report\n- Maintenance and stability enhancements.\n##### Executive Brief Report\n- Maintenance and stability enhancements.\n##### Malware Report\n- Maintenance and stability enhancements.\n\n#### Object Fields\n- **(Threat Intel Report) - Vulnerability Type**\n- **(Threat Intel Report) - Body Threat Actor**\n- **(Threat Intel Report) - Body Vulnerability**\n- **(Threat Intel Report) - Body Executive Brief**\n- **(Threat Intel Report) - Body Campaign**\n- **(Threat Intel Report) - Operating System**\n- **(Threat Intel Report) - Malware Type**\n- **(Threat Intel Report) - Threat Actor Types**\n- **(Threat Intel Report) - Body Malware**\n\n#### Object Types\n- **(Threat Intel Report) - Vulnerability**\n- **(Threat Intel Report) - Executive Brief**\n- **(Threat Intel Report) - Campaign**\n- **(Threat Intel Report) - Malware**\n- **(Threat Intel Report) - Threat Actor**",
        "displayName": "1.0.2 - 1999336",
        "released": "2021-11-23T21:15:51Z"
    }
}