{
    "name": "Threat Intel Reports",
    "id": "ThreatIntelReports",
    "description": "Threat Intel Reports gives the user the ability to create, review, publish, and export threat intelligence reports.",
    "created": "2021-11-18T19:57:32Z",
    "updated": "2021-11-18T19:57:32Z",
    "legacy": true,
    "support": "xsoar",
    "supportDetails": {
        "url": "https://www.paloaltonetworks.com/cortex"
    },
    "eulaLink": "https://github.com/demisto/content/blob/master/LICENSE",
    "author": "Cortex XSOAR",
    "authorImage": "content/packs/Base/Author_image.png",
    "certification": "certified",
    "price": 0,
    "serverMinVersion": "6.5.0",
    "currentVersion": "1.0.0",
    "versionInfo": "1986746",
    "commit": "63758654f4b4f52e1d87d59044d8ad1922e4b899",
    "downloads": 0,
    "tags": [
        "New"
    ],
    "categories": [
        "Data Enrichment & Threat Intelligence"
    ],
    "contentItems": {
        "automation": [
            {
                "name": "UnpublishThreatIntelReport",
                "description": "Sets a Threat Intel Report as unpublished.",
                "tags": [
                    "threatIntelReport-action-button"
                ]
            },
            {
                "name": "PublishThreatIntelReport",
                "description": "Sets a Threat Intel Report as published.",
                "tags": [
                    "threatIntelReport-action-button"
                ]
            }
        ],
        "generictype": [
            {
                "name": "Campaign",
                "description": ""
            },
            {
                "name": "Malware",
                "description": ""
            },
            {
                "name": "Executive Brief",
                "description": ""
            },
            {
                "name": "Vulnerability",
                "description": ""
            },
            {
                "name": "Threat Actor",
                "description": ""
            }
        ],
        "genericdefinition": [
            {
                "name": "Threat Intel Report",
                "description": ""
            }
        ],
        "genericmodule": [
            {
                "name": "Threat Intel",
                "description": ""
            }
        ],
        "genericfield": [
            {
                "name": "Fuzzy Hash",
                "description": "",
                "type": "shortText"
            },
            {
                "name": "Report Status",
                "description": "",
                "type": "singleSelect"
            },
            {
                "name": "Modified",
                "description": "",
                "type": "date"
            },
            {
                "name": "Vulnerability Type",
                "description": "",
                "type": "multiSelect"
            },
            {
                "name": "Description",
                "description": "",
                "type": "markdown"
            },
            {
                "name": "Malware Type",
                "description": "",
                "type": "multiSelect"
            },
            {
                "name": "Targeting",
                "description": "",
                "type": "shortText"
            },
            {
                "name": "First Seen By Source",
                "description": "",
                "type": "shortText"
            },
            {
                "name": "CVSS",
                "description": "",
                "type": "shortText"
            },
            {
                "name": "Operating System",
                "description": "",
                "type": "tagsSelect"
            },
            {
                "name": "First Seen",
                "description": "",
                "type": "date"
            },
            {
                "name": "Published",
                "description": "",
                "type": "date"
            },
            {
                "name": "Value",
                "description": "",
                "type": "shortText"
            },
            {
                "name": "Sophistication",
                "description": "",
                "type": "shortText"
            },
            {
                "name": "Threat Actor Types",
                "description": "",
                "type": "multiSelect"
            },
            {
                "name": "Indicator Type",
                "description": "",
                "type": "shortText"
            },
            {
                "name": "Objective",
                "description": "",
                "type": "shortText"
            },
            {
                "name": "Body Executive Report",
                "description": "",
                "type": "markdown"
            },
            {
                "name": "Secondary Motivations",
                "description": "",
                "type": "shortText"
            },
            {
                "name": "Threat Actor",
                "description": "",
                "type": "shortText"
            },
            {
                "name": "Last Seen",
                "description": "",
                "type": "date"
            },
            {
                "name": "Body Malware",
                "description": "",
                "type": "markdown"
            },
            {
                "name": "Creator",
                "description": "",
                "type": "shortText"
            },
            {
                "name": "Tags",
                "description": "",
                "type": "tagsSelect"
            },
            {
                "name": "Traffic Light Protocol",
                "description": "",
                "type": "singleSelect"
            },
            {
                "name": "Source",
                "description": "",
                "type": "shortText"
            },
            {
                "name": "Primary Motivation",
                "description": "",
                "type": "shortText"
            },
            {
                "name": "Body Vulnerability",
                "description": "",
                "type": "markdown"
            },
            {
                "name": "Body Threat Actor",
                "description": "",
                "type": "markdown"
            },
            {
                "name": "Body Campaign",
                "description": "",
                "type": "markdown"
            },
            {
                "name": "Aliases",
                "description": "",
                "type": "shortText"
            },
            {
                "name": "CVE",
                "description": "",
                "type": "shortText"
            },
            {
                "name": "Goals",
                "description": "",
                "type": "tagsSelect"
            },
            {
                "name": "Logo",
                "description": "",
                "type": "markdown"
            }
        ],
        "layoutscontainer": [
            {
                "name": "Threat Actor Report"
            },
            {
                "name": "Vulnerability Report"
            },
            {
                "name": "Malware Report"
            },
            {
                "name": "Executive Brief Report"
            },
            {
                "name": "Campaign Report"
            }
        ]
    },
    "searchRank": 20,
    "integrations": [],
    "useCases": [],
    "keywords": [],
    "dependencies": {
        "Base": {
            "mandatory": true,
            "minVersion": "1.15.5",
            "author": "Cortex XSOAR",
            "name": "Base",
            "certification": "certified"
        }
    }
}