{
    "1.0.0": {
        "releaseNotes": "Exchange Server 2016 Compliance Search enables you to search for and delete an email message from all mailboxes in your organization.",
        "displayName": "1.0.0 - 397572",
        "released": "2020-11-09T18:46:37Z"
    },
    "1.0.1": {
        "releaseNotes": "#### Integrations\n##### Exchange 2016 Compliance Search\n- Updated the Docker image to: *demisto/python:2.7.18.20958*.",
        "displayName": "1.0.1 - 398245",
        "released": "2021-07-15T11:39:45Z"
    },
    "1.0.2": {
        "releaseNotes": "#### Integrations\n##### Exchange 2016 Compliance Search\n- Updated the Docker image to: *demisto/python:2.7.18.24066*.",
        "displayName": "1.0.2 - 7567740",
        "released": "2021-09-12T21:19:54Z"
    },
    "1.0.3": {
        "releaseNotes": "#### Integrations\n##### Exchange 2016 Compliance Search\n- Updated the Docker image to: *demisto/python:2.7.18.24398*.",
        "displayName": "1.0.3 - 2022871",
        "released": "2021-11-29T09:15:02Z"
    }
}