{
    "name": "Exchange 2016 Compliance Search",
    "id": "Exchange2016_Compliance",
    "description": "Exchange Server 2016 Compliance Search enables you to search for and delete an email message from all mailboxes in your organization.",
    "created": "2020-11-09T18:46:37Z",
    "updated": "2021-11-29T09:15:02Z",
    "legacy": true,
    "support": "xsoar",
    "supportDetails": {
        "url": "https://www.paloaltonetworks.com/cortex"
    },
    "eulaLink": "https://github.com/demisto/content/blob/master/LICENSE",
    "author": "Cortex XSOAR",
    "authorImage": "content/packs/Base/Author_image.png",
    "certification": "certified",
    "price": 0,
    "serverMinVersion": "5.0.0",
    "currentVersion": "1.0.3",
    "versionInfo": "2030938",
    "commit": "0389e8382253eaef89869ea67784401b9dd6931e",
    "downloads": 824,
    "tags": [],
    "categories": [
        "Messaging"
    ],
    "contentItems": {
        "playbook": [
            {
                "name": "Exchange 2016 Search and Delete",
                "description": "Run a compliance search in Exchange Server 2016, and delete the results."
            }
        ],
        "integration": [
            {
                "name": "Exchange 2016 Compliance Search",
                "description": "Exchange Server 2016 Compliance Search enables you to search for and delete an email message from all mailboxes in your organization.",
                "category": "Messaging",
                "commands": [
                    {
                        "name": "exchange2016-start-compliance-search",
                        "description": "Initiates a compliance search."
                    },
                    {
                        "name": "exchange2016-get-compliance-search",
                        "description": "Gets the status and results of a compliance search."
                    },
                    {
                        "name": "exchange2016-remove-compliance-search",
                        "description": "Removes the compliance search from the Exchange Server."
                    },
                    {
                        "name": "exchange2016-purge-compliance-search-results",
                        "description": "Purges the results found during the compliance search."
                    },
                    {
                        "name": "exchange2016-get-compliance-search-purge-status",
                        "description": "Checks the status of the purge operation on the compliance search."
                    }
                ]
            }
        ]
    },
    "searchRank": 10,
    "integrations": [
        {
            "name": "Exchange 2016 Compliance Search",
            "imagePath": "content/packs/Exchange2016_Compliance/Exchange2016ComplianceSearch_image.png"
        }
    ],
    "useCases": [],
    "keywords": [],
    "dependencies": {
        "Base": {
            "mandatory": true,
            "minVersion": "1.16.0",
            "author": "Cortex XSOAR",
            "name": "Base",
            "certification": "certified"
        },
        "CommonPlaybooks": {
            "mandatory": true,
            "minVersion": "2.1.2",
            "author": "Cortex XSOAR",
            "name": "Common Playbooks",
            "certification": "certified"
        }
    }
}