{
    "1.0.0": {
        "releaseNotes": "Acalvio ShadowPlex Autonomous Deception Solution",
        "displayName": "1.0.0 - 375030",
        "released": "2021-01-27T22:58:24Z"
    },
    "1.0.1": {
        "releaseNotes": "#### Integrations\n##### Acalvio ShadowPlex\n- Upgraded the Docker image to: *demisto/python3:3.9.5.20070*.",
        "displayName": "1.0.1 - 375787",
        "released": "2021-06-03T11:25:18Z"
    },
    "1.0.2": {
        "releaseNotes": "#### Integrations\n##### Acalvio ShadowPlex\n- Upgraded the Docker image to: *demisto/python3:3.9.5.21272*.",
        "displayName": "1.0.2 - R400461",
        "released": "2021-07-20T12:17:46Z"
    },
    "1.0.3": {
        "releaseNotes": "#### Integrations\n##### Acalvio ShadowPlex\n- Upgraded the Docker image to: *demisto/python3:3.9.6.22912*.",
        "displayName": "1.0.3 - 413872",
        "released": "2021-08-19T12:40:45Z"
    },
    "1.0.4": {
        "releaseNotes": "#### Integrations\n##### Acalvio ShadowPlex\n- Updated the Docker image to: *demisto/python3:3.9.7.24076*.",
        "displayName": "1.0.4 - 7640590",
        "released": "2021-09-16T21:12:22Z"
    },
    "1.0.5": {
        "releaseNotes": "#### Integrations\n##### Acalvio ShadowPlex\n- Updated the Docker image to: *demisto/python3:3.9.8.24399*.",
        "displayName": "1.0.5 - 2009340",
        "released": "2021-11-25T21:17:34Z"
    }
}