{
    "name": "Acalvio ShadowPlex",
    "id": "AcalvioShadowplex",
    "description": "Acalvio ShadowPlex Autonomous Deception Solution",
    "created": "2021-01-27T22:58:24Z",
    "updated": "2021-11-25T21:17:34Z",
    "legacy": true,
    "support": "partner",
    "supportDetails": {
        "url": "https://www.acalvio.com",
        "email": "support@acalvio.com"
    },
    "eulaLink": "https://github.com/demisto/content/blob/master/LICENSE",
    "author": "Acalvio Technologies",
    "authorImage": "content/packs/AcalvioShadowplex/Author_image.png",
    "certification": "certified",
    "price": 0,
    "serverMinVersion": "5.0.0",
    "currentVersion": "1.0.5",
    "versionInfo": "2030938",
    "commit": "0389e8382253eaef89869ea67784401b9dd6931e",
    "downloads": 333,
    "tags": [],
    "categories": [
        "Deception"
    ],
    "contentItems": {
        "integration": [
            {
                "name": "Acalvio ShadowPlex (Partner Contribution)",
                "description": "Acalvio ShadowPlex is a comprehensive Autonomous Deception Platform that offers Advanced Threat Detection, Investigation and Response capabilities.",
                "category": "Deception",
                "commands": [
                    {
                        "name": "acalvio-is-deception-host",
                        "description": "Check for a Deception Host"
                    },
                    {
                        "name": "acalvio-is-deception-user",
                        "description": "Check for a Deception User"
                    },
                    {
                        "name": "acalvio-is-deception-file",
                        "description": "Check for a Deception File on the Endpoint"
                    },
                    {
                        "name": "acalvio-mute-deception-host",
                        "description": "Mute a Deception Host"
                    },
                    {
                        "name": "acalvio-unmute-deception-host",
                        "description": "Unmute a Deception Host"
                    },
                    {
                        "name": "acalvio-mute-deception-on-endpoint",
                        "description": "Mute a Deception on Endpoint"
                    },
                    {
                        "name": "acalvio-unmute-deception-on-endpoint",
                        "description": "Unmute a Deception on Endpoint"
                    }
                ]
            }
        ]
    },
    "searchRank": 10,
    "integrations": [
        {
            "name": "Acalvio ShadowPlex",
            "imagePath": "content/packs/AcalvioShadowplex/AcalvioShadowPlex_image.png"
        }
    ],
    "useCases": [],
    "keywords": [
        "deception",
        "apt"
    ],
    "dependencies": {
        "Base": {
            "mandatory": true,
            "minVersion": "1.16.0",
            "author": "Cortex XSOAR",
            "name": "Base",
            "certification": "certified"
        }
    }
}