{
    "1.7.0": {
        "releaseNotes": "",
        "displayName": "1.7.0 - R89444",
        "released": "2020-08-17T11:42:31Z"
    },
    "1.7.1": {
        "releaseNotes": "\n#### Playbooks\n##### Extract Indicators From File - Generic v2\n- Added support for UTF-8 Unicode text files.\n",
        "displayName": "1.7.1 - 93993",
        "released": "2020-08-24T12:25:18Z"
    },
    "1.8.0": {
        "releaseNotes": "\n#### Playbooks\n##### Detonate File - Generic\n- Fixed a bug where a change in the inputs of Detonate File - ThreatGrid did not populate into Detonate File - Generic playbook. Detonate File - ThreatGrid will now submit private samples by default.\n",
        "displayName": "1.8.0 - R124496",
        "released": "2020-09-23T17:54:50Z"
    },
    "1.8.1": {
        "releaseNotes": "\n#### Playbooks\n##### Email Address Enrichment - Generic v2.1\nFixed an issue where no results returned when multiple internal email addresses were provided.\n",
        "displayName": "1.8.1 - 126669",
        "released": "2020-09-26T01:02:48Z"
    },
    "1.8.2": {
        "releaseNotes": "\n#### Playbooks\n##### New: Field Polling - Generic\nThis playbook polls a field to check if a specific value exists.",
        "displayName": "1.8.2 - R132310",
        "released": "2020-10-01T19:04:58Z"
    },
    "1.8.3": {
        "releaseNotes": "\n#### Playbooks\n##### Isolate Endpoint - Generic\n- Fixed bugs regarding sub-playbook inputs.\n- Added playbook outputs indicating isolation state.\n",
        "displayName": "1.8.3 - 149109",
        "released": "2020-10-18T09:08:59Z"
    },
    "1.8.4": {
        "releaseNotes": "#### Playbooks\n##### Email Address Enrichment - Generic v2.1\nFixed an issue where emails were not checked for domain-squatting due to the WhereFieldEquals transformer not working as expected.\n",
        "displayName": "1.8.4 - 149745",
        "released": "2020-10-18T14:21:54Z"
    },
    "1.8.5": {
        "releaseNotes": "\n##### Common Playbooks\n- Documentation and metadata improvements.",
        "displayName": "1.8.5 - R202407",
        "released": "2020-11-26T23:36:22Z"
    },
    "1.8.6": {
        "releaseNotes": "\n#### Playbooks\n- ##### Dedup - Generic v2\n  - Deprecated. Use the **Dedup Generic v3** playbook instead.\n\n- ##### Dedup - Generic v3\n  - The new version of the Dedup playbook, which includes a new machine learning script, **PhishingDedupPreprocessingRule** that identifies duplicate Phishing incidents. \n",
        "displayName": "1.8.6 - 223270",
        "released": "2020-12-16T23:38:46Z"
    },
    "1.8.7": {
        "releaseNotes": "\n#### Playbooks\n##### CVE Enrichment - Generic v2\n- Fixed bugs related to playbook inputs and commands used.\n##### New: Search Endpoint by CVE - Generic\n- Hunt for assets with a given CVE using available tools.\n",
        "displayName": "1.8.7 - 228403",
        "released": "2020-12-21T23:51:39Z"
    },
    "1.8.8": {
        "releaseNotes": "\n#### Playbooks\n##### New: Get File Sample By Hash - Generic v3\n- This playbook returns a file sample correlating to a hash in the war-room using the following sub-playbooks:\n- Get binary file by MD5 hash from Carbon Black telemetry data. - VMware Carbon Black EDR v2.\n- Get the threat (file) attached to a specific SHA256 hash- Cylance Protect v2.\n- Added file outputs to the playbook.\n##### New: Retrieve File from Endpoint - Generic V2\n- This playbook retrieves a file sample from an endpoint using the following playbooks:\n- Get File Sample From Path - Generic v2.\n- Get File Sample By Hash - Generic v3.\n##### New: Get File Sample From Path - Generic V2\n- This playbook returns a file sample correlating to a path into the war-room using the following sub-playbooks:\ninputs:\n1) Get File Sample From Path - D2.\n2) Get File Sample From Path - VMware Carbon Black EDR (Live Response API).",
        "displayName": "1.8.8 - 235964",
        "released": "2020-12-28T23:37:12Z"
    },
    "1.8.9": {
        "releaseNotes": "\n#### Playbooks\n##### Detonate File - Generic\n- Fixed an issue where two tasks overlapped in the playbook's overview.\n- Added **Detonate File - Group-IB TDS Polygon** as a sub-playbook.\n- Added **Detonate File - CrowdStrike Falcon X** as a sub-playbook.\n",
        "displayName": "1.8.9 - R254077",
        "released": "2021-01-17T11:42:29Z"
    },
    "1.8.10": {
        "releaseNotes": "\n#### Playbooks\n##### Dedup - Generic v3\n- Fixed an issue where the playbook did not ignore closed incidents when it attempted to find duplicate incidents.\n\n",
        "displayName": "1.8.10 - R264879",
        "released": "2021-01-27T23:06:04Z"
    },
    "1.8.11": {
        "releaseNotes": "\n#### Playbooks\n##### Block File - Generic v2\nAdded Cortex XDR sub-playbook **Cortex XDR - Block File**",
        "displayName": "1.8.11 - 269341",
        "released": "2021-02-02T13:39:47Z"
    },
    "1.8.12": {
        "releaseNotes": "\n#### Playbooks\n##### New: Context Polling - Generic\nThis playbook polls a context key to check if a specific value exists.",
        "displayName": "1.8.12 - 282915",
        "released": "2021-02-17T10:40:44Z"
    },
    "1.9.0": {
        "releaseNotes": "\n#### Playbooks\n##### Get File Sample By Hash - Generic v3\n- Added the Code42 File Download as a subplaybook to retrieve files using the Code42 integration.\n- Fixed an issue that caused an error in the playbook when one of the subplaybooks was not available.\n\n##### Get File Sample From Path - Generic V2\n- Fixed an issue that caused an error in the playbook when one of the subplaybooks was not available.\n",
        "displayName": "1.9.0 - 298349",
        "released": "2021-03-08T22:36:23Z"
    },
    "1.9.1": {
        "releaseNotes": "\n#### Playbooks\n##### Block File - Generic v2\n- Added \"Skip this branch if this automation/playbook is unavailable\" option to **Cortex XDR - Block File** sub-playbook.\n",
        "displayName": "1.9.1 - 323432",
        "released": "2021-04-08T10:51:20Z"
    },
    "1.9.2": {
        "releaseNotes": "\n#### Playbooks\n##### New: Unisolate Endpoint - Generic\nThis playbook unisolates endpoints according to the endpoint ID or hostname that is provided by the playbook input.\nIt currently supports the following integrations:\n- Carbon Black Response\n- Cortex XDR\n- Crowdstrike Falcon\n- FireEye HX \n- Cybereason\n (Available from Cortex XSOAR 5.5.0).",
        "displayName": "1.9.2 - 325844",
        "released": "2021-04-11T22:56:21Z"
    },
    "1.9.3": {
        "releaseNotes": "\n#### Playbooks\n##### Detonate File - Generic\n- Fixed an issue where the playbook context outputs had duplicate values.\n",
        "displayName": "1.9.3 - 334155",
        "released": "2021-04-22T22:48:30Z"
    },
    "1.9.4": {
        "releaseNotes": "\n#### Playbooks\n##### Dedup - Generic v2\n- Maintenance and stability enhancements.\n\n##### Get File Sample From Path - Generic V2\n- Maintenance and stability enhancements.\n##### Get File Sample By Hash - Generic v3\n- Maintenance and stability enhancements.\n",
        "displayName": "1.9.4 - 341456",
        "released": "2021-05-01T23:01:01Z"
    },
    "1.9.5": {
        "releaseNotes": "\n#### Playbooks\n##### Extract Indicators From File - Generic v2\n- Fixed an issue where the playbook was failing when running on .xlsb files. \n",
        "displayName": "1.9.5 - 351790",
        "released": "2021-05-10T11:04:37Z"
    },
    "1.9.6": {
        "releaseNotes": "\n#### Playbooks\n##### Dedup - Generic v2\nPlaybook was updated with the \"deprecated\" field.",
        "displayName": "1.9.6 - 356061",
        "released": "2021-05-13T22:53:29Z"
    },
    "1.9.7": {
        "releaseNotes": "#### Playbooks\n##### Unisolate Endpoint - Generic\n- Added a task that checks if the endpoint is online. \n\n##### New: Get endpoint details - Generic\n- This playbook use the generic command !endpoint to retrieve details about a specific endpoint.\nThis command currently supports the following integrations:\n- Palo Alto Networks Cortex XDR - Investigation and Response.\n- CrowdStrike Falcon.  (Available from Cortex XSOAR 5.5.0).\n##### New: Block Email - Generic\nThis playbook will block emails at your mail relay integration. (Available from Cortex XSOAR 5.5.0).\n##### New: Get host forensics - Generic \n- This playbook retrieves forensics from hosts.\nThe available integration is Illusive networks.  (Available from Cortex XSOAR 5.5.0).\n##### New: Threat Hunting - Generic \n- This playbook enables threat hunting for IOCs in your enterprise.\nThis playbook currently supports the following integrations:\n- Splunk\n- Qradar\n- Pan-os\n- Cortex data lake \n- Autofocus (Available from Cortex XSOAR 5.5.0).\n##### Block Indicators - Generic v2\nAdded Block Email - Generic playbook.\n##### New: Isolate Endpoint - Generic V2\nThis playbook isolates a given endpoint via various endpoint product integrations.\nMake sure to provide the valid playbook input for the integration that you are using. (Available from Cortex XSOAR 5.5.0).",
        "displayName": "1.9.7 - 372302",
        "released": "2021-05-31T23:04:21Z"
    },
    "1.9.8": {
        "releaseNotes": "#### Playbooks\n##### New: Retrieve File from Endpoint - Generic V3\n- 'This playbook retrieves a file sample from an endpoint using the following playbooks:'\n- Get File Sample From Path - Generic v3.\n- Get File Sample By Hash - Generic v3. (Available from Cortex XSOAR 6.0.0).\n##### New: Get File Sample From Path - Generic V3\n- This playbook returns a file sample correlating to a path into the War Room using the following sub-playbooks:\ninputs:\n1) Get File Sample From Path - Powershell Remoting.\n2) Get File Sample From Path - VMware Carbon Black EDR (Live Response API).\n (Available from Cortex XSOAR 6.0.0).",
        "displayName": "1.9.8 - 390826",
        "released": "2021-06-29T11:06:07Z"
    },
    "1.9.9": {
        "releaseNotes": "#### Playbooks\n##### CVE Enrichment - Generic v2\nMaintenance and stability enhancements",
        "displayName": "1.9.9 - 392500",
        "released": "2021-07-04T13:28:36Z"
    },
    "1.9.10": {
        "releaseNotes": "#### Playbooks\n##### Extract Indicators From File - Generic v2 - Test\n- Fixed an issue where the playbook would not extract indicators from files of type **message/rfc822**.",
        "displayName": "1.9.10 - 397182",
        "released": "2021-07-13T14:48:23Z"
    },
    "2.0.0": {
        "releaseNotes": "#### Playbooks\n##### New: Search And Delete Emails - Generic v2\nAdded the O365 - Security And Compliance - Search And Delete sub-playbook to search and delete emails using the O365 - Security And Compliance - Content Search integration. Searching and deleting using O365 allows you to search through a single or multiple mailboxes (Available from Cortex XSOAR 5.5.0).",
        "displayName": "2.0.0 - 406668",
        "released": "2021-08-05T00:21:27Z"
    },
    "2.0.1": {
        "releaseNotes": "#### Playbooks\n##### Email Address Enrichment - Generic v2.1\n- Fixed an issue where inputs of the wrong type were given to the **Check email addresses for domain-squatting** task.",
        "displayName": "2.0.1 - 414184",
        "released": "2021-08-20T00:30:19Z"
    },
    "2.0.2": {
        "releaseNotes": "#### Playbooks\n##### Calculate Severity - Generic v2\n- Adding calculation for Anti-Spam score values inside Microsoft headers (PCL, BCL and SCL).",
        "displayName": "2.0.2 - 415523",
        "released": "2021-08-23T12:43:22Z"
    },
    "2.0.3": {
        "releaseNotes": "#### Playbooks\n##### Get endpoint details - Generic\nFixed the \"Is the endpoint IP provided?\" conditional task where the task had no path if the IP address was not provided.",
        "displayName": "2.0.3 - 7342366",
        "released": "2021-08-29T21:19:03Z"
    },
    "2.0.4": {
        "releaseNotes": "#### Playbooks\n##### Extract Indicators From File - Generic v2\nAdded a condition to the **Is there a text-based file** task to verify that the string 'message/rfc822' is not contained within `File.Info`.",
        "displayName": "2.0.4 - 7391875",
        "released": "2021-09-01T09:25:26Z"
    },
    "2.0.5": {
        "releaseNotes": "#### Playbooks\n##### New: Block Domain - Generic\n- This playbook blocks malicious Domains using all integrations that are enabled.\n\nSupported integrations for this playbook:\n* Zscaler\n* Symantec Messaging Gateway\n* FireEye EX\n* Trend Micro Apex One\n* Proofpoint Threat Response (Available from Cortex XSOAR 5.5.0).\n##### Block Indicators - Generic v2\n- Added Block Domain - Generic\n- Fixed playbook description",
        "displayName": "2.0.5 - 7640590",
        "released": "2021-09-16T21:16:51Z"
    },
    "2.0.6": {
        "releaseNotes": "#### Playbooks\n##### New: Extract Indicators From File - Generic v2\n- Added the pdf files preview as image step to the playbook.",
        "displayName": "2.0.6 - 7772209",
        "released": "2021-09-25T09:20:22Z"
    },
    "2.0.7": {
        "releaseNotes": "#### Playbooks\n##### Calculate Severity By Highest DBotScore\n- Updated playbook to use the GetIndicatorDBotScoreFromCache command to take into consideration the reliability parameter. The fix is relevant for version 6.0 and above.",
        "displayName": "2.0.7 - 1850580",
        "released": "2021-10-26T21:13:51Z"
    },
    "2.1.0": {
        "releaseNotes": "#### Playbooks\n##### New: Block IP - Generic v3\n- This playbook blocks malicious IPs using all integrations that are enabled. The direction of the traffic that will be blocked is determined by the XSOAR user (and set by default to outgoing).\nNote the following:\n- Some of those integrations require specific parameters to run, which are based on the playbook inputs. Also, certain integrations use FW rules or appended network objects.\n- The appended network objects should be specified in the blocking rules inside the system later on. \n\n\nSupported integrations for this playbook [Network security products such as FW/WAF/IPS/Etc]: \n\n* Check Point Firewall\n* Palo Alto Networks PAN-OS\n* Zscaler\n* FortiGate\n* Aria Packet Intelligence\n* Cisco Firepower \n* Cisco Secure Cloud Analytics\n* Cisco ASA\n* Akamai WAF\n* F5 SilverLine\n* ThreatX\n* Signal Sciences WAF\n* Sophos Firewall\n\n (Available from Cortex XSOAR 6.0.0).",
        "displayName": "2.1.0 - 1938694",
        "released": "2021-11-12T09:21:35Z"
    },
    "2.1.1": {
        "releaseNotes": "#### Playbooks\n##### Detonate File - Generic\n- Fixed an issue where the context outputs of the **Detonate File - VMRay** playbook were missing.",
        "displayName": "2.1.1 - 1947770",
        "released": "2021-11-14T09:15:54Z"
    },
    "2.1.2": {
        "releaseNotes": "#### Playbooks\n##### Block IP - Generic v3\n- Fixed the !CreateNewIndicator command and added the \"IP\" indicator type to better define the indicator to be enriched.",
        "displayName": "2.1.2 - 1993458",
        "released": "2021-11-22T21:17:20Z"
    }
}