{
    "name": "Common Playbooks",
    "id": "CommonPlaybooks",
    "description": "Frequently used playbooks pack.",
    "created": "2020-08-17T11:42:31Z",
    "updated": "2021-04-22T22:48:30Z",
    "legacy": true,
    "support": "xsoar",
    "supportDetails": {
        "url": "https://www.paloaltonetworks.com/cortex"
    },
    "eulaLink": "https://github.com/demisto/content/blob/master/LICENSE",
    "author": "Cortex XSOAR",
    "authorImage": "content/packs/Base/Author_image.png",
    "certification": "certified",
    "price": 0,
    "serverMinVersion": "5.0.0",
    "currentVersion": "1.9.3",
    "versionInfo": "341097",
    "commit": "6f18fca8849bbd36c7817043ee267aea6e3f18cb",
    "downloads": 6052,
    "tags": [],
    "categories": [],
    "contentItems": {
        "playbook": [
            {
                "name": "Entity Enrichment - Generic v3",
                "description": "Enrich entities using one or more integrations."
            },
            {
                "name": "Get Original Email - Generic",
                "description": "Use this playbook to retrieve the original email in the thread, including headers and attahcments, when the reporting user forwarded the original email not as an attachment.\n\nYou must have the necessary permissions in your email service to execute global search.\n\n- EWS: eDiscovery\n- Gmail: Google Apps Domain-Wide Delegation of Authority"
            },
            {
                "name": "Account Enrichment - Generic v2.1",
                "description": "Enrich accounts using one or more integrations.\nSupported integrations:\n- Active Directory"
            },
            {
                "name": "Block Account - Generic",
                "description": "This playbook blocks malicious usernames using all integrations that you have enabled.\n\nSupported integrations for this playbook:\n* Active Directory\n* PAN-OS - This requires PAN-OS 9.1 or higher."
            },
            {
                "name": "Block File - Generic v2",
                "description": "This playbook is used to block files from running on endpoints. \nThis playbook supports the following integrations:\n- Palo Alto Networks Traps\n- Palo Alto Networks Cortex XDR\n- Cybereason\n- Carbon Black Enterprise Response\n- Cylance Protect v2\n"
            },
            {
                "name": "Block IP - Generic v2",
                "description": "This playbook blocks malicious IPs using all integrations that are enabled.\n\nSupported integrations for this playbook:\n* Check Point Firewall\n* Palo Alto Networks Minemeld\n* Palo Alto Networks PAN-OS\n* Zscaler\n* FortiGate"
            },
            {
                "name": "Block Indicators - Generic v2",
                "description": "This playbook blocks malicious Indicators using all integrations that are enabled, using the following sub-playbooks:\n\n- Block URL - Generic\n- Block Account - Generic\n- Block IP - Generic v2\n- Block File - Generic v2\n\n"
            },
            {
                "name": "Block URL - Generic",
                "description": "This playbook blocks malicious URLs using all integrations that are enabled.\n\nSupported integrations for this playbook:\n* Palo Alto Networks Minemeld\n* Palo Alto Networks PAN-OS\n* Zscaler"
            },
            {
                "name": "CVE Enrichment - Generic v2",
                "description": "This playbook performs CVE Enrichment using the following integrations:\n- VulnDB\n- CVE Search\n- IBM X-Force Exchange"
            },
            {
                "name": "Calculate Severity - 3rd-party integrations",
                "description": "Calculates the incident severity level according to the methodology of a 3rd-party integration."
            },
            {
                "name": "Calculate Severity - Critical Assets v2",
                "description": "Determines if a critical assest is associated with the invesigation. The playbook returns a severity level of \"Critical\" if at least one critical asset is associated with the investigation.\nCritical assets refer to: users, user groups, endpoints and endpoint groups."
            },
            {
                "name": "Calculate Severity - Generic v2",
                "description": "Calculate and assign the incident severity based on the highest returned severity level from the following calculations:\n\n- DBotScores of indicators\n- Critical assets\n- Email authenticity\n- Current incident severity"
            },
            {
                "name": "Calculate Severity - Indicators DBotScore",
                "description": "Calculates the incident severity level according to the highest indicator DBotScore."
            },
            {
                "name": "Calculate Severity - Standard",
                "description": "Calculates and sets the incident severity based on the combination of the current incident severity, and the severity returned from the Evaluate Severity - Set By Highest DBotScore playbook."
            },
            {
                "name": "Calculate Severity By Highest DBotScore",
                "description": "Calculates the incident severity level according to the highest indicator DBotScore."
            },
            {
                "name": "Context Polling - Generic",
                "description": "This playbook polls a context key to check if a specific value exists."
            },
            {
                "name": "Convert file hash to corresponding hashes",
                "description": "The playbook enables you to get all of the corresponding file hashes for a file even if there is only one hash type available.\nFor example, if we have only the SHA256 hash, the playbook will get the SHA1 and MD5 hashes as long as the\noriginal searched hash is recognized by any our the threat intelligence integrations.\n"
            },
            {
                "name": "DBot Indicator Enrichment - Generic",
                "description": "Get indicators internal Dbot score"
            },
            {
                "name": "Dedup - Generic v2",
                "description": "Deprecated. Use the Dedup Generic v3 playbook instead. This playbook identifies duplicate incidents using one of the supported methods."
            },
            {
                "name": "Dedup - Generic v3",
                "description": "This playbook identifies duplicate incidents using one of the supported methods.\nSelect one of the following methods to identify duplicate incidents in Cortex XSOAR.\n- ml: Machine learning model, which is trained mostly on phishing incidents.\n-rules: Rules help identify duplicate incidents when the logic is well defined, for example, the same label or custom fields.\n-text: Statistics algorithm that compares text, which is generally useful for phishing incidents.\nFor each method, the playbook will search for the oldest similar incident. when there is a match for a similar incident the playbook will close the current incident and will link it to the older incident. "
            },
            {
                "name": "Detonate File - Generic",
                "description": "Detonate file through active integrations that support file detonation"
            },
            {
                "name": "Detonate URL - Generic",
                "description": "Detonate URL through active integrations that support URL detonation"
            },
            {
                "name": "Domain Enrichment - Generic v2",
                "description": "Enrich domains using one or more integrations.\nDomain enrichment includes:\n* Threat information"
            },
            {
                "name": "Email Address Enrichment - Generic v2.1",
                "description": "Enrich email addresses.\n- Get information from Active Directory for internal addresses\n- Get the domain-squatting reputation for external addresses"
            },
            {
                "name": "Endpoint Enrichment - Generic v2.1",
                "description": "Enrich an endpoint by hostname using one or more integrations.\nSupported integrations:\n- Active Directory Query v2\n- McAfee ePolicy Orchestrator\n- Carbon Black Enterprise Response v2\n- Cylance Protect v2\n- CrowdStrike Falcon Host\n- ExtraHop Reveal(x)"
            },
            {
                "name": "Entity Enrichment - Generic v2",
                "description": "Enrich entities using one or more integrations"
            },
            {
                "name": "Extract Indicators From File - Generic v2",
                "description": "Extracts indicators from a file.\nSupported file types:\n- CSV\n- PDF\n- TXT\n- HTM, HTML\n- DOC, DOCX\n- PPT\n- PPTX\n- RTF\n- XLS\n- XLSX\n- XML"
            },
            {
                "name": "Field Polling - Generic",
                "description": "This playbook polls a field to check if a specific value exists."
            },
            {
                "name": "File Enrichment - File reputation",
                "description": "Get file reputation using one or more integrations"
            },
            {
                "name": "File Enrichment - Generic v2",
                "description": "Enrich a file using one or more integrations.\n\n- Provide threat information"
            },
            {
                "name": "GenericPolling",
                "description": "Use this playbook as a sub-playbook to block execution of the master playbook until a remote action is complete.\nThis playbook implements polling by continuously running the command in Step \\#2 until the operation completes.\nThe remote action should have the following structure:\n\n1. Initiate the operation.\n2. Poll to check if the operation completed.\n3. (optional) Get the results of the operation."
            },
            {
                "name": "Get File Sample By Hash - Generic v2",
                "description": "This playbook returns a file sample correlating to a hash in the war-room using the following sub-playbooks:\n- Get File Sample By Hash - Carbon Black Enterprise Response\n- Get File Sample By Hash - Cylance Protect v2"
            },
            {
                "name": "Get File Sample By Hash - Generic v3",
                "description": "This playbook returns a file sample correlating to a hash in the War Room using the following sub-playbooks:\n- Get binary file by MD5 hash from Carbon Black telemetry data - VMware Carbon Black EDR v2.\n- Get the threat (file) attached to a specific SHA256 hash - Cylance Protect v2."
            },
            {
                "name": "Get File Sample From Path - Generic",
                "description": "Returns a file sample to the war-room from a path on an endpoint using one or more integrations\n\ninputs:\n* UseD2 - if \"True\", use Demisto Dissolvable Agent (D2) to return the file (default: False)"
            },
            {
                "name": "Get File Sample From Path - Generic V2",
                "description": "This playbook returns a file sample correlating to a path into the War Room using the following sub-playbooks:\ninputs:\n1) Get File Sample From Path - D2.\n2) Get File Sample From Path - VMware Carbon Black EDR (Live Response API).\n"
            },
            {
                "name": "IP Enrichment - External - Generic v2",
                "description": "Enrich IP addresses using one or more integrations.\n\n- Resolve IP addresses to hostnames (DNS)\n- Provide threat information\n- Separate internal and external addresses"
            },
            {
                "name": "IP Enrichment - Generic v2",
                "description": "Enrich IP addresses using one or more integrations.\n\n- Resolve IP addresses to hostnames (DNS)\n- Provide threat information\n- Separate internal and external IP addresses\n- For internal IP addresses, get host information"
            },
            {
                "name": "IP Enrichment - Internal - Generic v2",
                "description": "Enrich Internal IP addresses using one or more integrations.\n\n- Resolve IP address to hostname (DNS)\n- Separate internal and external IP addresses\n- Get host information for IP addresses"
            },
            {
                "name": "Isolate Endpoint - Generic",
                "description": "This playbook isolates a given endpoint using the following integrations:\n- Carbon Black Enterprise Response\n- Palo Alto Networks Traps"
            },
            {
                "name": "Retrieve File from Endpoint - Generic",
                "description": "This playbook retrieves a file sample from an endpoint using the following playbooks:\n- Get File Sample From Path - Generic\n- Get File Sample By Hash - Generic v2"
            },
            {
                "name": "Retrieve File from Endpoint - Generic V2",
                "description": "'This playbook retrieves a file sample from an endpoint using the following playbooks:'\n- Get File Sample From Path - Generic v2.\n- Get File Sample By Hash - Generic v3."
            },
            {
                "name": "Search And Delete Emails - Generic",
                "description": "This playbook searches and delete emails with similar attributes of a malicious email."
            },
            {
                "name": "Search Endpoint by CVE - Generic",
                "description": "Hunt for assets with a given CVE using available tools"
            },
            {
                "name": "Search Endpoints By Hash - Generic V2",
                "description": "Hunt using available tools"
            },
            {
                "name": "Send Investigation Summary Reports",
                "description": "This playbook iterates over closed incidents, generates a summary report for each closed incident, and emails the reports to specified users. "
            },
            {
                "name": "Send Investigation Summary Reports Job",
                "description": "You should run this playbook as a scheduled job, whicn should run at an interval of once every 15 minutes. This playbook functions by calling the sub-playbook: \"Send Investigation Summary Reports\", and closes the incident. By default, the playbook will search all incidents closed within the last hour. If you want to run the playbook more frequently, you should adjust the search query of the child playbook: \"Send Investigation Summary\". Reports."
            },
            {
                "name": "URL Enrichment - Generic v2",
                "description": "Enrich URLs using one or more integrations.\n\nURL enrichment includes:\n* SSL verification for URLs\n* Threat information\n* Providing of URL screenshots"
            },
            {
                "name": "Unisolate Endpoint - Generic",
                "description": "This playbook unisolates endpoints according to the endpoint ID or hostname that is provided in the playbook.\nCurrently supports the following integrations:\n- Carbon Black Response\n- Cortex XDR\n- Crowdstrike Falcon\n- FireEye HX \n- Cybereason\n"
            },
            {
                "name": "Wait Until Datetime",
                "description": "Pauses execution until the date and time that was specified in the plabyook input is reached."
            }
        ]
    },
    "searchRank": 10,
    "integrations": [
        {
            "name": "PolySwarm",
            "imagePath": "content/packs/PolySwarm/PolySwarm_image.png"
        },
        {
            "name": "EWS Mail Sender",
            "imagePath": "content/packs/EWSMailSender/EWSMailSender_image.png"
        },
        {
            "name": "Hybrid Analysis",
            "imagePath": "content/packs/HybridAnalysis/HybridAnalysis_image.png"
        },
        {
            "name": "Palo Alto Networks Threat Vault",
            "imagePath": "content/packs/PaloAltoNetworks_Threat_Vault/PaloAltoNetworksThreatVault_image.png"
        },
        {
            "name": "Check Point Firewall (Deprecated)",
            "imagePath": "content/packs/CheckpointFirewall/CheckPoint_image.png"
        },
        {
            "name": "Check Point Firewall v2",
            "imagePath": "content/packs/CheckpointFirewall/CheckPointFirewall_v2_image.png"
        },
        {
            "name": "VMware Carbon Black EDR (Live Response API)",
            "imagePath": "content/packs/Carbon_Black_Enterprise_Live_Response/carbonblackliveresponse_image.png"
        },
        {
            "name": "CrowdStrike Malquery",
            "imagePath": "content/packs/CrowdStrikeMalquery/CrowdStrikeMalquery_image.png"
        },
        {
            "name": "Active Directory Query v2",
            "imagePath": "content/packs/Active_Directory_Query/ActiveDirectoryQueryv2_image.png"
        },
        {
            "name": "VMRay",
            "imagePath": "content/packs/VMRay/vmray_image.png"
        },
        {
            "name": "Cyware Threat Intelligence eXchange",
            "imagePath": "content/packs/CTIX/CTIX_image.png"
        },
        {
            "name": "Threat Crowd",
            "imagePath": "content/packs/Threat_Crowd/ThreatCrowd_image.png"
        },
        {
            "name": "EclecticIQ Platform",
            "imagePath": "content/packs/EclecticIQ/EclecticIQPlatform_image.png"
        },
        {
            "name": "FireEye HX",
            "imagePath": "content/packs/FireEyeHX/FireEyeHX_image.png"
        },
        {
            "name": "Rapid7 Nexpose",
            "imagePath": "content/packs/Rapid7_Nexpose/Rapid7Nexpose_image.png"
        },
        {
            "name": "CVE Search v2",
            "imagePath": "content/packs/CVESearch/CVESearchv2_image.png"
        },
        {
            "name": "Zimperium",
            "imagePath": "content/packs/Zimperium/Zimperium_image.png"
        },
        {
            "name": "Analyst1",
            "imagePath": "content/packs/illuminate/Analyst1_image.png"
        },
        {
            "name": "illuminate (Deprecated)",
            "imagePath": "content/packs/illuminate/illuminate_image.png"
        },
        {
            "name": "URLhaus",
            "imagePath": "content/packs/URLHaus/URLhaus_image.png"
        },
        {
            "name": "TruSTAR (Deprecated)",
            "imagePath": "content/packs/TruSTAR/TruSTAR_image.png"
        },
        {
            "name": "TruSTAR v2",
            "imagePath": "content/packs/TruSTAR/TruSTARv2_image.png"
        },
        {
            "name": "Cofense Intelligence",
            "imagePath": "content/packs/Cofense-Intelligence/CofenseIntelligence_image.png"
        },
        {
            "name": "Recorded Future v2",
            "imagePath": "content/packs/RecordedFuture/RecordedFuturev2_image.png"
        },
        {
            "name": "Zscaler",
            "imagePath": "content/packs/Zscaler/Zscaler_image.png"
        },
        {
            "name": "CyberTotal",
            "imagePath": "content/packs/CyberTotal/CyberTotal_image.png"
        },
        {
            "name": "ReversingLabs TitaniumCloud",
            "imagePath": "content/packs/ReversingLabs_Titanium_Cloud/ReversingLabsTitaniumCloud_image.png"
        },
        {
            "name": "Palo Alto Networks PAN-OS",
            "imagePath": "content/packs/PAN-OS/Panorama_image.png"
        },
        {
            "name": "Palo Alto AutoFocus (Deprecated)",
            "imagePath": "content/packs/AutoFocus/Autofocus_image.png"
        },
        {
            "name": "Palo Alto Networks AutoFocus v2",
            "imagePath": "content/packs/AutoFocus/AutoFocusV2_image.png"
        },
        {
            "name": "AutoFocus Feed",
            "imagePath": "content/packs/AutoFocus/AutoFocusFeed_image.png"
        },
        {
            "name": "AutoFocus Daily Feed",
            "imagePath": "content/packs/AutoFocus/AutoFocusDailyFeed_image.png"
        },
        {
            "name": "ThreatConnect (Deprecated)",
            "imagePath": "content/packs/ThreatConnect/ThreatConnect_image.png"
        },
        {
            "name": "ThreatConnect v2",
            "imagePath": "content/packs/ThreatConnect/ThreatConnectv2_image.png"
        },
        {
            "name": "Synapse",
            "imagePath": "content/packs/Synapse/Synapse_image.png"
        },
        {
            "name": "Anomali ThreatStream",
            "imagePath": "content/packs/Anomali_ThreatStream/AnomaliThreatStream_image.png"
        },
        {
            "name": "Anomali ThreatStream v2",
            "imagePath": "content/packs/Anomali_ThreatStream/AnomaliThreatStreamv2_image.png"
        },
        {
            "name": "ThreatMiner",
            "imagePath": "content/packs/ThreatMiner/ThreatMiner_image.png"
        },
        {
            "name": "ThreatExchange",
            "imagePath": "content/packs/ThreatExchange/ThreatExchange_image.png"
        },
        {
            "name": "Maltiverse",
            "imagePath": "content/packs/Maltiverse/Maltiverse_image.png"
        },
        {
            "name": "Cisco Umbrella Investigate",
            "imagePath": "content/packs/Cisco-umbrella/CiscoUmbrellaInvestigate_image.png"
        },
        {
            "name": "Cybersixgill DVE Feed Threat Intelligence",
            "imagePath": "content/packs/Sixgill-Darkfeed/Sixgill_DVE_Feed_image.png"
        },
        {
            "name": "Sixgill DarkFeed Threat Intelligence",
            "imagePath": "content/packs/Sixgill-Darkfeed/Sixgill_Darkfeed_image.png"
        },
        {
            "name": "Sixgill DarkFeed Enrichment",
            "imagePath": "content/packs/Sixgill-Darkfeed/Sixgill_Darkfeed_Enrichment_image.png"
        },
        {
            "name": "VirusTotal",
            "imagePath": "content/packs/VirusTotal/VirusTotal_image.png"
        },
        {
            "name": "VirusTotal (API v3)",
            "imagePath": "content/packs/VirusTotal/VirusTotal%28APIv3%29_image.png"
        },
        {
            "name": "VirusTotal - Premium (API v3)",
            "imagePath": "content/packs/VirusTotal/VirusTotal-Premium%28APIv3%29_image.png"
        },
        {
            "name": "Palo Alto Networks WildFire v2",
            "imagePath": "content/packs/Palo_Alto_Networks_WildFire/WildFire-v2_image.png"
        },
        {
            "name": "Lastline v2",
            "imagePath": "content/packs/Lastline/Lastlinev2_image.png"
        },
        {
            "name": "Flashpoint",
            "imagePath": "content/packs/Flashpoint/Flashpoint_image.png"
        },
        {
            "name": "Symantec Deepsight Intelligence (Beta)",
            "imagePath": "content/packs/Symantec_Deepsight/SymantecDeepsightIntelligence_image.png"
        },
        {
            "name": "Recorded Future",
            "imagePath": "content/packs/Recorded_Future/RecordedFuture_image.png"
        },
        {
            "name": "AlienVault OTX v2",
            "imagePath": "content/packs/AlienVault_OTX/AlienVaultOTXv2_image.png"
        },
        {
            "name": "IBM X-Force Exchange (Deprecated)",
            "imagePath": "content/packs/XForceExchange/XFE_image.png"
        },
        {
            "name": "IBM X-Force Exchange v2",
            "imagePath": "content/packs/XForceExchange/XFE_v2_image.png"
        },
        {
            "name": "CrowdStrike Falcon Intel (Deprecated)",
            "imagePath": "content/packs/CrowdStrikeIntel/FalconIntel_image.png"
        },
        {
            "name": "CrowdStrike Falcon Intel v2",
            "imagePath": "content/packs/CrowdStrikeIntel/CrowdStrikeFalconIntelv2_image.png"
        },
        {
            "name": "FireEye iSIGHT",
            "imagePath": "content/packs/isight/FireEyeiSIGHT_image.png"
        },
        {
            "name": "MISP v2",
            "imagePath": "content/packs/MISP/MISPV2_image.png"
        },
        {
            "name": "ThreatQ_Beta",
            "imagePath": "content/packs/ThreatQ/ThreatQ_Beta_image.png"
        },
        {
            "name": "ThreatQ v2",
            "imagePath": "content/packs/ThreatQ/ThreatQv2_image.png"
        },
        {
            "name": "Palo Alto AutoFocus",
            "imagePath": "content/packs/AutoFocus/Autofocus_image.png"
        },
        {
            "name": "CrowdStrike Falcon Intel",
            "imagePath": "content/packs/CrowdStrikeIntel/FalconIntel_image.png"
        },
        {
            "name": "ThreatConnect",
            "imagePath": "content/packs/ThreatConnect/ThreatConnect_image.png"
        },
        {
            "name": "TruSTAR",
            "imagePath": "content/packs/TruSTAR/TruSTAR_image.png"
        },
        {
            "name": "ReversingLabs A1000",
            "imagePath": "content/packs/ReversingLabs_A1000/ReversingLabsA1000_image.png"
        },
        {
            "name": "Group-IB TDS Polygon",
            "imagePath": "content/packs/Polygon/Group-IBTDSPolygon_image.png"
        },
        {
            "name": "McAfee Threat Intelligence Exchange",
            "imagePath": "content/packs/McAfee-TIE/McAfeeThreatIntelligenceExchange_image.png"
        },
        {
            "name": "ReversingLabs Titanium Cloud",
            "imagePath": "content/packs/ReversingLabs_Titanium_Cloud/ReversingLabsTitaniumCloud_image.png"
        },
        {
            "name": "RiskSense",
            "imagePath": "content/packs/RiskSense/RiskSense_image.png"
        },
        {
            "name": "FortiGate",
            "imagePath": "content/packs/FortiGate/FortiGate_image.png"
        },
        {
            "name": "ExtraHop Reveal(x) v2",
            "imagePath": "content/packs/ExtraHop/ExtraHopv2_image.png"
        },
        {
            "name": "CrowdStrike Falcon X",
            "imagePath": "content/packs/CrowdStrikeFalconX/CrowdStrikeFalconX_image.png"
        },
        {
            "name": "VulnDB",
            "imagePath": "content/packs/VulnDB/VulnDB_image.png"
        },
        {
            "name": "Gmail Single User (Beta)",
            "imagePath": "content/packs/GmailSingleUser/GmailSingleUser_image.png"
        },
        {
            "name": "EWS O365",
            "imagePath": "content/packs/EWS/EWSO365_image.png"
        },
        {
            "name": "EWS v2",
            "imagePath": "content/packs/EWS/EWSv2_image.png"
        },
        {
            "name": "O365 - EWS - Extension",
            "imagePath": "content/packs/EWS/EwsExtension_image.png"
        },
        {
            "name": "O365 - EWS - Extension Online Powershell v2",
            "imagePath": "content/packs/EWS/EWSExtensionOnlinePowershellv2_image.png"
        },
        {
            "name": "O365 - Security And Compliance - Content Search (beta)",
            "imagePath": "content/packs/EWS/SecurityAndCompliance_image.png"
        },
        {
            "name": "Mail Sender (New)",
            "imagePath": "content/packs/MailSenderNew/MailSender%28New%29_image.png"
        },
        {
            "name": "Palo Alto Networks Traps",
            "imagePath": "content/packs/Traps/Traps_image.png"
        },
        {
            "name": "Palo Alto Traps ESM (Beta)",
            "imagePath": "content/packs/Traps/PaloAltoTrapsESM%28Beta%29_image.png"
        },
        {
            "name": "Palo Alto Networks Cortex XDR - Investigation and Response",
            "imagePath": "content/packs/CortexXDR/CortexXDR-IR_image.png"
        },
        {
            "name": "Cortex XDR - IOC",
            "imagePath": "content/packs/CortexXDR/CortexXDR-IOC_image.png"
        },
        {
            "name": "Kenna v2",
            "imagePath": "content/packs/Kenna/Kennav2_image.png"
        },
        {
            "name": "SNDBOX",
            "imagePath": "content/packs/SNDBOX/SNDBOX_image.png"
        },
        {
            "name": "illuminate",
            "imagePath": "content/packs/illuminate/illuminate_image.png"
        },
        {
            "name": "ANY.RUN",
            "imagePath": "content/packs/ANYRUN/ANYRUN_image.png"
        },
        {
            "name": "CrowdStrike Falcon Sandbox",
            "imagePath": "content/packs/CrowdStrikeFalconSandbox/VxStream_image.png"
        },
        {
            "name": "Gmail",
            "imagePath": "content/packs/Gmail/Gmail_image.png"
        },
        {
            "name": "Code42",
            "imagePath": "content/packs/Code42/Code42_image.png"
        },
        {
            "name": "Microsoft Graph Mail",
            "imagePath": "content/packs/MicrosoftGraphMail/MicrosoftGraphMail_image.png"
        },
        {
            "name": "CrowdStrike Falcon",
            "imagePath": "content/packs/CrowdStrikeFalcon/CrowdstrikeFalcon_image.png"
        },
        {
            "name": "Microsoft Graph Mail Single User",
            "imagePath": "content/packs/MicrosoftGraphListener/MicrosoftGraphMailSingleUser_image.png"
        },
        {
            "name": "VirusTotal - Private API",
            "imagePath": "content/packs/VirusTotal-Private_API/VirusTotal-PrivateAPI_image.png"
        },
        {
            "name": "McAfee Advanced Threat Defense",
            "imagePath": "content/packs/McAfee_Advanced_Threat_Defense/McAfeeAdvancedThreatDefense_image.png"
        },
        {
            "name": "Rasterize",
            "imagePath": "content/packs/rasterize/Rasterize_image.png"
        },
        {
            "name": "VMware Carbon Black EDR",
            "imagePath": "content/packs/Carbon_Black_Enterprise_Response/carbonblack-v2_image.png"
        },
        {
            "name": "FireEye (AX Series)",
            "imagePath": "content/packs/fireeye/fireeye_image.png"
        },
        {
            "name": "EWS (Deprecated)",
            "imagePath": "content/packs/EWS/EWS_image.png"
        },
        {
            "name": "Joe Security",
            "imagePath": "content/packs/JoeSecurity/JoeSecurity_image.png"
        },
        {
            "name": "Image OCR",
            "imagePath": "content/packs/ImageOCR/ImageOCR_image.png"
        },
        {
            "name": "McAfee ePO",
            "imagePath": "content/packs/epo/epo_image.png"
        },
        {
            "name": "Cybereason",
            "imagePath": "content/packs/Cybereason/Cybereason_image.png"
        },
        {
            "name": "Cisco Secure Malware Analytics Feed",
            "imagePath": "content/packs/ThreatGrid/CiscoSecureMalwareAnalytics_image.png"
        },
        {
            "name": "Cisco Threat Grid",
            "imagePath": "content/packs/ThreatGrid/ThreatGrid_image.png"
        },
        {
            "name": "VMware Carbon Black App Control v2",
            "imagePath": "content/packs/CarbonBlackProtect/CarbonBlackProtectionV2_image.png"
        },
        {
            "name": "FalconHost (Deprecated)",
            "imagePath": "content/packs/CrowdStrikeHost/FalconHost_image.png"
        },
        {
            "name": "Cylance Protect v2",
            "imagePath": "content/packs/Cylance_Protect/CylanceProtectv2_image.png"
        },
        {
            "name": "Cuckoo Sandbox",
            "imagePath": "content/packs/CuckooSandbox/CuckooSandbox_image.png"
        }
    ],
    "useCases": [],
    "keywords": [],
    "dependencies": {
        "PolySwarm": {
            "mandatory": false,
            "minVersion": "1.0.2",
            "author": "PolySwarm",
            "name": "PolySwarm",
            "certification": "certified"
        },
        "EWSMailSender": {
            "mandatory": false,
            "minVersion": "1.1.1",
            "author": "Cortex XSOAR",
            "name": "EWS Mail Sender",
            "certification": "certified"
        },
        "HybridAnalysis": {
            "mandatory": false,
            "minVersion": "1.0.0",
            "author": "Cortex XSOAR",
            "name": "Hybrid Analysis",
            "certification": "certified"
        },
        "PaloAltoNetworks_Threat_Vault": {
            "mandatory": false,
            "minVersion": "1.0.3",
            "author": "Cortex XSOAR",
            "name": "Palo Alto Networks Threat Vault",
            "certification": "certified"
        },
        "CheckpointFirewall": {
            "mandatory": false,
            "minVersion": "2.0.7",
            "author": "Cortex XSOAR",
            "name": "Check Point Firewall",
            "certification": "certified"
        },
        "Carbon_Black_Enterprise_Live_Response": {
            "mandatory": false,
            "minVersion": "1.1.1",
            "author": "Cortex XSOAR",
            "name": "Carbon Black Enterprise Live Response",
            "certification": "certified"
        },
        "CrowdStrikeMalquery": {
            "mandatory": false,
            "minVersion": "1.0.2",
            "author": "Cortex XSOAR",
            "name": "CrowdStrike Malquery",
            "certification": "certified"
        },
        "Base": {
            "mandatory": true,
            "minVersion": "1.10.9",
            "author": "Cortex XSOAR",
            "name": "Base",
            "certification": "certified"
        },
        "Active_Directory_Query": {
            "mandatory": false,
            "minVersion": "1.1.9",
            "author": "Cortex XSOAR",
            "name": "Active Directory Query",
            "certification": "certified"
        },
        "VMRay": {
            "mandatory": false,
            "minVersion": "1.0.0",
            "author": "Cortex XSOAR",
            "name": "VMRay",
            "certification": "certified"
        },
        "CTIX": {
            "mandatory": false,
            "minVersion": "1.0.0",
            "author": "Cyware Labs",
            "name": "CTIX",
            "certification": "certified"
        },
        "Threat_Crowd": {
            "mandatory": false,
            "minVersion": "1.0.0",
            "author": "Cortex XSOAR",
            "name": "Threat Crowd",
            "certification": "certified"
        },
        "EclecticIQ": {
            "mandatory": false,
            "minVersion": "1.0.0",
            "author": "Cortex XSOAR",
            "name": "EclecticIQ Platform",
            "certification": "certified"
        },
        "FireEyeHX": {
            "mandatory": false,
            "minVersion": "1.0.10",
            "author": "Cortex XSOAR",
            "name": "FireEye HX",
            "certification": "certified"
        },
        "Rapid7_Nexpose": {
            "mandatory": false,
            "minVersion": "1.1.0",
            "author": "Cortex XSOAR",
            "name": "Rapid7 Nexpose",
            "certification": "certified"
        },
        "Zimperium": {
            "mandatory": false,
            "minVersion": "1.0.6",
            "author": "Cortex XSOAR",
            "name": "Zimperium",
            "certification": "certified"
        },
        "illuminate": {
            "mandatory": false,
            "minVersion": "1.0.6",
            "author": "Analyst1",
            "name": "Analyst1",
            "certification": "certified"
        },
        "XForceExchange": {
            "mandatory": false,
            "minVersion": "1.1.0",
            "author": "Cortex XSOAR",
            "name": "IBM X-Force Exchange",
            "certification": "certified"
        },
        "Cisco-umbrella": {
            "mandatory": false,
            "minVersion": "1.0.4",
            "author": "Cortex XSOAR",
            "name": "Cisco Umbrella Investigate",
            "certification": "certified"
        },
        "RiskSense": {
            "mandatory": false,
            "minVersion": "1.0.4",
            "author": "RiskSense",
            "name": "RiskSense",
            "certification": "certified"
        },
        "Zscaler": {
            "mandatory": false,
            "minVersion": "1.1.2",
            "author": "Cortex XSOAR",
            "name": "Zscaler",
            "certification": "certified"
        },
        "FortiGate": {
            "mandatory": false,
            "minVersion": "1.0.1",
            "author": "Cortex XSOAR",
            "name": "FortiGate",
            "certification": "certified"
        },
        "ExtraHop": {
            "mandatory": false,
            "minVersion": "1.0.5",
            "author": "ExtraHop",
            "name": "ExtraHop Reveal(x)",
            "certification": "certified"
        },
        "CrowdStrikeFalconX": {
            "mandatory": false,
            "minVersion": "1.1.1",
            "author": "Cortex XSOAR",
            "name": "CrowdStrike FalconX",
            "certification": "certified"
        },
        "VulnDB": {
            "mandatory": false,
            "minVersion": "1.0.2",
            "author": "Cortex XSOAR",
            "name": "VulnDB",
            "certification": "certified"
        },
        "GmailSingleUser": {
            "mandatory": false,
            "minVersion": "1.1.1",
            "author": "Cortex XSOAR",
            "name": "Gmail Single User (Beta)",
            "certification": "certified"
        },
        "MISP": {
            "mandatory": false,
            "minVersion": "1.0.6",
            "author": "Cortex XSOAR",
            "name": "MISP",
            "certification": "certified"
        },
        "EWS": {
            "mandatory": false,
            "minVersion": "1.8.16",
            "author": "Cortex XSOAR",
            "name": "EWS",
            "certification": "certified"
        },
        "Palo_Alto_Networks_WildFire": {
            "mandatory": false,
            "minVersion": "1.3.3",
            "author": "Cortex XSOAR",
            "name": "Palo Alto Networks WildFire",
            "certification": "certified"
        },
        "ReversingLabs_A1000": {
            "mandatory": false,
            "minVersion": "1.2.0",
            "author": "ReversingLabs",
            "name": "ReversingLabs A1000",
            "certification": "certified"
        },
        "URLHaus": {
            "mandatory": false,
            "minVersion": "1.0.2",
            "author": "Cortex XSOAR",
            "name": "URLhaus",
            "certification": "certified"
        },
        "ThreatExchange": {
            "mandatory": false,
            "minVersion": "1.0.2",
            "author": "Cortex XSOAR",
            "name": "ThreatExchange",
            "certification": "certified"
        },
        "MailSenderNew": {
            "mandatory": false,
            "minVersion": "1.0.1",
            "author": "Cortex XSOAR",
            "name": "Mail Sender (New)",
            "certification": "certified"
        },
        "Traps": {
            "mandatory": false,
            "minVersion": "1.0.3",
            "author": "Cortex XSOAR",
            "name": "Palo Alto Networks Traps",
            "certification": "certified"
        },
        "Kenna": {
            "mandatory": false,
            "minVersion": "1.1.0",
            "author": "Cortex XSOAR",
            "name": "Kenna",
            "certification": "certified"
        },
        "TruSTAR": {
            "mandatory": false,
            "minVersion": "2.1.2",
            "author": "TruSTAR",
            "name": "TruSTAR",
            "certification": "certified"
        },
        "SNDBOX": {
            "mandatory": false,
            "minVersion": "1.0.2",
            "author": "Cortex XSOAR",
            "name": "SNDBOX",
            "certification": "certified"
        },
        "isight": {
            "mandatory": false,
            "minVersion": "1.0.0",
            "author": "Cortex XSOAR",
            "name": "FireEye iSIGHT",
            "certification": "certified"
        },
        "CyberTotal": {
            "mandatory": false,
            "minVersion": "1.0.3",
            "author": "CyCraft Technology Corporation.",
            "name": "CyberTotal",
            "certification": "certified"
        },
        "Lastline": {
            "mandatory": false,
            "minVersion": "1.0.5",
            "author": "Cortex XSOAR",
            "name": "Lastline",
            "certification": "certified"
        },
        "VirusTotal": {
            "mandatory": false,
            "minVersion": "2.0.5",
            "author": "Cortex XSOAR",
            "name": "VirusTotal",
            "certification": "certified"
        },
        "ANYRUN": {
            "mandatory": false,
            "minVersion": "1.0.2",
            "author": "Cortex XSOAR",
            "name": "ANY.RUN",
            "certification": "certified"
        },
        "CrowdStrikeFalconSandbox": {
            "mandatory": false,
            "minVersion": "1.0.5",
            "author": "Cortex XSOAR",
            "name": "CrowdStrike Falcon Sandbox",
            "certification": "certified"
        },
        "AlienVault_OTX": {
            "mandatory": false,
            "minVersion": "1.1.0",
            "author": "Cortex XSOAR",
            "name": "AlienVault OTX",
            "certification": "certified"
        },
        "ThreatConnect": {
            "mandatory": false,
            "minVersion": "2.0.14",
            "author": "Cortex XSOAR",
            "name": "ThreatConnect",
            "certification": "certified"
        },
        "Gmail": {
            "mandatory": false,
            "minVersion": "1.1.6",
            "author": "Cortex XSOAR",
            "name": "Gmail",
            "certification": "certified"
        },
        "Code42": {
            "mandatory": false,
            "minVersion": "2.0.9",
            "author": "Code42",
            "name": "Code42",
            "certification": "certified"
        },
        "Sixgill-Darkfeed": {
            "mandatory": false,
            "minVersion": "2.0.0",
            "author": "Sixgill",
            "name": "Sixgill Darkfeed - Annual Subscription",
            "certification": "certified"
        },
        "McAfee_Advanced_Threat_Defense": {
            "mandatory": false,
            "minVersion": "1.0.5",
            "author": "Cortex XSOAR",
            "name": "McAfee Advanced Threat Defense",
            "certification": "certified"
        },
        "Polygon": {
            "mandatory": false,
            "minVersion": "1.0.2",
            "author": "Group-IB",
            "name": "Polygon",
            "certification": "certified"
        },
        "AutoFocus": {
            "mandatory": false,
            "minVersion": "1.1.17",
            "author": "Cortex XSOAR",
            "name": "AutoFocus",
            "certification": "certified"
        },
        "rasterize": {
            "mandatory": false,
            "minVersion": "1.0.7",
            "author": "Cortex XSOAR",
            "name": "Rasterize",
            "certification": "certified"
        },
        "Carbon_Black_Enterprise_Response": {
            "mandatory": false,
            "minVersion": "1.1.6",
            "author": "Cortex XSOAR",
            "name": "Carbon Black Enterprise Response",
            "certification": "certified"
        },
        "CrowdStrikeIntel": {
            "mandatory": false,
            "minVersion": "2.0.10",
            "author": "Cortex XSOAR",
            "name": "CrowdStrike Falcon Intel",
            "certification": "certified"
        },
        "Anomali_ThreatStream": {
            "mandatory": false,
            "minVersion": "1.1.0",
            "author": "Cortex XSOAR",
            "name": "Anomali ThreatStream",
            "certification": "certified"
        },
        "ThreatMiner": {
            "mandatory": false,
            "minVersion": "1.0.3",
            "author": "Cortex XSOAR",
            "name": "ThreatMiner",
            "certification": "certified"
        },
        "VirusTotal-Private_API": {
            "mandatory": false,
            "minVersion": "1.0.7",
            "author": "Cortex XSOAR",
            "name": "VirusTotal - Private API",
            "certification": "certified"
        },
        "RecordedFuture": {
            "mandatory": false,
            "minVersion": "1.1.0",
            "author": "Recorded Future",
            "name": "RecordedFuture v2",
            "certification": "certified"
        },
        "CrowdStrikeFalcon": {
            "mandatory": false,
            "minVersion": "1.2.16",
            "author": "Cortex XSOAR",
            "name": "CrowdStrike Falcon",
            "certification": "certified"
        },
        "Flashpoint": {
            "mandatory": false,
            "minVersion": "1.0.0",
            "author": "Flashpoint",
            "name": "Flashpoint",
            "certification": "certified"
        },
        "ThreatQ": {
            "mandatory": false,
            "minVersion": "1.0.7",
            "author": "ThreatQ",
            "name": "ThreatQ",
            "certification": "certified"
        },
        "fireeye": {
            "mandatory": false,
            "minVersion": "1.0.4",
            "author": "Cortex XSOAR",
            "name": "FireEye (AX Series)",
            "certification": "certified"
        },
        "Cofense-Intelligence": {
            "mandatory": false,
            "minVersion": "1.0.1",
            "author": "Cortex XSOAR",
            "name": "Cofense Intelligence",
            "certification": "certified"
        },
        "CortexXDR": {
            "mandatory": false,
            "minVersion": "3.0.10",
            "author": "Cortex XSOAR",
            "name": "Palo Alto Networks Cortex XDR - Investigation and Response",
            "certification": "certified"
        },
        "Recorded_Future": {
            "mandatory": false,
            "minVersion": "1.0.3",
            "author": "Cortex XSOAR",
            "name": "Recorded Future",
            "certification": "certified"
        },
        "Synapse": {
            "mandatory": false,
            "minVersion": "1.0.1",
            "author": "Jordan Berry",
            "name": "Synapse",
            "certification": ""
        },
        "JoeSecurity": {
            "mandatory": false,
            "minVersion": "1.0.4",
            "author": "Cortex XSOAR",
            "name": "Joe Security",
            "certification": "certified"
        },
        "ImageOCR": {
            "mandatory": false,
            "minVersion": "1.0.1",
            "author": "Cortex XSOAR",
            "name": "Image OCR",
            "certification": "certified"
        },
        "epo": {
            "mandatory": false,
            "minVersion": "1.0.1",
            "author": "Cortex XSOAR",
            "name": "McAfee ePO",
            "certification": "certified"
        },
        "McAfee-TIE": {
            "mandatory": false,
            "minVersion": "1.0.0",
            "author": "Cortex XSOAR",
            "name": "McAfee Threat Intelligence Exchange",
            "certification": "certified"
        },
        "Cybereason": {
            "mandatory": false,
            "minVersion": "1.0.8",
            "author": "Cortex XSOAR",
            "name": "Cybereason",
            "certification": "certified"
        },
        "ThreatGrid": {
            "mandatory": false,
            "minVersion": "1.2.1",
            "author": "Cortex XSOAR",
            "name": "Cisco Threat Grid",
            "certification": "certified"
        },
        "CommonScripts": {
            "mandatory": true,
            "minVersion": "1.3.38",
            "author": "Cortex XSOAR",
            "name": "Common Scripts",
            "certification": "certified"
        },
        "D2": {
            "mandatory": false,
            "minVersion": "1.0.0",
            "author": "Cortex XSOAR",
            "name": "D2",
            "certification": "certified"
        },
        "ReversingLabs_Titanium_Cloud": {
            "mandatory": false,
            "minVersion": "1.2.0",
            "author": "ReversingLabs",
            "name": "ReversingLabs TitaniumCloud",
            "certification": "certified"
        },
        "CVESearch": {
            "mandatory": false,
            "minVersion": "1.0.4",
            "author": "Cortex XSOAR",
            "name": "CVE Search",
            "certification": "certified"
        },
        "PAN-OS": {
            "mandatory": false,
            "minVersion": "1.6.16",
            "author": "Cortex XSOAR",
            "name": "PAN-OS",
            "certification": "certified"
        },
        "Symantec_Deepsight": {
            "mandatory": false,
            "minVersion": "1.0.0",
            "author": "Cortex XSOAR",
            "name": "Symantec Deepsight Intelligence (Beta)",
            "certification": "certified"
        },
        "CarbonBlackProtect": {
            "mandatory": false,
            "minVersion": "1.0.5",
            "author": "Cortex XSOAR",
            "name": "Carbon Black Enterprise Protection",
            "certification": "certified"
        },
        "CrowdStrikeHost": {
            "mandatory": false,
            "minVersion": "1.1.3",
            "author": "Cortex XSOAR",
            "name": "FalconHost",
            "certification": "certified"
        },
        "Cylance_Protect": {
            "mandatory": false,
            "minVersion": "1.0.3",
            "author": "Cortex XSOAR",
            "name": "Cylance Protect",
            "certification": "certified"
        },
        "MicrosoftGraphMail": {
            "mandatory": false,
            "minVersion": "1.0.19",
            "author": "Cortex XSOAR",
            "name": "Microsoft Graph Mail",
            "certification": "certified"
        },
        "CuckooSandbox": {
            "mandatory": false,
            "minVersion": "1.0.1",
            "author": "Cortex XSOAR",
            "name": "Cuckoo Sandbox",
            "certification": "certified"
        },
        "MicrosoftGraphListener": {
            "mandatory": false,
            "minVersion": "1.0.14",
            "author": "Cortex XSOAR",
            "name": "Microsoft Graph Mail Single User",
            "certification": "certified"
        },
        "Maltiverse": {
            "mandatory": false,
            "minVersion": "1.0.3",
            "author": "Cortex XSOAR",
            "name": "Maltiverse",
            "certification": "certified"
        },
        "Phishing": {
            "mandatory": false,
            "minVersion": "2.2.1",
            "author": "Cortex XSOAR",
            "name": "Phishing",
            "certification": "certified"
        }
    }
}