{
    "name": "Common Playbooks",
    "id": "CommonPlaybooks",
    "description": "Frequently used playbooks pack.",
    "created": "2020-08-17T11:42:31Z",
    "updated": "2021-07-13T14:48:23Z",
    "legacy": true,
    "support": "xsoar",
    "supportDetails": {
        "url": "https://www.paloaltonetworks.com/cortex"
    },
    "eulaLink": "https://github.com/demisto/content/blob/master/LICENSE",
    "author": "Cortex XSOAR",
    "authorImage": "content/packs/Base/Author_image.png",
    "certification": "certified",
    "price": 0,
    "serverMinVersion": "5.0.0",
    "currentVersion": "1.9.10",
    "versionInfo": "405886",
    "commit": "6a4a311b34b889c6bea4bcf12273bf2f013dff76",
    "downloads": 10798,
    "tags": [],
    "categories": [],
    "contentItems": {
        "playbook": [
            {
                "name": "Entity Enrichment - Generic v3",
                "description": "Enrich entities using one or more integrations."
            },
            {
                "name": "Get Original Email - Generic",
                "description": "Use this playbook to retrieve the original email in the thread, including headers and attahcments, when the reporting user forwarded the original email not as an attachment.\n\nYou must have the necessary permissions in your email service to execute global search.\n\n- EWS: eDiscovery\n- Gmail: Google Apps Domain-Wide Delegation of Authority"
            },
            {
                "name": "Account Enrichment - Generic v2.1",
                "description": "Enrich accounts using one or more integrations.\nSupported integrations:\n- Active Directory"
            },
            {
                "name": "Block Account - Generic",
                "description": "This playbook blocks malicious usernames using all integrations that you have enabled.\n\nSupported integrations for this playbook:\n* Active Directory\n* PAN-OS - This requires PAN-OS 9.1 or higher."
            },
            {
                "name": "Block Email - Generic",
                "description": "This playbook will block emails at your mail relay integration."
            },
            {
                "name": "Block File - Generic v2",
                "description": "This playbook is used to block files from running on endpoints. \nThis playbook supports the following integrations:\n- Palo Alto Networks Traps\n- Palo Alto Networks Cortex XDR\n- Cybereason\n- Carbon Black Enterprise Response\n- Cylance Protect v2\n"
            },
            {
                "name": "Block IP - Generic v2",
                "description": "This playbook blocks malicious IPs using all integrations that are enabled.\n\nSupported integrations for this playbook:\n* Check Point Firewall\n* Palo Alto Networks Minemeld\n* Palo Alto Networks PAN-OS\n* Zscaler\n* FortiGate"
            },
            {
                "name": "Block Indicators - Generic v2",
                "description": "This playbook blocks malicious Indicators using all integrations that are enabled, using the following sub-playbooks:\n\n- Block URL - Generic\n- Block Account - Generic\n- Block IP - Generic v2\n- Block File - Generic v2\n\n"
            },
            {
                "name": "Block URL - Generic",
                "description": "This playbook blocks malicious URLs using all integrations that are enabled.\n\nSupported integrations for this playbook:\n* Palo Alto Networks Minemeld\n* Palo Alto Networks PAN-OS\n* Zscaler"
            },
            {
                "name": "CVE Enrichment - Generic v2",
                "description": "This playbook performs CVE Enrichment using the following integrations:\n- VulnDB\n- CVE Search\n- IBM X-Force Exchange"
            },
            {
                "name": "Calculate Severity - 3rd-party integrations",
                "description": "Calculates the incident severity level according to the methodology of a 3rd-party integration."
            },
            {
                "name": "Calculate Severity - Critical Assets v2",
                "description": "Determines if a critical assest is associated with the invesigation. The playbook returns a severity level of \"Critical\" if at least one critical asset is associated with the investigation.\nCritical assets refer to: users, user groups, endpoints and endpoint groups."
            },
            {
                "name": "Calculate Severity - Generic v2",
                "description": "Calculate and assign the incident severity based on the highest returned severity level from the following calculations:\n\n- DBotScores of indicators\n- Critical assets\n- Email authenticity\n- Current incident severity"
            },
            {
                "name": "Calculate Severity - Indicators DBotScore",
                "description": "Calculates the incident severity level according to the highest indicator DBotScore."
            },
            {
                "name": "Calculate Severity - Standard",
                "description": "Calculates and sets the incident severity based on the combination of the current incident severity, and the severity returned from the Evaluate Severity - Set By Highest DBotScore playbook."
            },
            {
                "name": "Calculate Severity By Highest DBotScore",
                "description": "Calculates the incident severity level according to the highest indicator DBotScore."
            },
            {
                "name": "Context Polling - Generic",
                "description": "This playbook polls a context key to check if a specific value exists."
            },
            {
                "name": "Convert file hash to corresponding hashes",
                "description": "The playbook enables you to get all of the corresponding file hashes for a file even if there is only one hash type available.\nFor example, if we have only the SHA256 hash, the playbook will get the SHA1 and MD5 hashes as long as the\noriginal searched hash is recognized by any our the threat intelligence integrations.\n"
            },
            {
                "name": "DBot Indicator Enrichment - Generic",
                "description": "Get indicators internal Dbot score"
            },
            {
                "name": "Dedup - Generic v2",
                "description": "Deprecated. Use the Dedup Generic v3 playbook instead. This playbook identifies duplicate incidents using one of the supported methods."
            },
            {
                "name": "Dedup - Generic v3",
                "description": "This playbook identifies duplicate incidents using one of the supported methods.\nSelect one of the following methods to identify duplicate incidents in Cortex XSOAR.\n- ml: Machine learning model, which is trained mostly on phishing incidents.\n-rules: Rules help identify duplicate incidents when the logic is well defined, for example, the same label or custom fields.\n-text: Statistics algorithm that compares text, which is generally useful for phishing incidents.\nFor each method, the playbook will search for the oldest similar incident. when there is a match for a similar incident the playbook will close the current incident and will link it to the older incident. "
            },
            {
                "name": "Detonate File - Generic",
                "description": "Detonate file through active integrations that support file detonation"
            },
            {
                "name": "Detonate URL - Generic",
                "description": "Detonate URL through active integrations that support URL detonation"
            },
            {
                "name": "Domain Enrichment - Generic v2",
                "description": "Enrich domains using one or more integrations.\nDomain enrichment includes:\n* Threat information"
            },
            {
                "name": "Email Address Enrichment - Generic v2.1",
                "description": "Enrich email addresses.\n- Get information from Active Directory for internal addresses\n- Get the domain-squatting reputation for external addresses"
            },
            {
                "name": "Endpoint Enrichment - Generic v2.1",
                "description": "Enrich an endpoint by hostname using one or more integrations.\nSupported integrations:\n- Active Directory Query v2\n- McAfee ePolicy Orchestrator\n- Carbon Black Enterprise Response v2\n- Cylance Protect v2\n- CrowdStrike Falcon Host\n- ExtraHop Reveal(x)"
            },
            {
                "name": "Entity Enrichment - Generic v2",
                "description": "Enrich entities using one or more integrations"
            },
            {
                "name": "Extract Indicators From File - Generic v2",
                "description": "Extracts indicators from a file.\nSupported file types:\n- CSV\n- PDF\n- TXT\n- HTM, HTML\n- DOC, DOCX\n- PPT\n- PPTX\n- RTF\n- XLS\n- XLSX\n- XML"
            },
            {
                "name": "Field Polling - Generic",
                "description": "This playbook polls a field to check if a specific value exists."
            },
            {
                "name": "File Enrichment - File reputation",
                "description": "Get file reputation using one or more integrations"
            },
            {
                "name": "File Enrichment - Generic v2",
                "description": "Enrich a file using one or more integrations.\n\n- Provide threat information"
            },
            {
                "name": "GenericPolling",
                "description": "Use this playbook as a sub-playbook to block execution of the master playbook until a remote action is complete.\nThis playbook implements polling by continuously running the command in Step \\#2 until the operation completes.\nThe remote action should have the following structure:\n\n1. Initiate the operation.\n2. Poll to check if the operation completed.\n3. (optional) Get the results of the operation."
            },
            {
                "name": "Get File Sample By Hash - Generic v2",
                "description": "This playbook returns a file sample correlating to a hash in the war-room using the following sub-playbooks:\n- Get File Sample By Hash - Carbon Black Enterprise Response\n- Get File Sample By Hash - Cylance Protect v2"
            },
            {
                "name": "Get File Sample By Hash - Generic v3",
                "description": "This playbook returns a file sample correlating to a hash in the War Room using the following sub-playbooks:\n- Get binary file by MD5 hash from Carbon Black telemetry data - VMware Carbon Black EDR v2.\n- Get the threat (file) attached to a specific SHA256 hash - Cylance Protect v2."
            },
            {
                "name": "Get File Sample From Path - Generic",
                "description": "Returns a file sample to the war-room from a path on an endpoint using one or more integrations\n\ninputs:\n* UseD2 - if \"True\", use Demisto Dissolvable Agent (D2) to return the file (default: False)"
            },
            {
                "name": "Get File Sample From Path - Generic V2",
                "description": "This playbook returns a file sample correlating to a path into the War Room using the following sub-playbooks:\ninputs:\n1) Get File Sample From Path - D2.\n2) Get File Sample From Path - VMware Carbon Black EDR (Live Response API).\n"
            },
            {
                "name": "Get File Sample From Path - Generic V3",
                "description": "This playbook returns a file sample from a specified path and host that you input in the following playbooks:\n1) PS Remote Get File Sample From Path.\n2) Get File Sample From Path - VMware Carbon Black EDR (Live Response API).\n"
            },
            {
                "name": "Get endpoint details - Generic",
                "description": "This playbook uses the generic command !endpoint to retrieve details on a specific endpoint.\nThis command currently supports the following integrations:\n- Palo Alto Networks Cortex XDR - Investigation and Response.\n- CrowdStrike Falcon. "
            },
            {
                "name": "Get host forensics - Generic",
                "description": "This playbook retrieves forensics from hosts.\nThe available integration:\n- Illusive networks. "
            },
            {
                "name": "IP Enrichment - External - Generic v2",
                "description": "Enrich IP addresses using one or more integrations.\n\n- Resolve IP addresses to hostnames (DNS)\n- Provide threat information\n- Separate internal and external addresses"
            },
            {
                "name": "IP Enrichment - Generic v2",
                "description": "Enrich IP addresses using one or more integrations.\n\n- Resolve IP addresses to hostnames (DNS)\n- Provide threat information\n- Separate internal and external IP addresses\n- For internal IP addresses, get host information"
            },
            {
                "name": "IP Enrichment - Internal - Generic v2",
                "description": "Enrich Internal IP addresses using one or more integrations.\n\n- Resolve IP address to hostname (DNS)\n- Separate internal and external IP addresses\n- Get host information for IP addresses"
            },
            {
                "name": "Isolate Endpoint - Generic",
                "description": "This playbook isolates a given endpoint using the following integrations:\n- Carbon Black Enterprise Response\n- Palo Alto Networks Traps"
            },
            {
                "name": "Isolate Endpoint - Generic V2",
                "description": "This playbook isolates a given endpoint via various endpoint product integrations.\nMake sure to provide the valid playbook input for the integration you are using."
            },
            {
                "name": "Retrieve File from Endpoint - Generic",
                "description": "This playbook retrieves a file sample from an endpoint using the following playbooks:\n- Get File Sample From Path - Generic\n- Get File Sample By Hash - Generic v2"
            },
            {
                "name": "Retrieve File from Endpoint - Generic V2",
                "description": "'This playbook retrieves a file sample from an endpoint using the following playbooks:'\n- Get File Sample From Path - Generic v2.\n- Get File Sample By Hash - Generic v3."
            },
            {
                "name": "Retrieve File from Endpoint - Generic V3",
                "description": "'This playbook retrieves a file sample from an endpoint using the following playbooks:'\n- Get File Sample From Path - Generic v2.\n- Get File Sample By Hash - Generic v3."
            },
            {
                "name": "Search And Delete Emails - Generic",
                "description": "This playbook searches and delete emails with similar attributes of a malicious email."
            },
            {
                "name": "Search Endpoint by CVE - Generic",
                "description": "Hunt for assets with a given CVE using available tools"
            },
            {
                "name": "Search Endpoints By Hash - Generic V2",
                "description": "Hunt using available tools"
            },
            {
                "name": "Send Investigation Summary Reports",
                "description": "This playbook iterates over closed incidents, generates a summary report for each closed incident, and emails the reports to specified users. "
            },
            {
                "name": "Send Investigation Summary Reports Job",
                "description": "You should run this playbook as a scheduled job, whicn should run at an interval of once every 15 minutes. This playbook functions by calling the sub-playbook: \"Send Investigation Summary Reports\", and closes the incident. By default, the playbook will search all incidents closed within the last hour. If you want to run the playbook more frequently, you should adjust the search query of the child playbook: \"Send Investigation Summary\". Reports."
            },
            {
                "name": "Threat Hunting - Generic",
                "description": "This playbook enables threat hunting for IOCs in your enterprise.\nThis playbook currently supports the following integrations:\n- Splunk\n- Qradar\n- Pan-os\n- Cortex data lake \n- Autofocus"
            },
            {
                "name": "URL Enrichment - Generic v2",
                "description": "Enrich URLs using one or more integrations.\n\nURL enrichment includes:\n* SSL verification for URLs\n* Threat information\n* Providing of URL screenshots"
            },
            {
                "name": "Unisolate Endpoint - Generic",
                "description": "This playbook unisolates endpoints according to the endpoint ID or hostname that is provided in the playbook.\nCurrently supports the following integrations:\n- Carbon Black Response\n- Cortex XDR\n- Crowdstrike Falcon\n- FireEye HX \n- Cybereason\n"
            },
            {
                "name": "Wait Until Datetime",
                "description": "Pauses execution until the date and time that was specified in the plabyook input is reached."
            }
        ]
    },
    "searchRank": 10,
    "integrations": [
        {
            "name": "EWS (Deprecated)",
            "imagePath": "content/packs/EWS/EWS_image.png"
        },
        {
            "name": "EWS O365",
            "imagePath": "content/packs/EWS/EWSO365_image.png"
        },
        {
            "name": "EWS v2",
            "imagePath": "content/packs/EWS/EWSv2_image.png"
        },
        {
            "name": "O365 - EWS - Extension",
            "imagePath": "content/packs/EWS/EwsExtension_image.png"
        },
        {
            "name": "O365 - EWS - Extension Online Powershell v2",
            "imagePath": "content/packs/EWS/EWSExtensionOnlinePowershellv2_image.png"
        },
        {
            "name": "O365 - Security And Compliance - Content Search (beta)",
            "imagePath": "content/packs/EWS/SecurityAndCompliance_image.png"
        },
        {
            "name": "Active Directory Query v2",
            "imagePath": "content/packs/Active_Directory_Query/ActiveDirectoryQueryv2_image.png"
        },
        {
            "name": "Cortex XDR - IOC",
            "imagePath": "content/packs/CortexXDR/CortexXDR-IOC_image.png"
        },
        {
            "name": "Palo Alto Networks Cortex XDR - Investigation and Response",
            "imagePath": "content/packs/CortexXDR/CortexXDR-IR_image.png"
        },
        {
            "name": "Palo Alto Networks PAN-OS",
            "imagePath": "content/packs/PAN-OS/Panorama_image.png"
        },
        {
            "name": "SplunkPy",
            "imagePath": "content/packs/SplunkPy/SplunkPy_image.png"
        },
        {
            "name": "IBM QRadar (Deprecated)",
            "imagePath": "content/packs/QRadar/QRadar_image.png"
        },
        {
            "name": "IBM QRadar v2",
            "imagePath": "content/packs/QRadar/QRadar_v2_image.png"
        },
        {
            "name": "IBM QRadar v3",
            "imagePath": "content/packs/QRadar/QRadarv3_image.png"
        },
        {
            "name": "Palo Alto Networks WildFire v2",
            "imagePath": "content/packs/Palo_Alto_Networks_WildFire/WildFire-v2_image.png"
        },
        {
            "name": "IBM X-Force Exchange (Deprecated)",
            "imagePath": "content/packs/XForceExchange/XFE_image.png"
        },
        {
            "name": "IBM X-Force Exchange v2",
            "imagePath": "content/packs/XForceExchange/XFE_v2_image.png"
        },
        {
            "name": "Rasterize",
            "imagePath": "content/packs/rasterize/Rasterize_image.png"
        },
        {
            "name": "CrowdStrike Falcon",
            "imagePath": "content/packs/CrowdStrikeFalcon/CrowdstrikeFalcon_image.png"
        },
        {
            "name": "VMware Carbon Black EDR (Deprecated)",
            "imagePath": "content/packs/Carbon_Black_Enterprise_Response/carbonblack-v2_image.png"
        },
        {
            "name": "VMware Carbon Black EDR v2",
            "imagePath": "content/packs/Carbon_Black_Enterprise_Response/VMwareCarbonBlackEDRv2_image.png"
        },
        {
            "name": "Zscaler",
            "imagePath": "content/packs/Zscaler/Zscaler_image.png"
        },
        {
            "name": "VirusTotal - Private API",
            "imagePath": "content/packs/VirusTotal-Private_API/VirusTotal-PrivateAPI_image.png"
        },
        {
            "name": "Check Point Firewall (Deprecated)",
            "imagePath": "content/packs/CheckpointFirewall/CheckPoint_image.png"
        },
        {
            "name": "CheckPoint Firewall v2",
            "imagePath": "content/packs/CheckpointFirewall/CheckPointFirewall_v2_image.png"
        },
        {
            "name": "Cisco Secure Malware Analytics Feed",
            "imagePath": "content/packs/ThreatGrid/CiscoSecureMalwareAnalytics_image.png"
        },
        {
            "name": "Cisco Threat Grid",
            "imagePath": "content/packs/ThreatGrid/ThreatGrid_image.png"
        },
        {
            "name": "Cylance Protect v2",
            "imagePath": "content/packs/Cylance_Protect/CylanceProtectv2_image.png"
        },
        {
            "name": "FireEye HX",
            "imagePath": "content/packs/FireEyeHX/FireEyeHX_image.png"
        },
        {
            "name": "Cisco Umbrella Investigate",
            "imagePath": "content/packs/Cisco-umbrella/CiscoUmbrellaInvestigate_image.png"
        },
        {
            "name": "Cybereason",
            "imagePath": "content/packs/Cybereason/Cybereason_image.png"
        },
        {
            "name": "Rapid7 Nexpose",
            "imagePath": "content/packs/Rapid7_Nexpose/Rapid7Nexpose_image.png"
        },
        {
            "name": "Palo Alto Networks Traps",
            "imagePath": "content/packs/Traps/Traps_image.png"
        },
        {
            "name": "Palo Alto Traps ESM (Beta)",
            "imagePath": "content/packs/Traps/PaloAltoTrapsESM%28Beta%29_image.png"
        },
        {
            "name": "Lastline v2",
            "imagePath": "content/packs/Lastline/Lastlinev2_image.png"
        },
        {
            "name": "McAfee Advanced Threat Defense",
            "imagePath": "content/packs/McAfee_Advanced_Threat_Defense/McAfeeAdvancedThreatDefense_image.png"
        },
        {
            "name": "VMware Carbon Black App Control v2",
            "imagePath": "content/packs/CarbonBlackProtect/CarbonBlackProtectionV2_image.png"
        },
        {
            "name": "Threat Crowd (Deprecated)",
            "imagePath": "content/packs/Threat_Crowd/ThreatCrowd_image.png"
        },
        {
            "name": "Threat Crowd v2",
            "imagePath": "content/packs/Threat_Crowd/ThreatCrowd_v2_image.png"
        },
        {
            "name": "Group-IB TDS Polygon",
            "imagePath": "content/packs/Polygon/Group-IBTDSPolygon_image.png"
        },
        {
            "name": "CrowdStrike Falcon X",
            "imagePath": "content/packs/CrowdStrikeFalconX/CrowdStrikeFalconX_image.png"
        },
        {
            "name": "VMRay",
            "imagePath": "content/packs/VMRay/vmray_image.png"
        },
        {
            "name": "Joe Security",
            "imagePath": "content/packs/JoeSecurity/JoeSecurity_image.png"
        },
        {
            "name": "ANY.RUN",
            "imagePath": "content/packs/ANYRUN/ANYRUN_image.png"
        },
        {
            "name": "CrowdStrike Falcon Sandbox",
            "imagePath": "content/packs/CrowdStrikeFalconSandbox/VxStream_image.png"
        },
        {
            "name": "ExtraHop Reveal(x) v2",
            "imagePath": "content/packs/ExtraHop/ExtraHopv2_image.png"
        },
        {
            "name": "VulnDB",
            "imagePath": "content/packs/VulnDB/VulnDB_image.png"
        },
        {
            "name": "VMware Carbon Black EDR (Live Response API)",
            "imagePath": "content/packs/Carbon_Black_Enterprise_Live_Response/carbonblackliveresponse_image.png"
        },
        {
            "name": "McAfee ePO",
            "imagePath": "content/packs/epo/epo_image.png"
        },
        {
            "name": "Image OCR",
            "imagePath": "content/packs/ImageOCR/ImageOCR_image.png"
        },
        {
            "name": "FortiGate",
            "imagePath": "content/packs/FortiGate/FortiGate_image.png"
        },
        {
            "name": "FireEye (AX Series)",
            "imagePath": "content/packs/fireeye/fireeye_image.png"
        },
        {
            "name": "Cuckoo Sandbox",
            "imagePath": "content/packs/CuckooSandbox/CuckooSandbox_image.png"
        },
        {
            "name": "FalconHost (Deprecated)",
            "imagePath": "content/packs/CrowdStrikeHost/FalconHost_image.png"
        },
        {
            "name": "Kenna v2",
            "imagePath": "content/packs/Kenna/Kennav2_image.png"
        },
        {
            "name": "RiskSense",
            "imagePath": "content/packs/RiskSense/RiskSense_image.png"
        },
        {
            "name": "SNDBOX",
            "imagePath": "content/packs/SNDBOX/SNDBOX_image.png"
        },
        {
            "name": "McAfee Threat Intelligence Exchange",
            "imagePath": "content/packs/McAfee-TIE/McAfeeThreatIntelligenceExchange_image.png"
        },
        {
            "name": "Code42",
            "imagePath": "content/packs/Code42/Code42_image.png"
        },
        {
            "name": "IllusiveNetworks",
            "imagePath": "content/packs/IllusiveNetworks/IllusiveNetworks_image.png"
        },
        {
            "name": "Hybrid Analysis",
            "imagePath": "content/packs/HybridAnalysis/HybridAnalysis_image.png"
        },
        {
            "name": "Symantec Messaging Gateway",
            "imagePath": "content/packs/Symantec_Messaging_Gateway/SymantecMessagingGateway_image.png"
        }
    ],
    "useCases": [],
    "keywords": [],
    "dependencies": {
        "QRadar": {
            "mandatory": false,
            "minVersion": "2.0.19",
            "author": "Cortex XSOAR",
            "name": "IBM QRadar",
            "certification": "certified"
        },
        "Threat_Crowd": {
            "mandatory": false,
            "minVersion": "2.0.4",
            "author": "Cortex XSOAR",
            "name": "Threat Crowd",
            "certification": "certified"
        },
        "EclecticIQ": {
            "mandatory": false,
            "minVersion": "1.0.1",
            "author": "Cortex XSOAR",
            "name": "EclecticIQ Platform",
            "certification": "certified"
        },
        "ExtraHop": {
            "mandatory": false,
            "minVersion": "1.0.6",
            "author": "ExtraHop",
            "name": "ExtraHop Reveal(x)",
            "certification": "certified"
        },
        "PolySwarm": {
            "mandatory": false,
            "minVersion": "2.0.2",
            "author": "PolySwarm",
            "name": "PolySwarm",
            "certification": "certified"
        },
        "URLHaus": {
            "mandatory": false,
            "minVersion": "1.0.6",
            "author": "Cortex XSOAR",
            "name": "URLhaus",
            "certification": "certified"
        },
        "Zscaler": {
            "mandatory": false,
            "minVersion": "1.1.6",
            "author": "Cortex XSOAR",
            "name": "Zscaler",
            "certification": "certified"
        },
        "Carbon_Black_Enterprise_Response": {
            "mandatory": false,
            "minVersion": "2.1.1",
            "author": "Cortex XSOAR",
            "name": "Carbon Black Enterprise Response",
            "certification": "certified"
        },
        "SNDBOX": {
            "mandatory": false,
            "minVersion": "1.0.3",
            "author": "Cortex XSOAR",
            "name": "SNDBOX",
            "certification": "certified"
        },
        "Symantec_Messaging_Gateway": {
            "mandatory": false,
            "minVersion": "1.0.1",
            "author": "Cortex XSOAR",
            "name": "Symantec Messaging Gateway",
            "certification": "certified"
        },
        "VirusTotal": {
            "mandatory": false,
            "minVersion": "2.1.4",
            "author": "Cortex XSOAR",
            "name": "VirusTotal",
            "certification": "certified"
        },
        "Polygon": {
            "mandatory": false,
            "minVersion": "1.0.4",
            "author": "Group-IB",
            "name": "Polygon",
            "certification": "certified"
        },
        "Cybereason": {
            "mandatory": false,
            "minVersion": "1.0.10",
            "author": "Cortex XSOAR",
            "name": "Cybereason",
            "certification": "certified"
        },
        "AutoFocus": {
            "mandatory": false,
            "minVersion": "1.3.5",
            "author": "Cortex XSOAR",
            "name": "AutoFocus",
            "certification": "certified"
        },
        "Carbon_Black_Enterprise_Live_Response": {
            "mandatory": false,
            "minVersion": "1.1.1",
            "author": "Cortex XSOAR",
            "name": "Carbon Black Enterprise Live Response",
            "certification": "certified"
        },
        "EWS": {
            "mandatory": false,
            "minVersion": "1.8.32",
            "author": "Cortex XSOAR",
            "name": "EWS",
            "certification": "certified"
        },
        "ReversingLabs_Titanium_Cloud": {
            "mandatory": false,
            "minVersion": "2.0.1",
            "author": "ReversingLabs",
            "name": "ReversingLabs TitaniumCloud",
            "certification": "certified"
        },
        "Flashpoint": {
            "mandatory": false,
            "minVersion": "1.1.4",
            "author": "Flashpoint",
            "name": "Flashpoint",
            "certification": "certified"
        },
        "CheckpointFirewall": {
            "mandatory": false,
            "minVersion": "2.0.11",
            "author": "Cortex XSOAR",
            "name": "Check Point Firewall",
            "certification": "certified"
        },
        "VulnDB": {
            "mandatory": false,
            "minVersion": "1.0.3",
            "author": "Cortex XSOAR",
            "name": "VulnDB",
            "certification": "certified"
        },
        "PAN-OS": {
            "mandatory": false,
            "minVersion": "1.6.22",
            "author": "Cortex XSOAR",
            "name": "PAN-OS",
            "certification": "certified"
        },
        "McAfee-TIE": {
            "mandatory": false,
            "minVersion": "1.0.0",
            "author": "Cortex XSOAR",
            "name": "McAfee Threat Intelligence Exchange",
            "certification": "certified"
        },
        "epo": {
            "mandatory": false,
            "minVersion": "1.0.2",
            "author": "Cortex XSOAR",
            "name": "McAfee ePO",
            "certification": "certified"
        },
        "EWSMailSender": {
            "mandatory": false,
            "minVersion": "1.1.1",
            "author": "Cortex XSOAR",
            "name": "EWS Mail Sender",
            "certification": "certified"
        },
        "rasterize": {
            "mandatory": false,
            "minVersion": "1.0.8",
            "author": "Cortex XSOAR",
            "name": "Rasterize",
            "certification": "certified"
        },
        "Gmail": {
            "mandatory": false,
            "minVersion": "1.1.6",
            "author": "Cortex XSOAR",
            "name": "Gmail",
            "certification": "certified"
        },
        "Active_Directory_Query": {
            "mandatory": false,
            "minVersion": "1.2.1",
            "author": "Cortex XSOAR",
            "name": "Active Directory Query",
            "certification": "certified"
        },
        "Base": {
            "mandatory": true,
            "minVersion": "1.13.10",
            "author": "Cortex XSOAR",
            "name": "Base",
            "certification": "certified"
        },
        "ThreatQ": {
            "mandatory": false,
            "minVersion": "1.0.10",
            "author": "ThreatQ",
            "name": "ThreatQ",
            "certification": "certified"
        },
        "Cylance_Protect": {
            "mandatory": false,
            "minVersion": "1.0.7",
            "author": "Cortex XSOAR",
            "name": "Cylance Protect",
            "certification": "certified"
        },
        "MISP": {
            "mandatory": false,
            "minVersion": "2.0.0",
            "author": "Cortex XSOAR",
            "name": "MISP",
            "certification": "certified"
        },
        "Anomali_ThreatStream": {
            "mandatory": false,
            "minVersion": "1.1.1",
            "author": "Cortex XSOAR",
            "name": "Anomali ThreatStream",
            "certification": "certified"
        },
        "SplunkPy": {
            "mandatory": false,
            "minVersion": "2.1.8",
            "author": "Cortex XSOAR",
            "name": "Splunk",
            "certification": "certified"
        },
        "Code42": {
            "mandatory": false,
            "minVersion": "2.0.9",
            "author": "Code42",
            "name": "Code42",
            "certification": "certified"
        },
        "ReversingLabs_A1000": {
            "mandatory": false,
            "minVersion": "2.0.2",
            "author": "ReversingLabs",
            "name": "ReversingLabs A1000",
            "certification": "certified"
        },
        "FireEyeHX": {
            "mandatory": false,
            "minVersion": "1.0.16",
            "author": "Cortex XSOAR",
            "name": "FireEye HX",
            "certification": "certified"
        },
        "PANWComprehensiveInvestigation": {
            "mandatory": false,
            "minVersion": "1.3.8",
            "author": "Cortex XSOAR",
            "name": "PANW Comprehensive Investigation",
            "certification": "certified"
        },
        "HybridAnalysis": {
            "mandatory": false,
            "minVersion": "1.0.0",
            "author": "Cortex XSOAR",
            "name": "Hybrid Analysis",
            "certification": "certified"
        },
        "WindowsForensics": {
            "mandatory": false,
            "minVersion": "1.0.1",
            "author": "Cortex XSOAR",
            "name": "Windows Forensics",
            "certification": "certified"
        },
        "Symantec_Deepsight": {
            "mandatory": false,
            "minVersion": "1.0.0",
            "author": "Cortex XSOAR",
            "name": "Symantec Deepsight Intelligence (Beta)",
            "certification": "certified"
        },
        "MailSenderNew": {
            "mandatory": false,
            "minVersion": "1.0.2",
            "author": "Cortex XSOAR",
            "name": "Mail Sender (New)",
            "certification": "certified"
        },
        "fireeye": {
            "mandatory": false,
            "minVersion": "1.0.5",
            "author": "Cortex XSOAR",
            "name": "FireEye (AX Series)",
            "certification": "certified"
        },
        "Rapid7_Nexpose": {
            "mandatory": false,
            "minVersion": "1.1.2",
            "author": "Cortex XSOAR",
            "name": "Rapid7 Nexpose",
            "certification": "certified"
        },
        "CrowdStrikeHost": {
            "mandatory": false,
            "minVersion": "1.1.4",
            "author": "Cortex XSOAR",
            "name": "FalconHost",
            "certification": "certified"
        },
        "MicrosoftGraphListener": {
            "mandatory": false,
            "minVersion": "1.0.18",
            "author": "Cortex XSOAR",
            "name": "Microsoft Graph Mail Single User",
            "certification": "certified"
        },
        "D2": {
            "mandatory": false,
            "minVersion": "1.0.1",
            "author": "Cortex XSOAR",
            "name": "D2",
            "certification": "certified"
        },
        "ThreatMiner": {
            "mandatory": false,
            "minVersion": "1.0.4",
            "author": "Cortex XSOAR",
            "name": "ThreatMiner",
            "certification": "certified"
        },
        "VirusTotal-Private_API": {
            "mandatory": false,
            "minVersion": "1.0.10",
            "author": "Cortex XSOAR",
            "name": "VirusTotal - Private API",
            "certification": "certified"
        },
        "ANYRUN": {
            "mandatory": false,
            "minVersion": "1.0.4",
            "author": "Cortex XSOAR",
            "name": "ANY.RUN",
            "certification": "certified"
        },
        "FortiGate": {
            "mandatory": false,
            "minVersion": "1.0.3",
            "author": "Cortex XSOAR",
            "name": "FortiGate",
            "certification": "certified"
        },
        "McAfee_Advanced_Threat_Defense": {
            "mandatory": false,
            "minVersion": "1.0.7",
            "author": "Cortex XSOAR",
            "name": "McAfee Advanced Threat Defense",
            "certification": "certified"
        },
        "CrowdStrikeIntel": {
            "mandatory": false,
            "minVersion": "2.0.10",
            "author": "Cortex XSOAR",
            "name": "CrowdStrike Falcon Intel",
            "certification": "certified"
        },
        "MicrosoftGraphMail": {
            "mandatory": false,
            "minVersion": "1.0.21",
            "author": "Cortex XSOAR",
            "name": "Microsoft Graph Mail",
            "certification": "certified"
        },
        "Cofense-Intelligence": {
            "mandatory": false,
            "minVersion": "1.0.2",
            "author": "Cortex XSOAR",
            "name": "Cofense Intelligence",
            "certification": "certified"
        },
        "GmailSingleUser": {
            "mandatory": false,
            "minVersion": "1.1.1",
            "author": "Cortex XSOAR",
            "name": "Gmail Single User (Beta)",
            "certification": "certified"
        },
        "ThreatGrid": {
            "mandatory": false,
            "minVersion": "1.2.6",
            "author": "Cortex XSOAR",
            "name": "Cisco Threat Grid",
            "certification": "certified"
        },
        "CrowdStrikeFalcon": {
            "mandatory": false,
            "minVersion": "1.2.18",
            "author": "Cortex XSOAR",
            "name": "CrowdStrike Falcon",
            "certification": "certified"
        },
        "ImageOCR": {
            "mandatory": false,
            "minVersion": "1.1.0",
            "author": "Cortex XSOAR",
            "name": "Image OCR",
            "certification": "certified"
        },
        "CrowdStrikeFalconSandbox": {
            "mandatory": false,
            "minVersion": "1.0.5",
            "author": "Cortex XSOAR",
            "name": "CrowdStrike Falcon Sandbox",
            "certification": "certified"
        },
        "ThreatConnect": {
            "mandatory": false,
            "minVersion": "2.0.15",
            "author": "Cortex XSOAR",
            "name": "ThreatConnect",
            "certification": "certified"
        },
        "ThreatExchange": {
            "mandatory": false,
            "minVersion": "2.0.3",
            "author": "Cortex XSOAR",
            "name": "ThreatExchange",
            "certification": "certified"
        },
        "isight": {
            "mandatory": false,
            "minVersion": "1.0.0",
            "author": "Cortex XSOAR",
            "name": "FireEye iSIGHT",
            "certification": "certified"
        },
        "Traps": {
            "mandatory": false,
            "minVersion": "1.0.5",
            "author": "Cortex XSOAR",
            "name": "Palo Alto Networks Traps",
            "certification": "certified"
        },
        "Zimperium": {
            "mandatory": false,
            "minVersion": "1.0.9",
            "author": "Cortex XSOAR",
            "name": "Zimperium",
            "certification": "certified"
        },
        "Palo_Alto_Networks_WildFire": {
            "mandatory": false,
            "minVersion": "1.3.9",
            "author": "Cortex XSOAR",
            "name": "Palo Alto Networks WildFire",
            "certification": "certified"
        },
        "CrowdStrikeFalconX": {
            "mandatory": false,
            "minVersion": "1.1.3",
            "author": "Cortex XSOAR",
            "name": "CrowdStrike FalconX",
            "certification": "certified"
        },
        "CarbonBlackProtect": {
            "mandatory": false,
            "minVersion": "1.0.7",
            "author": "Cortex XSOAR",
            "name": "Carbon Black Enterprise Protection",
            "certification": "certified"
        },
        "IllusiveNetworks": {
            "mandatory": false,
            "minVersion": "1.0.9",
            "author": "Illusive Networks",
            "name": "Illusive Networks",
            "certification": "certified"
        },
        "Cisco-umbrella": {
            "mandatory": false,
            "minVersion": "1.0.5",
            "author": "Cortex XSOAR",
            "name": "Cisco Umbrella Investigate",
            "certification": "certified"
        },
        "Maltiverse": {
            "mandatory": false,
            "minVersion": "1.0.6",
            "author": "Cortex XSOAR",
            "name": "Maltiverse",
            "certification": "certified"
        },
        "CortexXDR": {
            "mandatory": false,
            "minVersion": "3.0.21",
            "author": "Cortex XSOAR",
            "name": "Palo Alto Networks Cortex XDR - Investigation and Response",
            "certification": "certified"
        },
        "Lastline": {
            "mandatory": false,
            "minVersion": "1.0.7",
            "author": "Cortex XSOAR",
            "name": "Lastline",
            "certification": "certified"
        },
        "Kenna": {
            "mandatory": false,
            "minVersion": "1.1.2",
            "author": "Cortex XSOAR",
            "name": "Kenna",
            "certification": "certified"
        },
        "VMRay": {
            "mandatory": false,
            "minVersion": "1.1.0",
            "author": "Cortex XSOAR",
            "name": "VMRay",
            "certification": "certified"
        },
        "Recorded_Future": {
            "mandatory": false,
            "minVersion": "1.1.1",
            "author": "Cortex XSOAR",
            "name": "Recorded Future",
            "certification": "certified"
        },
        "Phishing": {
            "mandatory": false,
            "minVersion": "2.2.7",
            "author": "Cortex XSOAR",
            "name": "Phishing",
            "certification": "certified"
        },
        "CommonScripts": {
            "mandatory": true,
            "minVersion": "1.4.14",
            "author": "Cortex XSOAR",
            "name": "Common Scripts",
            "certification": "certified"
        },
        "XForceExchange": {
            "mandatory": false,
            "minVersion": "1.1.6",
            "author": "Cortex XSOAR",
            "name": "IBM X-Force Exchange",
            "certification": "certified"
        },
        "JoeSecurity": {
            "mandatory": false,
            "minVersion": "1.0.6",
            "author": "Cortex XSOAR",
            "name": "Joe Security",
            "certification": "certified"
        },
        "TruSTAR": {
            "mandatory": false,
            "minVersion": "2.1.2",
            "author": "TruSTAR",
            "name": "TruSTAR",
            "certification": "certified"
        },
        "AlienVault_OTX": {
            "mandatory": false,
            "minVersion": "1.1.6",
            "author": "Cortex XSOAR",
            "name": "AlienVault OTX",
            "certification": "certified"
        },
        "RiskSense": {
            "mandatory": false,
            "minVersion": "1.0.6",
            "author": "RiskSense",
            "name": "RiskSense",
            "certification": "certified"
        },
        "CuckooSandbox": {
            "mandatory": false,
            "minVersion": "1.0.2",
            "author": "Cortex XSOAR",
            "name": "Cuckoo Sandbox",
            "certification": "certified"
        },
        "illuminate": {
            "mandatory": false,
            "minVersion": "1.0.10",
            "author": "Analyst1",
            "name": "Analyst1",
            "certification": "certified"
        }
    }
}