{
    "1.0.1": {
        "releaseNotes": "\n### Integrations\n- __Symantec Management Center__\nAdded support for content type LOCAL_CATEGORY_DB.",
        "displayName": "1.0.1 - R264879",
        "released": "2020-11-09T18:48:44Z"
    },
    "1.0.2": {
        "releaseNotes": "#### Integrations\n##### Symantec Management Center\n- Upgraded the Docker image to: *demisto/python3:3.9.5.20070*.\n",
        "displayName": "1.0.2 - 363752",
        "released": "2021-05-24T10:38:33Z"
    },
    "1.0.3": {
        "releaseNotes": "#### Integrations\n##### Symantec Management Center\n- Upgraded the Docker image to: *demisto/python3:3.9.5.20958*.",
        "displayName": "1.0.3 - 379915",
        "released": "2021-06-07T22:54:19Z"
    },
    "1.0.4": {
        "releaseNotes": "#### Integrations\n##### Symantec Management Center\n- Upgraded the Docker image to: *demisto/python3:3.9.5.21272*.",
        "displayName": "1.0.4 - 388541",
        "released": "2021-06-22T23:30:31Z"
    },
    "1.0.5": {
        "releaseNotes": "#### Integrations\n##### Symantec Management Center\n- Updated the Docker image to: *demisto/python3:3.9.7.24076*.",
        "displayName": "1.0.5 - 7740378",
        "released": "2021-09-23T09:53:48Z"
    }
}