{
    "name": "Symantec Management Center",
    "id": "SymantecManagementCenter",
    "description": "Symantec Management Center provides a unified management environment for the Symantec Security Platform portfolio of products.",
    "created": "2020-11-09T18:48:44Z",
    "updated": "2021-09-23T09:53:48Z",
    "legacy": true,
    "support": "xsoar",
    "supportDetails": {
        "url": "https://www.paloaltonetworks.com/cortex"
    },
    "eulaLink": "https://github.com/demisto/content/blob/master/LICENSE",
    "author": "Cortex XSOAR",
    "authorImage": "content/packs/Base/Author_image.png",
    "certification": "certified",
    "price": 0,
    "serverMinVersion": "5.0.0",
    "currentVersion": "1.0.5",
    "versionInfo": "2030938",
    "commit": "0389e8382253eaef89869ea67784401b9dd6931e",
    "downloads": 812,
    "tags": [],
    "categories": [
        "Network Security"
    ],
    "contentItems": {
        "integration": [
            {
                "name": "Symantec Management Center",
                "description": "Symantec Management Center provides a unified management environment for the Symantec Security Platform portfolio of products.",
                "category": "Network Security",
                "commands": [
                    {
                        "name": "symantec-mc-list-devices",
                        "description": "Lists all devices in Symantec MC."
                    },
                    {
                        "name": "symantec-mc-get-device",
                        "description": "Gets device information from Symantec MC."
                    },
                    {
                        "name": "symantec-mc-get-device-health",
                        "description": "Gets health information for a device."
                    },
                    {
                        "name": "symantec-mc-get-device-license",
                        "description": "Gets license information for a device in Symantec MC."
                    },
                    {
                        "name": "symantec-mc-get-device-status",
                        "description": "Gets the status of a device."
                    },
                    {
                        "name": "symantec-mc-list-policies",
                        "description": "List policies in Symantec MC."
                    },
                    {
                        "name": "symantec-mc-get-policy",
                        "description": "Gets information for a policy."
                    },
                    {
                        "name": "symantec-mc-create-policy",
                        "description": "Creates a policy in Symantec MC."
                    },
                    {
                        "name": "symantec-mc-update-policy",
                        "description": "Updates the metadata for a policy in Symantec MC."
                    },
                    {
                        "name": "symantec-mc-delete-policy",
                        "description": "Deletes a policy in Symantec MC."
                    },
                    {
                        "name": "symantec-mc-list-tenants",
                        "description": "List tenants in Symantec MC."
                    },
                    {
                        "name": "symantec-mc-add-policy-content",
                        "description": "Adds content to a policy in Symantec MC. Can be IPs, URLs, or category names."
                    },
                    {
                        "name": "symantec-mc-delete-policy-content",
                        "description": "Deletes content from a policy in Symantec MC."
                    },
                    {
                        "name": "symantec-mc-update-policy-content",
                        "description": "Updates content in a policy in Symantec MC."
                    }
                ]
            }
        ]
    },
    "searchRank": 10,
    "integrations": [
        {
            "name": "Symantec Management Center",
            "imagePath": "content/packs/SymantecManagementCenter/SymantecManagementCenter_image.png"
        }
    ],
    "useCases": [],
    "keywords": [],
    "dependencies": {
        "Base": {
            "mandatory": true,
            "minVersion": "1.16.0",
            "author": "Cortex XSOAR",
            "name": "Base",
            "certification": "certified"
        }
    }
}