{
    "1.0.0": {
        "releaseNotes": "An Integration Pack to Create, Update, and Delete OTRS Tickets",
        "displayName": "1.0.0 - R61058",
        "released": "2020-07-05T13:57:22Z"
    },
    "1.0.1": {
        "releaseNotes": "\n#### Integrations\n##### OTRS\nFixed an issue where running the ***otrs-create-ticket*** and ***otrs-update-ticket*** commands with the attachment parameter failed.\n",
        "displayName": "1.0.1 - R162428",
        "released": "2020-10-27T14:18:38Z"
    },
    "1.0.2": {
        "releaseNotes": "\n#### Integrations\n##### OTRS\n- Fixed an issue where the integration created a new session each time a command was executed.\n- Upgraded the Docker image to demisto/pyotrs:1.0.0.12421.",
        "displayName": "1.0.2 - R264879",
        "released": "2020-11-09T18:50:27Z"
    },
    "1.0.3": {
        "releaseNotes": "\n#### Integrations\n##### OTRS\n- Maintenance and stability enhancements. \n",
        "displayName": "1.0.3 - 349049",
        "released": "2021-05-06T23:04:23Z"
    },
    "1.0.4": {
        "releaseNotes": "#### Integrations\n##### OTRS\n- Updated the Docker image to: *demisto/pyotrs:1.0.0.23435*.",
        "displayName": "1.0.4 - 7423160",
        "released": "2021-09-02T21:19:02Z"
    },
    "1.0.5": {
        "releaseNotes": "#### Integrations\n##### OTRS\n- Fix the ***otrs-search-ticket*** command's raw response to include a list of all returned tickets instead of only the last ticket.",
        "displayName": "1.0.5 - 1779968",
        "released": "2021-10-11T21:14:15Z"
    }
}