{
    "name": "OTRS Service Management XSOAR Pack",
    "id": "OTRS",
    "description": "An Integration Pack to Create, Update, and Delete OTRS Tickets",
    "created": "2020-04-09T07:27:43Z",
    "updated": "2020-07-05T13:57:22Z",
    "legacy": true,
    "support": "xsoar",
    "supportDetails": {
        "url": "https://www.paloaltonetworks.com/cortex"
    },
    "eulaLink": "https://github.com/demisto/content/blob/master/LICENSE",
    "author": "Cortex XSOAR",
    "authorImage": "content/packs/Base/Author_image.png",
    "certification": "certified",
    "price": 0,
    "serverMinVersion": "4.1.0",
    "currentVersion": "1.0.0",
    "versionInfo": "61058",
    "commit": "da2bbe5bc0a9f8d8f4b2ca033c2b5d725ed78adb",
    "tags": [],
    "categories": [
        "Case Management"
    ],
    "contentItems": {
        "integration": [
            {
                "name": "OTRS",
                "description": "Service management suite that comprises ticketing, workflow automation, and notification.",
                "category": "Case Management",
                "commands": [
                    {
                        "name": "otrs-get-ticket",
                        "description": "Retrieves details for an OTRS ticket by ticket ID or ticket number. The arguments are both optional, but at least one is required for this integration to run."
                    },
                    {
                        "name": "otrs-search-ticket",
                        "description": "Search for an OTRS ticket using search filters"
                    },
                    {
                        "name": "otrs-create-ticket",
                        "description": "Create a new ticket in OTRS"
                    },
                    {
                        "name": "otrs-update-ticket",
                        "description": "Update an OTRS ticket"
                    },
                    {
                        "name": "otrs-close-ticket",
                        "description": "Close an OTRS ticket"
                    }
                ]
            }
        ]
    },
    "integrations": [
        {
            "name": "OTRS",
            "imagePath": "content/packs/OTRS/OTRS_image.png"
        }
    ],
    "useCases": [],
    "keywords": [],
    "dependencies": {
        "Base": {
            "mandatory": true,
            "minVersion": "1.1.3",
            "author": "Cortex XSOAR",
            "name": "Base",
            "certification": "certified"
        }
    }
}