{
    "1.0.0": {
        "releaseNotes": "Understand Your Cyber Exposure as Easy as a Google Search",
        "displayName": "1.0.0 - 397572",
        "released": "2020-11-09T18:48:36Z"
    },
    "1.0.1": {
        "releaseNotes": "#### Integrations\n##### C2sec irisk\n- Updated the Docker image to: *demisto/python3:3.9.5.22665*.",
        "displayName": "1.0.1 - 398245",
        "released": "2021-07-15T11:42:39Z"
    },
    "1.0.2": {
        "releaseNotes": "#### Integrations\n##### C2sec irisk\n- Updated the Docker image to: *demisto/python3:3.9.6.22912*.",
        "displayName": "1.0.2 - 7342366",
        "released": "2021-08-29T21:16:08Z"
    },
    "1.0.3": {
        "releaseNotes": "#### Integrations\n##### C2sec irisk\n- Updated the Docker image to: *demisto/python3:3.9.7.24076*.",
        "displayName": "1.0.3 - 7640590",
        "released": "2021-09-16T21:15:34Z"
    },
    "1.0.4": {
        "releaseNotes": "#### Integrations\n##### C2sec irisk\n- Updated the Docker image to: *demisto/python3:3.9.8.24399*.",
        "displayName": "1.0.4 - 2009340",
        "released": "2021-11-25T21:17:36Z"
    }
}