{
    "name": "C2sec irisk",
    "id": "C2sec",
    "description": "Understand Your Cyber Exposure as Easy as a Google Search",
    "created": "2020-11-09T18:48:36Z",
    "updated": "2021-08-29T21:16:08Z",
    "legacy": true,
    "support": "xsoar",
    "supportDetails": {
        "url": "https://www.paloaltonetworks.com/cortex"
    },
    "eulaLink": "https://github.com/demisto/content/blob/master/LICENSE",
    "author": "Cortex XSOAR",
    "authorImage": "content/packs/Base/Author_image.png",
    "certification": "certified",
    "price": 0,
    "serverMinVersion": "5.0.0",
    "currentVersion": "1.0.2",
    "versionInfo": "7593170",
    "commit": "84b00244822939d0ffb38e6d148bfa750519af47",
    "downloads": 605,
    "tags": [],
    "categories": [
        "Data Enrichment & Threat Intelligence"
    ],
    "contentItems": {
        "playbook": [
            {
                "name": "C2SEC-Domain Scan",
                "description": "Launches a C2sec scan by domain name and waits for the scan to finish by polling its status in pre-defined intervals.\n"
            }
        ],
        "integration": [
            {
                "name": "C2sec irisk",
                "description": "Understand Your Cyber Exposure as Easy as a Google Search",
                "category": "Data Enrichment & Threat Intelligence",
                "commands": [
                    {
                        "name": "irisk-add-domain",
                        "description": "Adds a domain to portfolio."
                    },
                    {
                        "name": "irisk-get-scan-status",
                        "description": "Queries the status of a scan."
                    },
                    {
                        "name": "irisk-rescan-domain",
                        "description": "Initiates a re-scan for a domain within a portfolio."
                    },
                    {
                        "name": "irisk-get-domain-issues",
                        "description": "Returns the issues located under the specified domain."
                    },
                    {
                        "name": "irisk-get-scan-results",
                        "description": "Query Data for specific component for companies in the portfolio"
                    }
                ]
            }
        ]
    },
    "searchRank": 10,
    "integrations": [
        {
            "name": "C2sec irisk",
            "imagePath": "content/packs/C2sec/C2secirisk_image.png"
        }
    ],
    "useCases": [],
    "keywords": [],
    "dependencies": {
        "CommonPlaybooks": {
            "mandatory": true,
            "minVersion": "2.0.4",
            "author": "Cortex XSOAR",
            "name": "Common Playbooks",
            "certification": "certified"
        },
        "Base": {
            "mandatory": true,
            "minVersion": "1.13.31",
            "author": "Cortex XSOAR",
            "name": "Base",
            "certification": "certified"
        }
    }
}