{
    "name": "C2sec irisk",
    "id": "C2sec",
    "description": "Understand Your Cyber Exposure as Easy as a Google Search",
    "created": "2020-11-09T18:48:36Z",
    "updated": "2021-07-15T11:42:39Z",
    "legacy": true,
    "support": "xsoar",
    "supportDetails": {
        "url": "https://www.paloaltonetworks.com/cortex"
    },
    "eulaLink": "https://github.com/demisto/content/blob/master/LICENSE",
    "author": "Cortex XSOAR",
    "authorImage": "content/packs/Base/Author_image.png",
    "certification": "certified",
    "price": 0,
    "serverMinVersion": "6.0.0",
    "currentVersion": "1.0.1",
    "versionInfo": "7335091",
    "commit": "fe8f55beb5b2cad51e6abeedf0936f7565531747",
    "downloads": 552,
    "tags": [],
    "categories": [
        "Data Enrichment & Threat Intelligence"
    ],
    "contentItems": {},
    "searchRank": 10,
    "integrations": [
        {
            "name": "C2sec irisk",
            "imagePath": "content/packs/C2sec/C2secirisk_image.png"
        }
    ],
    "useCases": [],
    "keywords": [],
    "dependencies": {
        "CommonPlaybooks": {
            "mandatory": true,
            "minVersion": "2.0.2",
            "author": "Cortex XSOAR",
            "name": "Common Playbooks",
            "certification": "certified"
        },
        "Base": {
            "mandatory": true,
            "minVersion": "1.13.26",
            "author": "Cortex XSOAR",
            "name": "Base",
            "certification": "certified"
        }
    }
}