{
    "1.0.0": {
        "releaseNotes": "Basic integration with Cisco Umbrella that allows you to add domains to destination lists (e.g. global block / allow)",
        "displayName": "1.0.0 - 294389",
        "released": "2020-11-09T18:51:02Z"
    },
    "1.0.1": {
        "releaseNotes": "\n#### Integrations\n##### Cisco Umbrella Cloud Security\n- Added the ***umbrella-remove-domain*** command.\n- Updated the Docker image to: *demisto/python3:3.9.1.15759*.",
        "displayName": "1.0.1 - 294860",
        "released": "2021-03-03T22:46:46Z"
    },
    "1.0.2": {
        "releaseNotes": "#### Integrations\n##### Cisco Umbrella Cloud Security\n- ***Breaking Change*** Modfied the context outputs of the ***umbrella-get-destination-lists*** command to be {'name':<name>,'id':<id>} instead of {<name>:<id>}.\n- ***Breaking Change*** Modfied the context outputs of the ***umbrella-get-destination-domains*** command to be the desired data.\n- Added the ***umbrella-get-destination-domain*** command.\n- Added the **Trust any certificate (not secure)** and **Use system proxy settings** integration parameters.\n- Updated the Docker image to: *demisto/python3:3.9.6.22912*.",
        "displayName": "1.0.2 - 402821",
        "released": "2021-07-27T00:23:13Z"
    },
    "1.0.3": {
        "releaseNotes": "#### Integrations\n##### Cisco Umbrella Cloud Security\n- Updated the Docker image to: *demisto/python3:3.9.7.24076*.",
        "displayName": "1.0.3 - 7561139",
        "released": "2021-09-12T09:15:22Z"
    },
    "1.0.4": {
        "releaseNotes": "#### Integrations\n##### Cisco Umbrella Cloud Security\n- Updated the Docker image to: *demisto/python3:3.9.8.24399*.",
        "displayName": "1.0.4 - 2009340",
        "released": "2021-11-25T21:20:15Z"
    }
}