{
    "name": "Cisco Umbrella cloud security",
    "id": "Cisco-umbrella-cloud-security",
    "description": "Basic integration with Cisco Umbrella that allows you to add domains to destination lists (e.g. global block / allow)",
    "created": "2020-11-09T18:51:02Z",
    "updated": "2020-11-09T18:51:02Z",
    "legacy": true,
    "support": "community",
    "supportDetails": {},
    "eulaLink": "https://github.com/demisto/content/blob/master/LICENSE",
    "author": "Matt Houston",
    "authorImage": "",
    "certification": "",
    "price": 0,
    "serverMinVersion": "6.0.0",
    "currentVersion": "1.0.0",
    "versionInfo": "294389",
    "commit": "7bfd9a45553d1554ae03f7edec89089170dd8331",
    "downloads": 218,
    "tags": [],
    "categories": [],
    "contentItems": {
        "integration": [
            {
                "name": "Cisco Umbrella Cloud Security (Community Contribution)",
                "description": "Adds domains to Umbrella block list",
                "category": "Network Security",
                "commands": [
                    {
                        "name": "umbrella-get-destination-lists",
                        "description": "Get's all destination lists in organization"
                    },
                    {
                        "name": "umbrella-add-domain",
                        "description": "Adds domains to given destination list"
                    },
                    {
                        "name": "umbrella-get-destination-domains",
                        "description": "Get's the domains listed in a destination list"
                    }
                ]
            }
        ]
    },
    "searchRank": 0,
    "integrations": [
        {
            "name": "Cisco Umbrella Cloud Security",
            "imagePath": "content/packs/Cisco-umbrella-cloud-security/CiscoUmbrellaCloudSecurity_image.png"
        }
    ],
    "useCases": [],
    "keywords": [],
    "dependencies": {
        "Base": {
            "mandatory": true,
            "minVersion": "1.7.18",
            "author": "Cortex XSOAR",
            "name": "Base",
            "certification": "certified"
        }
    }
}