{
    "1.0.0": {
        "releaseNotes": "Listen to a mailbox, enable incident triggering via e-mail",
        "displayName": "1.0.0 - R180529",
        "released": "2020-11-09T18:49:14Z"
    },
    "1.0.1": {
        "releaseNotes": "\n#### Integrations\n##### Mail Listener v2\n- Fixed an issue where in some scenarios email messages were not fetched as expected.\n- Upgraded the Docker image to demisto/imap:1.0.0.14044.",
        "displayName": "1.0.1 - 233404",
        "released": "2020-12-26T23:32:13Z"
    },
    "1.0.2": {
        "releaseNotes": "\n#### Integrations\n##### Mail Listener v2\n- Reverted a change made in `1.0.1` which would remove the last fetch timestamp stored in the fetch incidents flow.\n",
        "displayName": "1.0.2 - R264879",
        "released": "2020-12-29T11:32:26Z"
    },
    "1.0.3": {
        "releaseNotes": "\n#### Integrations\n##### Mail Listener v2\n- Fixed an issue where mail messages that were received before the first fetch time, were fetched.\n- Updated the Docker image to: *demisto/imap:1.0.0.17111*.\n",
        "displayName": "1.0.3 - 303568",
        "released": "2021-03-14T22:37:09Z"
    },
    "1.0.4": {
        "releaseNotes": "\n#### Integrations\n##### Mail Listener v2\n- Fixed an issue where the integration failed to parse raw unicode escape characters.\n- Updated the Docker image to: *demisto/imap:1.0.0.19866*.\n",
        "displayName": "1.0.4 - 363133",
        "released": "2021-05-23T23:17:09Z"
    },
    "1.0.5": {
        "releaseNotes": "#### Integrations\n##### Mail Listener v2\n- Updated the Docker image to: *demisto/imap:1.0.0.24037*.",
        "displayName": "1.0.5 - 7423160",
        "released": "2021-09-02T21:21:56Z"
    },
    "1.0.6": {
        "releaseNotes": "#### Integrations\n##### Mail Listener v2\n- Fixed an issue where **fetch incidents** command failed to parse specific mail messages.",
        "displayName": "1.0.6 - 1898132",
        "released": "2021-11-04T21:17:38Z"
    }
}