{
    "name": "Mail Listener",
    "id": "MailListener",
    "description": "Listen to a mailbox, enable incident triggering via e-mail",
    "created": "2020-07-27T14:21:48Z",
    "updated": "2020-12-26T23:32:13Z",
    "legacy": true,
    "support": "xsoar",
    "supportDetails": {
        "url": "https://www.paloaltonetworks.com/cortex"
    },
    "eulaLink": "https://github.com/demisto/content/blob/master/LICENSE",
    "author": "Cortex XSOAR",
    "authorImage": "content/packs/Base/Author_image.png",
    "certification": "certified",
    "price": 0,
    "serverMinVersion": "5.0.0",
    "currentVersion": "1.0.1",
    "versionInfo": "233404",
    "commit": "f7406d77b4704be5cad57f04d50d66670c06740d",
    "downloads": 309,
    "tags": [],
    "categories": [
        "Messaging"
    ],
    "contentItems": {
        "integration": [
            {
                "name": "Mail Listener v2",
                "description": "Listens to a mailbox and enables incident triggering via e-mail.",
                "category": "Messaging",
                "commands": [
                    {
                        "name": "mail-listener-list-emails",
                        "description": "Retrieves emails according to the configuration."
                    },
                    {
                        "name": "mail-listener-get-email",
                        "description": "Retrieves an email by email ID."
                    },
                    {
                        "name": "mail-listener-get-email-as-eml",
                        "description": "Fetches an email by message ID and returns the information in an eml file format."
                    }
                ]
            }
        ]
    },
    "integrations": [
        {
            "name": "Mail Listener v2",
            "imagePath": "content/packs/MailListener/MailListenerv2_image.png"
        }
    ],
    "useCases": [],
    "keywords": [],
    "dependencies": {
        "CommonTypes": {
            "mandatory": true,
            "minVersion": "2.7.1",
            "author": "Cortex XSOAR",
            "name": "Common Types",
            "certification": "certified"
        },
        "Base": {
            "mandatory": true,
            "minVersion": "1.5.5",
            "author": "Cortex XSOAR",
            "name": "Base",
            "certification": "certified"
        }
    }
}