{
    "1.0.0": {
        "releaseNotes": "URLhaus has the goal of sharing malicious URLs that are being used for malware distribution.",
        "displayName": "1.0.0 - 60526",
        "released": "2020-06-30T20:28:24Z"
    },
    "1.0.1": {
        "releaseNotes": "\n#### Integrations\n##### URLhaus\n- Maintenance and stability enhancements.\n- Upgraded docker image.\n",
        "displayName": "1.0.1 - R264879",
        "released": "2020-11-09T18:43:19Z"
    },
    "1.0.2": {
        "releaseNotes": "\n#### Integrations\n##### URLhaus\n- Added support for the *Source Reliability* integration parameter.\n- Updated the Docker image to: *demisto/python3:3.9.2.17957*.",
        "displayName": "1.0.2 - 320645",
        "released": "2021-04-05T22:42:45Z"
    },
    "1.0.3": {
        "releaseNotes": "\n#### Integrations\n##### URLhaus\n- Fixed an issue where the ***url*** command occasionally failed.\n- Updated the Docker image to: *demisto/python3:3.9.4.18682*.",
        "displayName": "1.0.3 - 342151",
        "released": "2021-05-02T10:50:23Z"
    },
    "1.0.4": {
        "releaseNotes": "#### Integrations\n##### URLhaus\n- Upgraded the Docker image to: *demisto/python3:3.9.5.20070*.",
        "displayName": "1.0.4 - 378296",
        "released": "2021-06-06T23:16:50Z"
    },
    "1.0.5": {
        "releaseNotes": "#### Integrations\n##### URLhaus\n- Upgraded the Docker image to: *demisto/python3:3.9.5.21272*.",
        "displayName": "1.0.5 - 388541",
        "released": "2021-06-22T23:28:07Z"
    },
    "1.0.6": {
        "releaseNotes": "#### Integrations\n##### URLhaus\n- Upgraded the Docker image to: *demisto/python3:3.9.6.22912*.",
        "displayName": "1.0.6 - 400846",
        "released": "2021-07-21T12:45:01Z"
    },
    "1.0.7": {
        "releaseNotes": "#### Integrations\n##### URLhaus\n- Updated the Docker image to: *demisto/python3:3.9.7.24076*.",
        "displayName": "1.0.7 - 7719350",
        "released": "2021-09-22T09:12:39Z"
    },
    "1.0.8": {
        "releaseNotes": "#### Integrations\n##### URLhaus\n- Fixed an issue where non-latin characters in *url* parameter in **url** command raised exception.",
        "displayName": "1.0.8 - 1838635",
        "released": "2021-10-24T09:16:04Z"
    },
    "1.0.9": {
        "releaseNotes": "#### Integrations\n##### URLhaus\n- Updated the Docker image to: *demisto/python3:3.9.8.24399*.",
        "displayName": "1.0.9 - 2002259",
        "released": "2021-11-24T09:15:16Z"
    }
}