{
    "name": "URLhaus",
    "id": "URLHaus",
    "description": "URLhaus has the goal of sharing malicious URLs that are being used for malware distribution.",
    "created": "2020-06-30T20:28:24Z",
    "updated": "2021-06-06T23:16:50Z",
    "legacy": true,
    "support": "xsoar",
    "supportDetails": {
        "url": "https://www.paloaltonetworks.com/cortex"
    },
    "eulaLink": "https://github.com/demisto/content/blob/master/LICENSE",
    "author": "Cortex XSOAR",
    "authorImage": "content/packs/Base/Author_image.png",
    "certification": "certified",
    "price": 0,
    "serverMinVersion": "5.0.0",
    "currentVersion": "1.0.4",
    "versionInfo": "387494",
    "commit": "3f3a9c4cb56dee47a14c97d6e2097eae74535154",
    "downloads": 1285,
    "tags": [],
    "categories": [
        "Data Enrichment & Threat Intelligence"
    ],
    "contentItems": {
        "integration": [
            {
                "name": "URLhaus",
                "description": "URLhaus has the goal of sharing malicious URLs that are being used for malware distribution.",
                "category": "Data Enrichment & Threat Intelligence",
                "commands": [
                    {
                        "name": "url",
                        "description": "Retrieves URL information from URLhaus."
                    },
                    {
                        "name": "domain",
                        "description": "Retrieves domain information from URLhaus."
                    },
                    {
                        "name": "file",
                        "description": "Retrieves file information from URLhaus."
                    },
                    {
                        "name": "urlhaus-download-sample",
                        "description": "Downloads a malware sample from URLhaus."
                    }
                ]
            }
        ]
    },
    "searchRank": 10,
    "integrations": [
        {
            "name": "URLhaus",
            "imagePath": "content/packs/URLHaus/URLhaus_image.png"
        }
    ],
    "useCases": [],
    "keywords": [],
    "dependencies": {
        "Base": {
            "mandatory": true,
            "minVersion": "1.12.12",
            "author": "Cortex XSOAR",
            "name": "Base",
            "certification": "certified"
        }
    }
}