{
    "1.0.1": {
        "releaseNotes": "\n#### Integrations\n##### Tanium v2\n - Internal code improvements.\n",
        "displayName": "1.0.1 - R72176",
        "released": "2020-07-23T10:53:30Z"
    },
    "1.0.2": {
        "releaseNotes": "\n#### Integrations\n##### Tanium v2\n- Added completion-percantage argument to the commands **tn-get-saved-question-result** and **tn-get-question-result**\n",
        "displayName": "1.0.2 - 94097",
        "released": "2020-08-24T13:33:38Z"
    },
    "1.0.3": {
        "releaseNotes": "\n#### Integrations\n##### Tanium v2\nUpdated the ***tn-ask-question*** command to automatically parse parameters from question text.\n",
        "displayName": "1.0.3 - R180529",
        "released": "2020-11-09T18:42:10Z"
    },
    "1.0.4": {
        "releaseNotes": "\n#### Integrations\n##### Tanium v2\n- Fixed an issue where parameters were not handled properly if they contained the characters '=' or ';'.\n- Upgraded the Docker image to demisto/python3:3.8.6.13358.\n",
        "displayName": "1.0.4 - R264879",
        "released": "2020-11-26T23:37:13Z"
    },
    "1.0.5": {
        "releaseNotes": "#### Integrations\n##### Tanium v2\n- Upgraded the Docker image to: *demisto/python3:3.9.5.20070*.",
        "displayName": "1.0.5 - 378296",
        "released": "2021-06-06T23:20:13Z"
    },
    "1.0.7": {
        "releaseNotes": "\n#### Integrations\n##### Tanium v2\n- Upgraded the Docker image to: *demisto/python3:3.9.5.21272*.\n- Updated the authentication process of the integration to support both OAuth 2 and basic authentication.\n",
        "displayName": "1.0.7 - 388541",
        "released": "2021-06-22T23:27:33Z"
    },
    "1.0.8": {
        "releaseNotes": "#### Scripts\n##### TaniumFilterComputersByIndexQueryFileDetails\n- Updated the Docker image to: *demisto/python:2.7.18.20958*.",
        "displayName": "1.0.8 - 394234",
        "released": "2021-07-07T23:36:32Z"
    },
    "1.0.9": {
        "releaseNotes": "#### Scripts\n##### TaniumFilterComputersByIndexQueryFileDetails\n- Updated the Docker image to: *demisto/python:2.7.18.24066*.",
        "displayName": "1.0.9 - 7567740",
        "released": "2021-09-12T21:19:35Z"
    },
    "1.0.10": {
        "releaseNotes": "#### Integrations\n##### Tanium v2\n- Updated the Docker image to: *demisto/python3:3.9.7.24076*.",
        "displayName": "1.0.10 - 7740378",
        "released": "2021-09-23T09:54:07Z"
    },
    "1.0.11": {
        "releaseNotes": "#### Integrations\n##### Tanium\n- Updated the Docker image to: *demisto/pytan:1.0.0.24291*.",
        "displayName": "1.0.11 - 1847888",
        "released": "2021-10-26T09:24:01Z"
    }
}