{
    "name": "Tanium",
    "id": "Tanium",
    "description": "Tanium endpoint security and systems management",
    "created": "2020-07-23T10:53:30Z",
    "updated": "2021-06-06T23:20:13Z",
    "legacy": true,
    "support": "xsoar",
    "supportDetails": {
        "url": "https://www.paloaltonetworks.com/cortex"
    },
    "eulaLink": "https://github.com/demisto/content/blob/master/LICENSE",
    "author": "Cortex XSOAR",
    "authorImage": "content/packs/Base/Author_image.png",
    "certification": "certified",
    "price": 0,
    "serverMinVersion": "5.0.0",
    "currentVersion": "1.0.5",
    "versionInfo": "387494",
    "commit": "3f3a9c4cb56dee47a14c97d6e2097eae74535154",
    "downloads": 720,
    "tags": [],
    "categories": [
        "Endpoint"
    ],
    "contentItems": {
        "integration": [
            {
                "name": "Tanium",
                "description": "Tanium endpoint security and systems management",
                "category": "Endpoint",
                "commands": [
                    {
                        "name": "tn-get-package",
                        "description": "Get a package object based on name or ID."
                    },
                    {
                        "name": "tn-get-all-packages",
                        "description": "Get all Tanium package objects"
                    },
                    {
                        "name": "tn-get-object",
                        "description": "Send a generic Get Object request"
                    },
                    {
                        "name": "tn-get-all-saved-questions",
                        "description": "Gets all saved questions"
                    },
                    {
                        "name": "tn-deploy-package",
                        "description": "Deploy a package and get the results back"
                    },
                    {
                        "name": "tn-ask-question",
                        "description": "Ask the server to parse the question text and choose the first parsed result as the question to run"
                    },
                    {
                        "name": "tn-ask-system",
                        "description": "Ask a question about a specific endpoint"
                    },
                    {
                        "name": "tn-get-saved-question",
                        "description": "Get a saved question by name or id"
                    },
                    {
                        "name": "tn-create-package",
                        "description": "Create a package object"
                    },
                    {
                        "name": "tn-approve-pending-action",
                        "description": "Approve saved actions"
                    },
                    {
                        "name": "tn-get-all-objects",
                        "description": "Gets all objects of the specified type"
                    },
                    {
                        "name": "tn-get-all-saved-actions",
                        "description": "Gets all saved actions"
                    },
                    {
                        "name": "tn-get-all-pending-actions",
                        "description": "Gets all pending actions"
                    },
                    {
                        "name": "tn-get-all-sensors",
                        "description": "Gets all sensors"
                    },
                    {
                        "name": "tn-parse-query",
                        "description": "Ask the server to parse the question text and return all parsing options"
                    },
                    {
                        "name": "tn-ask-manual-question",
                        "description": "Ask a manual question using human strings and get the results back"
                    },
                    {
                        "name": "tn-get-sensor",
                        "description": "Get detailed information about a given sensor."
                    },
                    {
                        "name": "tn-get-action",
                        "description": "Get detailed information about a given action."
                    }
                ]
            },
            {
                "name": "Tanium v2",
                "description": "Tanium endpoint security and systems management",
                "category": "Endpoint",
                "commands": [
                    {
                        "name": "tn-get-package",
                        "description": "Returns a package object based on name or ID."
                    },
                    {
                        "name": "tn-ask-question",
                        "description": "Asks the server to parse the question text and choose the first parsed result as the question to run."
                    },
                    {
                        "name": "tn-get-question-result",
                        "description": "Returns the question result based on question ID."
                    },
                    {
                        "name": "tn-list-sensors",
                        "description": "Returns a list of all sensors."
                    },
                    {
                        "name": "tn-get-sensor",
                        "description": "Returns detailed information about a sensor object based on name or ID."
                    },
                    {
                        "name": "tn-create-saved-question",
                        "description": "Creates a saved question object."
                    },
                    {
                        "name": "tn-list-saved-questions",
                        "description": "Returns all saved questions."
                    },
                    {
                        "name": "tn-get-saved-question-result",
                        "description": "Returns the saved question result based on the saved question ID."
                    },
                    {
                        "name": "tn-get-system-status",
                        "description": "Returns all client details."
                    },
                    {
                        "name": "tn-create-package",
                        "description": "Creates a package object."
                    },
                    {
                        "name": "tn-list-packages",
                        "description": "Returns all package information."
                    },
                    {
                        "name": "tn-get-question-metadata",
                        "description": "Returns a question object based on question ID."
                    },
                    {
                        "name": "tn-list-saved-actions",
                        "description": "Returns all saved actions."
                    },
                    {
                        "name": "tn-get-saved-action",
                        "description": "Returns a saved action object based on name or ID."
                    },
                    {
                        "name": "tn-get-saved-question-metadata",
                        "description": "Returns a saved question object based on name or ID."
                    },
                    {
                        "name": "tn-create-saved-action",
                        "description": "Creates a saved action object."
                    },
                    {
                        "name": "tn-create-action",
                        "description": "Creates an action object based on the package name or the package ID."
                    },
                    {
                        "name": "tn-list-actions",
                        "description": "Returns all actions."
                    },
                    {
                        "name": "tn-get-action",
                        "description": "Returns an action object based on ID."
                    },
                    {
                        "name": "tn-list-saved-actions-pending-approval",
                        "description": "Retrieves all saved action approval definitions on the server."
                    },
                    {
                        "name": "tn-get-group",
                        "description": "Returns a group object based on ID or name."
                    },
                    {
                        "name": "tn-create-manual-group",
                        "description": "Creates a group object based on computers or IP addresses list."
                    },
                    {
                        "name": "tn-create-filter-based-group",
                        "description": "Creates a group object based on text filter."
                    },
                    {
                        "name": "tn-list-groups",
                        "description": "Returns all groups."
                    },
                    {
                        "name": "tn-delete-group",
                        "description": "Deletes a group object."
                    },
                    {
                        "name": "tn-create-action-by-host",
                        "description": "Creates an action object, based on a package name or package ID."
                    }
                ]
            }
        ],
        "playbook": [
            {
                "name": "Tanium - Ask Question",
                "description": "This playbook used generic polling to gets question result."
            },
            {
                "name": "Tanium - Get Saved Question Result",
                "description": "This playbook used generic polling to gets saved question result."
            },
            {
                "name": "Tanium Demo Playbook",
                "description": "This playbook shows how to use automation scripts to interact with Tanium."
            }
        ],
        "automation": [
            {
                "name": "TaniumFilterComputersByIndexQueryFileDetails",
                "description": "Get the requested sensors from all machines where the Index Query File Details match the given filter.\nE.g. !TaniumFilterQuestionByIndexQueryFileDetails sensors=\"Computer Name\" filter_type=contains filter_value=Demisto limit=5 \nwill be translated the following plain text Tanium question:\n\"Get Computer Name from all machines with any Index Query File Details[*, *, *, *, *, *, *, 5] containing \"Demisto\"\"",
                "tags": [
                    "tanium"
                ]
            }
        ]
    },
    "searchRank": 10,
    "integrations": [
        {
            "name": "Tanium",
            "imagePath": "content/packs/Tanium/Tanium_image.png"
        },
        {
            "name": "Tanium v2",
            "imagePath": "content/packs/Tanium/Taniumv2_image.png"
        }
    ],
    "useCases": [],
    "keywords": [],
    "dependencies": {
        "CommonPlaybooks": {
            "mandatory": true,
            "minVersion": "1.9.7",
            "author": "Cortex XSOAR",
            "name": "Common Playbooks",
            "certification": "certified"
        },
        "Base": {
            "mandatory": true,
            "minVersion": "1.12.13",
            "author": "Cortex XSOAR",
            "name": "Base",
            "certification": "certified"
        }
    }
}