{
    "name": "RSA NetWitness Endpoint",
    "id": "RSANetWitnessEndpoint",
    "description": "RSA NetWitness Endpoint provides deep visibility beyond basic endpoint security solutions by monitoring and collecting activity across all of your endpoints on and off your network. The RSA Demisto integration provides access to information about endpoints, modules and indicators. ",
    "created": "2020-11-09T18:42:29Z",
    "updated": "2021-09-12T21:13:59Z",
    "legacy": true,
    "support": "xsoar",
    "supportDetails": {
        "url": "https://www.paloaltonetworks.com/cortex"
    },
    "eulaLink": "https://github.com/demisto/content/blob/master/LICENSE",
    "author": "Cortex XSOAR",
    "authorImage": "content/packs/Base/Author_image.png",
    "certification": "certified",
    "price": 0,
    "serverMinVersion": "5.0.0",
    "currentVersion": "1.0.2",
    "versionInfo": "2020903",
    "commit": "57eeed9c01947d35cce9fe94fe509e9ae40e6151",
    "downloads": 658,
    "tags": [],
    "categories": [
        "Endpoint"
    ],
    "contentItems": {
        "integration": [
            {
                "name": "RSA NetWitness Endpoint",
                "description": "RSA NetWitness Endpoint provides deep visibility beyond basic endpoint security solutions by monitoring and collecting activity across all of your endpoints on and off your network. The RSA Demisto integration provides access to information about endpoints, modules and indicators. ",
                "category": "Endpoint",
                "commands": [
                    {
                        "name": "netwitness-get-machines",
                        "description": "Get machine GUID. Search by machine name and more."
                    },
                    {
                        "name": "netwitness-get-machine",
                        "description": "Get information on a specific machine."
                    },
                    {
                        "name": "netwitness-get-machine-iocs",
                        "description": "List IOC's for a specific machine."
                    },
                    {
                        "name": "netwitness-get-machine-modules",
                        "description": "Get Names and ID's of modules of the machine. Filter by name or IOC score."
                    },
                    {
                        "name": "netwitness-get-machine-module",
                        "description": "Get information on a specific machine module."
                    },
                    {
                        "name": "netwitness-blacklist-ips",
                        "description": "Add a list of IP addresses to blacklist"
                    },
                    {
                        "name": "netwitness-blacklist-domains",
                        "description": "Add a list of domains to blacklist "
                    }
                ]
            }
        ]
    },
    "searchRank": 10,
    "integrations": [
        {
            "name": "RSA NetWitness Endpoint",
            "imagePath": "content/packs/RSANetWitnessEndpoint/RSANetWitnessEndpoint_image.png"
        }
    ],
    "useCases": [],
    "keywords": [],
    "dependencies": {
        "Base": {
            "mandatory": true,
            "minVersion": "1.15.8",
            "author": "Cortex XSOAR",
            "name": "Base",
            "certification": "certified"
        }
    }
}