{
    "name": "Covalence For Security Providers",
    "id": "CovalenceForSecurityProviders",
    "description": "Triggers by any alert from endpoint, cloud, and network security monitoring, with mitigation steps where applicable. Query Covalence for more detail.",
    "created": "2021-07-13T14:47:44Z",
    "updated": "2021-07-13T14:47:44Z",
    "legacy": true,
    "support": "partner",
    "supportDetails": {
        "url": "https://fieldeffect.com/products/covalence-cyber-security/",
        "email": "support@fieldeffect.com"
    },
    "eulaLink": "https://github.com/demisto/content/blob/master/LICENSE",
    "author": "Field Effect Security",
    "authorImage": "content/packs/CovalenceForSecurityProviders/Author_image.png",
    "certification": "certified",
    "price": 0,
    "serverMinVersion": "5.0.0",
    "currentVersion": "1.0.0",
    "versionInfo": "2030938",
    "commit": "0389e8382253eaef89869ea67784401b9dd6931e",
    "downloads": 58,
    "tags": [],
    "categories": [
        "Endpoint",
        "Network Security",
        "Vulnerability Management"
    ],
    "contentItems": {
        "integration": [
            {
                "name": "Covalence For Security Providers (Partner Contribution)",
                "description": "Triggers by any alert from endpoint, cloud, and network security monitoring, with mitigation steps where applicable. Query Covalence for more detail.",
                "category": "Endpoint",
                "commands": [
                    {
                        "name": "cov-secpr-list-alerts",
                        "description": "Lists Covalence alerts"
                    },
                    {
                        "name": "cov-secpr-list-sensors",
                        "description": "Lists Covalence sensors"
                    },
                    {
                        "name": "cov-secpr-get-sensor",
                        "description": "Get sensor details when provided with the sensor id"
                    },
                    {
                        "name": "cov-secpr-connections-summary-ip",
                        "description": "List summarized connections details by IP Address"
                    },
                    {
                        "name": "cov-secpr-connections-summary-port",
                        "description": "List summarized connections details by Port"
                    },
                    {
                        "name": "cov-secpr-list-dns-resolutions",
                        "description": "List summarized connections details by Port"
                    },
                    {
                        "name": "cov-secpr-list-internal-networks",
                        "description": "List internal networks"
                    },
                    {
                        "name": "cov-secpr-set-internal-networks",
                        "description": "Set internal networks"
                    },
                    {
                        "name": "cov-secpr-list-endpoint-agents",
                        "description": "List endpoint agents"
                    },
                    {
                        "name": "cov-secpr-find-endpoint-agents-by-user",
                        "description": "List endpoint agents where the last session user is the one provided as parameter"
                    },
                    {
                        "name": "cov-secpr-find-endpoint-agents-by-uuid",
                        "description": "Find the endpoint agent with the UUID provided as parameter"
                    },
                    {
                        "name": "cov-secpr-search-endpoint-process",
                        "description": "Search processes by name or advanced filter, at least one parameter is required"
                    },
                    {
                        "name": "cov-secpr-search-endpoint-installed-software",
                        "description": "Search for endpoint installed software"
                    },
                    {
                        "name": "cov-secpr-list-organizations",
                        "description": "List monitored organizations, only available in broker mode"
                    }
                ]
            }
        ]
    },
    "searchRank": 10,
    "integrations": [
        {
            "name": "Covalence For Security Providers",
            "imagePath": "content/packs/CovalenceForSecurityProviders/CovalenceForSecurityProviders_image.png"
        }
    ],
    "useCases": [],
    "keywords": [],
    "dependencies": {
        "Base": {
            "mandatory": true,
            "minVersion": "1.16.0",
            "author": "Cortex XSOAR",
            "name": "Base",
            "certification": "certified"
        }
    }
}