{
    "name": "FireMon Security Manager",
    "id": "FireMonSecurityManager",
    "description": "Creates a Policy Planner Ticket in Policy Planner Application and Validates Pre Changes assessments for new requirement.",
    "created": "2021-11-14T21:19:00Z",
    "updated": "2021-11-14T21:19:00Z",
    "legacy": true,
    "support": "partner",
    "supportDetails": {
        "url": "https://www.firemon.com/services-support-services/",
        "email": "support@firemon.com"
    },
    "eulaLink": "https://github.com/demisto/content/blob/master/LICENSE",
    "author": "FireMon",
    "authorImage": "content/packs/FireMonSecurityManager/Author_image.png",
    "certification": "certified",
    "price": 0,
    "serverMinVersion": "5.5.0",
    "currentVersion": "1.0.0",
    "versionInfo": "2030938",
    "commit": "0389e8382253eaef89869ea67784401b9dd6931e",
    "downloads": 9,
    "tags": [
        "New"
    ],
    "categories": [
        "Network Security"
    ],
    "contentItems": {
        "incidentfield": [
            {
                "name": "Workflow Name",
                "type": "shortText",
                "description": "Enter workflow Name"
            },
            {
                "name": "PP Ticket Due Date",
                "type": "date",
                "description": ""
            },
            {
                "name": "Priority",
                "type": "singleSelect",
                "description": ""
            },
            {
                "name": "Requirements",
                "type": "grid",
                "description": "Enter list of requirement"
            },
            {
                "name": "Source",
                "type": "shortText",
                "description": "Enter multiple sources as comma separated values"
            },
            {
                "name": "Service",
                "type": "shortText",
                "description": "Enter multiple services as comma separated values"
            },
            {
                "name": "Destination",
                "type": "shortText",
                "description": "Enter multiple destinations as comma separated values"
            },
            {
                "name": "Domain Id",
                "type": "number",
                "description": ""
            },
            {
                "name": "Device Group Id",
                "type": "shortText",
                "description": "Enter Device Group Id"
            },
            {
                "name": "Action",
                "type": "singleSelect",
                "description": "Select Required Action"
            }
        ],
        "playbook": [
            {
                "name": "FireMon Create Policy Planner Ticket",
                "description": "Creates a new Policy Planner Ticket for PolicyPlanner in FMOS box."
            },
            {
                "name": "FireMon Pre Change Assessment",
                "description": "Validates and Return Pre Changes Assessment on Rules added as Requirement."
            }
        ],
        "incidenttype": [
            {
                "name": "FireMon Pre Change Assessment",
                "playbook": "FireMon Pre Change Assessment",
                "closureScript": "",
                "hours": 0,
                "days": 0,
                "weeks": 0
            },
            {
                "name": "FireMon Policy Planner",
                "playbook": "FireMon Create Policy Planner Ticket",
                "closureScript": "",
                "hours": 0,
                "days": 0,
                "weeks": 0
            }
        ],
        "integration": [
            {
                "name": "FireMon Security Manager (Partner Contribution)",
                "description": "FireMon Security Manager delivers comprehensive rule lifecycle management to help you manage and automate every stage of the change management process. Workflows can be customized and automated to conform to your security goals and standards, with tools at your disposal to evolve policy and protection over time.",
                "category": "Authentication",
                "commands": [
                    {
                        "name": "firemon-user-authentication",
                        "description": "Returns authentication token"
                    },
                    {
                        "name": "firemon-create-pp-ticket",
                        "description": "Creates a ticket in policy planner application"
                    },
                    {
                        "name": "firemon-pca",
                        "description": "PCA- Pre-Change Assessment is process of showing impact of created devices changes in early stages before implementing changes to devices. \nWe can check the PCA table in Review stage of Policy planner ticket."
                    }
                ]
            }
        ],
        "layoutscontainer": [
            {
                "name": "FireMon Incident Pre Change Assessment",
                "description": "Layout for FireMon Pre Change Assessment"
            },
            {
                "name": "FireMon Incident Policy Planner",
                "description": "Layout for FireMon Policy Planner - Create PP Ticket"
            }
        ]
    },
    "searchRank": 20,
    "integrations": [
        {
            "name": "FireMon Security Manager",
            "imagePath": "content/packs/FireMonSecurityManager/FireMonSecurityManager_image.png"
        }
    ],
    "useCases": [],
    "keywords": [],
    "dependencies": {
        "Phishing": {
            "mandatory": true,
            "minVersion": "2.5.1",
            "author": "Cortex XSOAR",
            "name": "Phishing",
            "certification": "certified"
        },
        "CommonScripts": {
            "mandatory": true,
            "minVersion": "1.6.0",
            "author": "Cortex XSOAR",
            "name": "Common Scripts",
            "certification": "certified"
        },
        "CommonTypes": {
            "mandatory": true,
            "minVersion": "3.1.27",
            "author": "Cortex XSOAR",
            "name": "Common Types",
            "certification": "certified"
        },
        "Base": {
            "mandatory": true,
            "minVersion": "1.16.0",
            "author": "Cortex XSOAR",
            "name": "Base",
            "certification": "certified"
        }
    }
}