{
    "1.0.0": {
        "releaseNotes": "Cyware Threat Intelligence eXchange",
        "displayName": "1.0.0 - 7335091",
        "released": "2021-02-17T22:41:16Z"
    },
    "1.0.1": {
        "releaseNotes": "#### Integrations\n##### Cyware Threat Intelligence eXchange\n- Updated the Docker image to: *demisto/python3:3.9.6.22912*.",
        "displayName": "1.0.1 - 7342366",
        "released": "2021-08-29T21:18:03Z"
    },
    "1.0.2": {
        "releaseNotes": "#### Integrations\n##### Cyware Threat Intelligence eXchange\n- Updated the Docker image to: *demisto/python3:3.9.7.24076*.",
        "displayName": "1.0.2 - 7640590",
        "released": "2021-09-16T21:18:42Z"
    },
    "1.0.3": {
        "releaseNotes": "#### Integrations\n##### Cyware Threat Intelligence eXchange\n- Updated the Docker image to: *demisto/python3:3.9.8.24399*.",
        "displayName": "1.0.3 - 2009340",
        "released": "2021-11-25T21:18:22Z"
    }
}