{
    "name": "CTIX",
    "id": "CTIX",
    "description": "Cyware Threat Intelligence eXchange",
    "created": "2021-02-17T22:41:16Z",
    "updated": "2021-08-29T21:18:03Z",
    "legacy": true,
    "support": "partner",
    "supportDetails": {
        "url": "https://cyware.com/",
        "email": "connector-dev@cyware.com"
    },
    "eulaLink": "https://github.com/demisto/content/blob/master/LICENSE",
    "author": "Cyware Labs",
    "authorImage": "content/packs/CTIX/Author_image.png",
    "certification": "certified",
    "price": 0,
    "serverMinVersion": "5.0.0",
    "currentVersion": "1.0.1",
    "versionInfo": "7593170",
    "commit": "84b00244822939d0ffb38e6d148bfa750519af47",
    "downloads": 299,
    "tags": [],
    "categories": [
        "Data Enrichment & Threat Intelligence"
    ],
    "contentItems": {
        "integration": [
            {
                "name": "Cyware Threat Intelligence eXchange (Partner Contribution)",
                "description": "This is Cyware Threat Intelligence eXhange(CTIX) integration which enriches IP/Domain/URL/File Data.",
                "category": "Data Enrichment & Threat Intelligence",
                "commands": [
                    {
                        "name": "ip",
                        "description": "Return IP Details."
                    },
                    {
                        "name": "domain",
                        "description": "Return Domain Details."
                    },
                    {
                        "name": "url",
                        "description": "Return URL Details."
                    },
                    {
                        "name": "file",
                        "description": "Return File Details."
                    }
                ]
            }
        ]
    },
    "searchRank": 10,
    "integrations": [
        {
            "name": "Cyware Threat Intelligence eXchange",
            "imagePath": "content/packs/CTIX/CTIX_image.png"
        }
    ],
    "useCases": [],
    "keywords": [],
    "dependencies": {
        "Base": {
            "mandatory": true,
            "minVersion": "1.13.31",
            "author": "Cortex XSOAR",
            "name": "Base",
            "certification": "certified"
        }
    }
}