{
    "name": "CTIX",
    "id": "CTIX",
    "description": "Cyware Threat Intelligence eXchange",
    "created": "2021-02-17T22:41:16Z",
    "updated": "2021-02-17T22:41:16Z",
    "legacy": true,
    "support": "partner",
    "supportDetails": {
        "url": "https://cyware.com/",
        "email": "connector-dev@cyware.com"
    },
    "eulaLink": "https://github.com/demisto/content/blob/master/LICENSE",
    "author": "Cyware Labs",
    "authorImage": "content/packs/CTIX/Author_image.png",
    "certification": "certified",
    "price": 0,
    "serverMinVersion": "6.0.0",
    "currentVersion": "1.0.0",
    "versionInfo": "7335091",
    "commit": "fe8f55beb5b2cad51e6abeedf0936f7565531747",
    "downloads": 251,
    "tags": [],
    "categories": [
        "Data Enrichment & Threat Intelligence"
    ],
    "contentItems": {},
    "searchRank": 10,
    "integrations": [
        {
            "name": "Cyware Threat Intelligence eXchange",
            "imagePath": "content/packs/CTIX/CTIX_image.png"
        }
    ],
    "useCases": [],
    "keywords": [],
    "dependencies": {
        "Base": {
            "mandatory": true,
            "minVersion": "1.13.26",
            "author": "Cortex XSOAR",
            "name": "Base",
            "certification": "certified"
        }
    }
}