{
    "name": "Ironscales",
    "id": "Ironscales",
    "description": "IRONSCALES is a self-learning email security platform, automatically responding to malicious emails.",
    "created": "2021-07-20T12:16:58Z",
    "updated": "2021-11-25T21:16:03Z",
    "legacy": true,
    "support": "partner",
    "supportDetails": {
        "email": "support@ironscales.com"
    },
    "eulaLink": "https://github.com/demisto/content/blob/master/LICENSE",
    "author": "Ironscales",
    "authorImage": "content/packs/Ironscales/Author_image.png",
    "certification": "certified",
    "price": 0,
    "serverMinVersion": "6.0.0",
    "currentVersion": "1.1.0",
    "versionInfo": "2030938",
    "commit": "0389e8382253eaef89869ea67784401b9dd6931e",
    "downloads": 86,
    "tags": [],
    "categories": [
        "Data Enrichment & Threat Intelligence"
    ],
    "contentItems": {
        "automation": [
            {
                "name": "IronscalesEmailFieldTrigger",
                "description": "Automatically changes email field when choosing classification",
                "tags": [
                    "field-change-triggered"
                ]
            }
        ],
        "incidentfield": [
            {
                "name": "Ironscales_incident_id",
                "type": "shortText",
                "description": ""
            },
            {
                "name": "Ironscales-Resolver-email-address",
                "type": "shortText",
                "description": ""
            },
            {
                "name": "Ironscales-themis_proba",
                "type": "number",
                "description": ""
            },
            {
                "name": "Ironscales-sender_is_internal",
                "type": "boolean",
                "description": ""
            },
            {
                "name": "Ironscales-sender_reputation",
                "type": "shortText",
                "description": ""
            },
            {
                "name": "Ironscales-Classification",
                "type": "shortText",
                "description": ""
            },
            {
                "name": "Ironscales-affected_mailbox_count",
                "type": "shortText",
                "description": ""
            },
            {
                "name": "Ironscales-federation",
                "type": "longText",
                "description": ""
            },
            {
                "name": "Ironscales-attachments",
                "type": "longText",
                "description": ""
            },
            {
                "name": "Ironscales-company_id",
                "type": "shortText",
                "description": ""
            },
            {
                "name": "Ironscales-company_name",
                "type": "shortText",
                "description": ""
            },
            {
                "name": "Ironscales-first_reported_date",
                "type": "shortText",
                "description": ""
            },
            {
                "name": "Ironscales-Details",
                "type": "grid",
                "description": ""
            },
            {
                "name": "Ironscales-first_reported_by",
                "type": "shortText",
                "description": ""
            },
            {
                "name": "Ironscales-mail_server",
                "type": "longText",
                "description": ""
            },
            {
                "name": "Ironscales-spf_Result",
                "type": "shortText",
                "description": ""
            },
            {
                "name": "Ironscales-Links",
                "type": "longText",
                "description": ""
            },
            {
                "name": "Ironscales-reply_to",
                "type": "longText",
                "description": ""
            },
            {
                "name": "Ironscales-reports",
                "type": "longText",
                "description": ""
            },
            {
                "name": "Ironscales-sender_email",
                "type": "shortText",
                "description": ""
            },
            {
                "name": "Ironscales-ID",
                "type": "shortText",
                "description": ""
            },
            {
                "name": "Ironscales-Choose-Classification",
                "type": "singleSelect",
                "description": ""
            },
            {
                "name": "Ironscales-themis_verdict",
                "type": "shortText",
                "description": ""
            },
            {
                "name": "Ironscales-banner_displayed",
                "type": "longText",
                "description": ""
            }
        ],
        "playbook": [
            {
                "name": "Ironscales-Classify-Incident",
                "description": "Classify an Ironscales incident"
            }
        ],
        "classifier": [
            {
                "name": "Ironscales - Incoming Mapper",
                "description": "Maps incoming Ironscales incident fields."
            }
        ],
        "incidenttype": [
            {
                "name": "Ironscales",
                "playbook": "Ironscales-Classify-Incident",
                "closureScript": "",
                "hours": 0,
                "days": 0,
                "weeks": 0
            }
        ],
        "integration": [
            {
                "name": "Ironscales (Partner Contribution)",
                "description": "IRONSCALES, a self-learning email security platform integration",
                "category": "Data Enrichment & Threat Intelligence",
                "commands": [
                    {
                        "name": "ironscales-get-incident",
                        "description": "Get incident data by ID."
                    },
                    {
                        "name": "ironscales-classify-incident",
                        "description": "Classify incident by ID."
                    },
                    {
                        "name": "ironscales-get-open-incidents",
                        "description": "Get open incident ids."
                    }
                ]
            }
        ],
        "layoutscontainer": [
            {
                "name": "Ironscales",
                "description": ""
            }
        ]
    },
    "searchRank": 10,
    "integrations": [
        {
            "name": "Ironscales",
            "imagePath": "content/packs/Ironscales/Ironscales_image.png"
        }
    ],
    "useCases": [],
    "keywords": [],
    "dependencies": {
        "Base": {
            "mandatory": true,
            "minVersion": "1.16.0",
            "author": "Cortex XSOAR",
            "name": "Base",
            "certification": "certified"
        },
        "CommonTypes": {
            "mandatory": true,
            "minVersion": "3.1.27",
            "author": "Cortex XSOAR",
            "name": "Common Types",
            "certification": "certified"
        }
    }
}