{
    "name": "Ironscales",
    "id": "Ironscales",
    "description": "IRONSCALES is a self-learning email security platform, automatically responding to malicious emails.",
    "created": "2021-07-20T12:16:58Z",
    "updated": "2021-09-12T09:12:06Z",
    "legacy": true,
    "support": "partner",
    "supportDetails": {
        "email": "support@ironscales.com"
    },
    "eulaLink": "https://github.com/demisto/content/blob/master/LICENSE",
    "author": "Ironscales",
    "authorImage": "content/packs/Ironscales/Author_image.png",
    "certification": "certified",
    "price": 0,
    "serverMinVersion": "6.0.0",
    "currentVersion": "1.0.1",
    "versionInfo": "7567740",
    "commit": "29cf1dfa56934e481e8dad1f46a2b198d37535a8",
    "downloads": 27,
    "tags": [],
    "categories": [],
    "contentItems": {
        "incidenttype": [
            {
                "name": "Ironscales",
                "playbook": "Ironscales-Classify-Incident",
                "closureScript": "",
                "hours": 0,
                "days": 0,
                "weeks": 0
            }
        ],
        "playbook": [
            {
                "name": "Ironscales-Classify-Incident",
                "description": "Classify an Ironscales incident"
            }
        ],
        "classifier": [
            {
                "name": "Ironscales - Incoming Mapper",
                "description": "Maps incoming Ironscales incident fields."
            }
        ],
        "integration": [
            {
                "name": "Ironscales (Partner Contribution)",
                "description": "IRONSCLAES, a self-learning email security platform integration",
                "category": "Data Enrichment & Threat Intelligence",
                "commands": [
                    {
                        "name": "ironscales-get-incident",
                        "description": "Get incident data by ID."
                    },
                    {
                        "name": "ironscales-classify-incident",
                        "description": "Classify incident by ID."
                    },
                    {
                        "name": "ironscales-get-open-incidents",
                        "description": "Get open incident ids."
                    }
                ]
            }
        ],
        "layoutscontainer": [
            {
                "name": "Ironscales",
                "description": ""
            }
        ],
        "incidentfield": [
            {
                "name": "Ironscales-Links",
                "type": "longText",
                "description": ""
            },
            {
                "name": "Ironscales-first_reported_by",
                "type": "shortText",
                "description": ""
            },
            {
                "name": "Ironscales-Resolver-email-address",
                "type": "shortText",
                "description": ""
            },
            {
                "name": "Ironscales-sender_reputation",
                "type": "shortText",
                "description": ""
            },
            {
                "name": "Ironscales-Classification",
                "type": "shortText",
                "description": ""
            },
            {
                "name": "Ironscales-sender_is_internal",
                "type": "boolean",
                "description": ""
            },
            {
                "name": "Ironscales-affected_mailbox_count",
                "type": "shortText",
                "description": ""
            },
            {
                "name": "Ironscales-reply_to",
                "type": "longText",
                "description": ""
            },
            {
                "name": "Ironscales-ID",
                "type": "shortText",
                "description": ""
            },
            {
                "name": "Ironscales-Details",
                "type": "grid",
                "description": ""
            },
            {
                "name": "Ironscales-reports",
                "type": "longText",
                "description": ""
            },
            {
                "name": "Ironscales-mail_server",
                "type": "longText",
                "description": ""
            },
            {
                "name": "Ironscales-themis_proba",
                "type": "number",
                "description": ""
            },
            {
                "name": "Ironscales-company_name",
                "type": "shortText",
                "description": ""
            },
            {
                "name": "Ironscales-spf_Result",
                "type": "shortText",
                "description": ""
            },
            {
                "name": "Ironscales-themis_verdict",
                "type": "shortText",
                "description": ""
            },
            {
                "name": "Ironscales_incident_id",
                "type": "shortText",
                "description": ""
            },
            {
                "name": "Ironscales-sender_email",
                "type": "shortText",
                "description": ""
            },
            {
                "name": "Ironscales-company_id",
                "type": "shortText",
                "description": ""
            },
            {
                "name": "Ironscales-first_reported_date",
                "type": "shortText",
                "description": ""
            },
            {
                "name": "Ironscales-attachments",
                "type": "longText",
                "description": ""
            },
            {
                "name": "Ironscales-banner_displayed",
                "type": "longText",
                "description": ""
            },
            {
                "name": "Ironscales-federation",
                "type": "longText",
                "description": ""
            },
            {
                "name": "Ironscales-Choose-Classification",
                "type": "singleSelect",
                "description": ""
            }
        ]
    },
    "searchRank": 10,
    "integrations": [
        {
            "name": "Ironscales",
            "imagePath": "content/packs/Ironscales/Ironscales_image.png"
        }
    ],
    "useCases": [],
    "keywords": [],
    "dependencies": {
        "CommonTypes": {
            "mandatory": true,
            "minVersion": "3.1.16",
            "author": "Cortex XSOAR",
            "name": "Common Types",
            "certification": "certified"
        },
        "Base": {
            "mandatory": true,
            "minVersion": "1.13.30",
            "author": "Cortex XSOAR",
            "name": "Base",
            "certification": "certified"
        }
    }
}