{
    "1.0.0": {
        "releaseNotes": "Get Agent, Switches and Events from your Sepio Prime",
        "displayName": "1.0.0 - R110616",
        "released": "2020-09-09T12:17:43Z"
    },
    "1.0.1": {
        "releaseNotes": "\n#### Integrations\n##### Sepio\n- Documentation and metadata improvements.\n",
        "displayName": "1.0.1 - R264879",
        "released": "2020-11-25T01:50:35Z"
    },
    "1.0.2": {
        "releaseNotes": "#### Integrations\n##### Sepio\n- Upgraded the Docker image to: *demisto/python3:3.9.5.20070*.",
        "displayName": "1.0.2 - 378296",
        "released": "2021-06-06T23:25:21Z"
    },
    "1.0.3": {
        "releaseNotes": "#### Integrations\n##### Sepio\n- Upgraded the Docker image to: *demisto/python3:3.9.5.21272*.",
        "displayName": "1.0.3 - R400461",
        "released": "2021-07-20T12:17:32Z"
    },
    "1.0.4": {
        "releaseNotes": "#### Integrations\n##### Sepio\n- Updated the Docker image to: *demisto/python3:3.9.7.24076*.",
        "displayName": "1.0.4 - R1782770",
        "released": "2021-10-12T09:19:11Z"
    }
}