{
    "name": "Sepio",
    "id": "Sepio",
    "description": "Get Agent, Switches and Events from your Sepio Prime",
    "created": "2020-09-09T12:17:43Z",
    "updated": "2021-10-12T09:19:11Z",
    "legacy": true,
    "support": "partner",
    "supportDetails": {
        "url": "https://sepio.systems/contact-us/",
        "email": "support@sepio.systems"
    },
    "eulaLink": "https://github.com/demisto/content/blob/master/LICENSE",
    "author": "Sepio",
    "authorImage": "content/packs/Sepio/Author_image.png",
    "certification": "certified",
    "price": 0,
    "serverMinVersion": "5.0.0",
    "currentVersion": "1.0.4",
    "versionInfo": "2030938",
    "commit": "0389e8382253eaef89869ea67784401b9dd6931e",
    "downloads": 678,
    "tags": [],
    "categories": [
        "Network Security"
    ],
    "contentItems": {
        "incidenttype": [
            {
                "name": "Sepio Systems",
                "playbook": "",
                "closureScript": "",
                "hours": 0,
                "days": 0,
                "weeks": 0
            }
        ],
        "integration": [
            {
                "name": "Sepio (Partner Contribution)",
                "description": "Get Agent, Switches and Events from your Sepio Prime",
                "category": "Network Security",
                "commands": [
                    {
                        "name": "sepio-query-agents",
                        "description": "Get Agents"
                    },
                    {
                        "name": "sepio-query-peripherals",
                        "description": "Get Peripherals"
                    },
                    {
                        "name": "sepio-query-switches",
                        "description": "Get Switches"
                    },
                    {
                        "name": "sepio-query-switch-ports",
                        "description": "Get Switch Ports"
                    },
                    {
                        "name": "sepio-query-system-events",
                        "description": "Get Events"
                    },
                    {
                        "name": "sepio-set-agent-mode",
                        "description": "Set Agent Mode"
                    },
                    {
                        "name": "sepio-set-peripherals-mode",
                        "description": "Set Agent Peripherals Mode"
                    }
                ]
            }
        ]
    },
    "searchRank": 10,
    "integrations": [
        {
            "name": "Sepio",
            "imagePath": "content/packs/Sepio/Sepio_image.png"
        }
    ],
    "useCases": [],
    "keywords": [],
    "dependencies": {
        "Base": {
            "mandatory": true,
            "minVersion": "1.16.0",
            "author": "Cortex XSOAR",
            "name": "Base",
            "certification": "certified"
        }
    }
}