{
    "1.0.0": {
        "releaseNotes": "This integration is intended to aid companies in integrating with the Stealth EcoAPI service. Using the included commands, security teams can trigger dynamically isolation of users or endpoints from the rest of the Stealth network.",
        "displayName": "1.0.0 - 7719350",
        "released": "2021-07-20T12:17:43Z"
    },
    "1.0.1": {
        "releaseNotes": "#### Integrations\n##### Unisys Stealth\n- Updated the Docker image to: *demisto/python3:3.9.7.24076*.",
        "displayName": "1.0.1 - R2009340",
        "released": "2021-11-25T21:18:02Z"
    }
}