{
    "name": "Unisys Stealth",
    "id": "UnisysStealth",
    "description": "This integration is intended to aid companies in integrating with the Stealth EcoAPI service. Using the included commands, security teams can trigger dynamically isolation of users or endpoints from the rest of the Stealth network.",
    "created": "2021-07-20T12:17:43Z",
    "updated": "2021-07-20T12:17:43Z",
    "legacy": true,
    "support": "community",
    "supportDetails": {},
    "eulaLink": "https://github.com/demisto/content/blob/master/LICENSE",
    "author": "Unisys",
    "authorImage": "",
    "certification": "",
    "price": 0,
    "serverMinVersion": "6.0.0",
    "currentVersion": "1.0.0",
    "versionInfo": "7719350",
    "commit": "985837902ba58c0d6650110ba9e6c1ea6ffdf602",
    "downloads": 27,
    "tags": [],
    "categories": [],
    "contentItems": {
        "integration": [
            {
                "name": "Unisys Stealth (Community Contribution)",
                "description": "This integration is intended to aid companies in integrating with the Stealth EcoAPI service.  Using the included commands, security teams can trigger dynamically isolation of users or endpoints from the rest of the Stealth network.  ",
                "category": "Endpoint",
                "commands": [
                    {
                        "name": "stealth-isolate-machine",
                        "description": "This is the command which will isolate an endpoint from the Stealth Network"
                    },
                    {
                        "name": "stealth-unisolate-machine",
                        "description": "This is the command which will un-isolate an endpoint from Stealth Network"
                    },
                    {
                        "name": "stealth-get-stealth-roles",
                        "description": "Retrieve roles from Stealth Network"
                    },
                    {
                        "name": "stealth-isolate-user",
                        "description": "This is the command which will isolate an user from the Stealth Network"
                    },
                    {
                        "name": "stealth-unisolate-user",
                        "description": "This is the command which will un-isolate an user from Stealth Network"
                    },
                    {
                        "name": "stealth-isolate-machine-and-user",
                        "description": "This is the command which will isolate an endpoint and user from the Stealth Network"
                    },
                    {
                        "name": "stealth-unisolate-machine-and-user",
                        "description": "This is the command which will un-isolate an endpoint and user from Stealth Network"
                    }
                ]
            }
        ]
    },
    "searchRank": 0,
    "integrations": [
        {
            "name": "Unisys Stealth",
            "imagePath": "content/packs/UnisysStealth/UnisysStealth_image.png"
        }
    ],
    "useCases": [],
    "keywords": [],
    "dependencies": {
        "Base": {
            "mandatory": true,
            "minVersion": "1.13.32",
            "author": "Cortex XSOAR",
            "name": "Base",
            "certification": "certified"
        }
    }
}