{
    "1.0.0": {
        "releaseNotes": "Amazon Web Services Guard Duty Service (gd)",
        "displayName": "1.0.0 - 309125",
        "released": "2020-11-09T18:50:40Z"
    },
    "1.0.1": {
        "releaseNotes": "\n#### Integrations\n##### AWS - GuardDuty\n- Maintenance and stability enhancements.\n- Updated the Docker image to: *demisto/boto3:2.0.0.17652*.",
        "displayName": "1.0.1 - 309806",
        "released": "2021-03-21T22:39:43Z"
    },
    "1.1.0": {
        "releaseNotes": "\n#### Integrations\n##### AWS - GuardDuty\nAdded 2 commands:\n    - ***aws-gd-list-members***\n    - ***aws-gd-get-members***\n- Updated the Docker image to: *demisto/boto3:2.0.0.18967*.\n",
        "displayName": "1.1.0 - 328754",
        "released": "2021-04-18T10:51:50Z"
    },
    "1.1.1": {
        "releaseNotes": "\n#### Integrations\n##### AWS - GuardDuty\n- Fixed an issue where the ***aws-gd-get-findings*** command failed to execute.\n",
        "displayName": "1.1.1 - 330975",
        "released": "2021-04-20T10:47:24Z"
    },
    "1.1.2": {
        "releaseNotes": "\n#### Integrations\n##### AWS - GuardDuty\n- Added support for GovCloud regions.\n- Updated the Docker image to: *demisto/boto3:2.0.0.19034*.\n",
        "displayName": "1.1.2 - 332763",
        "released": "2021-04-21T22:51:41Z"
    },
    "1.1.3": {
        "releaseNotes": "#### Integrations\n##### AWS - GuardDuty\n- Fixed an issue where the ***aws-gd-get-members*** command returned a null value to the context outputs when there were no members in the response.\n- Updated the Docker image to: *demisto/boto3:2.0.0.21477*.",
        "displayName": "1.1.3 - 385669",
        "released": "2021-06-16T11:08:15Z"
    },
    "1.1.4": {
        "releaseNotes": "#### Integrations\n##### AWS - GuardDuty\n- Fixed an issue where the integration failed to parse findings which include date objects.",
        "displayName": "1.1.4 - 7507885",
        "released": "2021-09-08T21:15:42Z"
    },
    "1.2.0": {
        "releaseNotes": "#### Integrations\n##### AWS - GuardDuty\n- Added the *Access Key* and *Secret Key* parameters to enable authentication using without a *roleArn*.\n- Added the *Timeout* parameter, to enable configuration of the amount of time until a timeout error occurs.\n- Added the *Retries* parameter, to enable configuration of the maximum retry attempts until a connection or throttling error occurs.\n- Updated the Docker image to: *demisto/boto3:2.0.0.24033*.",
        "displayName": "1.2.0 - 1812291",
        "released": "2021-10-18T21:14:48Z"
    }
}