{
    "name": "AWS - GuardDuty",
    "id": "AWS-GuardDuty",
    "description": "Amazon Web Services Guard Duty Service (gd)",
    "created": "2020-11-09T18:50:40Z",
    "updated": "2021-04-20T10:47:24Z",
    "legacy": true,
    "support": "xsoar",
    "supportDetails": {
        "url": "https://www.paloaltonetworks.com/cortex"
    },
    "eulaLink": "https://github.com/demisto/content/blob/master/LICENSE",
    "author": "Cortex XSOAR",
    "authorImage": "content/packs/Base/Author_image.png",
    "certification": "certified",
    "price": 0,
    "serverMinVersion": "5.0.0",
    "currentVersion": "1.1.1",
    "versionInfo": "331662",
    "commit": "51b95654cf70cf72aa9fc3412bc0d887fb297568",
    "downloads": 536,
    "tags": [],
    "categories": [
        "IT Services"
    ],
    "contentItems": {
        "integration": [
            {
                "name": "AWS - GuardDuty",
                "description": "Amazon Web Services Guard Duty Service (gd)",
                "category": "IT Services",
                "commands": [
                    {
                        "name": "aws-gd-create-detector",
                        "description": "Create an AWS Guard Duty Detector on the integration instance specified aws account."
                    },
                    {
                        "name": "aws-gd-delete-detector",
                        "description": "Deletes a Amazon GuardDuty detector specified by the detector ID."
                    },
                    {
                        "name": "aws-gd-get-detector",
                        "description": "Retrieves an Amazon GuardDuty detector specified by the detectorId."
                    },
                    {
                        "name": "aws-gd-update-detector",
                        "description": "Updates an Amazon GuardDuty detector specified by the detectorId."
                    },
                    {
                        "name": "aws-gd-create-ip-set",
                        "description": "A list of trusted IP addresses that have been whitelisted for secure communication with AWS infrastructure and applications."
                    },
                    {
                        "name": "aws-gd-delete-ip-set",
                        "description": "Deletes the IPSet specified by the IPSet ID."
                    },
                    {
                        "name": "aws-gd-list-detectors",
                        "description": "Lists detectorIds of all the existing Amazon GuardDuty detector resources."
                    },
                    {
                        "name": "aws-gd-update-ip-set",
                        "description": "Updates the IPSet specified by the IPSet ID."
                    },
                    {
                        "name": "aws-gd-get-ip-set",
                        "description": "Retrieves the IPSet specified by the IPSet ID."
                    },
                    {
                        "name": "aws-gd-list-ip-sets",
                        "description": "Lists the IPSets of the GuardDuty service specified by the detector ID."
                    },
                    {
                        "name": "aws-gd-create-threatintel-set",
                        "description": "Create a new ThreatIntelSet. ThreatIntelSets consist of known malicious IP addresses. GuardDuty generates findings based on ThreatIntelSets."
                    },
                    {
                        "name": "aws-gd-delete-threatintel-set",
                        "description": "Deletes ThreatIntelSet specified by the ThreatIntelSet ID."
                    },
                    {
                        "name": "aws-gd-get-threatintel-set",
                        "description": "Retrieves the ThreatIntelSet that is specified by the ThreatIntelSet ID."
                    },
                    {
                        "name": "aws-gd-list-threatintel-sets",
                        "description": "Lists the ThreatIntelSets of the GuardDuty service specified by the detector ID."
                    },
                    {
                        "name": "aws-gd-update-threatintel-set",
                        "description": "Updates the ThreatIntelSet specified by ThreatIntelSet ID."
                    },
                    {
                        "name": "aws-gd-list-findings",
                        "description": "Lists Amazon GuardDuty findings for the specified detector ID."
                    },
                    {
                        "name": "aws-gd-get-findings",
                        "description": "Describes Amazon GuardDuty findings specified by finding IDs."
                    },
                    {
                        "name": "aws-gd-create-sample-findings",
                        "description": "Generates example findings of types specified by the list of finding types. If 'NULL' is specified for findingTypes, the API generates example findings of all supported finding types."
                    },
                    {
                        "name": "aws-gd-archive-findings",
                        "description": "Archives Amazon GuardDuty findings specified by the list of finding IDs."
                    },
                    {
                        "name": "aws-gd-unarchive-findings",
                        "description": "Unarchives Amazon GuardDuty findings specified by the list of finding IDs."
                    },
                    {
                        "name": "aws-gd-update-findings-feedback",
                        "description": "Marks specified Amazon GuardDuty findings as useful or not useful."
                    },
                    {
                        "name": "aws-gd-list-members",
                        "description": "Describes Amazon GuardDuty members for the specified detector ID."
                    },
                    {
                        "name": "aws-gd-get-members",
                        "description": "Describes Amazon GuardDuty members for the specified detector ID & account ID."
                    }
                ]
            }
        ]
    },
    "searchRank": 10,
    "integrations": [
        {
            "name": "AWS - GuardDuty",
            "imagePath": "content/packs/AWS-GuardDuty/AWS-GuardDuty_image.png"
        }
    ],
    "useCases": [],
    "keywords": [],
    "dependencies": {
        "Base": {
            "mandatory": true,
            "minVersion": "1.8.12",
            "author": "Cortex XSOAR",
            "name": "Base",
            "certification": "certified"
        }
    }
}