{
    "1.0.0": {
        "releaseNotes": "Preempt Behavioral Firewall - Detection and enforcement based on user identity",
        "displayName": "1.0.0 - 272884",
        "released": "2020-11-09T18:43:22Z"
    },
    "1.0.1": {
        "releaseNotes": "\n#### Integrations\n##### Preempt\n- Updated the Docker image to *demisto/python:2.7.18.15765*.\n- Fixed an issue where the *API Key* integration parameter type was incorrect.\n",
        "displayName": "1.0.1 - 273092",
        "released": "2021-02-06T23:01:16Z"
    },
    "1.0.2": {
        "releaseNotes": "#### Integrations\n##### Preempt\n- Maintenance and stability enhancements.",
        "displayName": "1.0.2 - 373941",
        "released": "2021-06-02T10:51:56Z"
    },
    "1.0.3": {
        "releaseNotes": "#### Integrations\n##### Preempt\n- Updated the Docker image to: *demisto/python:2.7.18.24066*.",
        "displayName": "1.0.3 - 7567740",
        "released": "2021-09-12T21:15:47Z"
    },
    "1.0.4": {
        "releaseNotes": "#### Integrations\n##### Preempt\n- Updated the Docker image to: *demisto/python:2.7.18.24398*.",
        "displayName": "1.0.4 - 2022871",
        "released": "2021-11-29T09:18:39Z"
    }
}