{
    "name": "Preempt",
    "id": "Preempt",
    "description": "Preempt Behavioral Firewall - Detection and enforcement based on user identity",
    "created": "2020-11-09T18:43:22Z",
    "updated": "2021-11-29T09:18:39Z",
    "legacy": true,
    "support": "xsoar",
    "supportDetails": {
        "url": "https://www.paloaltonetworks.com/cortex"
    },
    "eulaLink": "https://github.com/demisto/content/blob/master/LICENSE",
    "author": "Cortex XSOAR",
    "authorImage": "content/packs/Base/Author_image.png",
    "certification": "certified",
    "price": 0,
    "serverMinVersion": "5.0.0",
    "currentVersion": "1.0.4",
    "versionInfo": "2030938",
    "commit": "0389e8382253eaef89869ea67784401b9dd6931e",
    "downloads": 702,
    "tags": [],
    "categories": [
        "Network Security"
    ],
    "contentItems": {
        "integration": [
            {
                "name": "Preempt",
                "description": "Preempt Behavioral Firewall - Detection and enforcement based on user identity",
                "category": "Network Security",
                "commands": [
                    {
                        "name": "preempt-add-to-watch-list",
                        "description": "Adds requested user to Preempt's watch list"
                    },
                    {
                        "name": "preempt-remove-from-watch-list",
                        "description": "Removes requested user from Preempt's watch list"
                    },
                    {
                        "name": "preempt-get-activities",
                        "description": "Get activities from a time frame"
                    },
                    {
                        "name": "preempt-get-user-endpoints",
                        "description": "Gets the endpoints regularly used by the user account"
                    },
                    {
                        "name": "preempt-get-alerts",
                        "description": "Get the alerts generated according to given arguments"
                    }
                ]
            }
        ]
    },
    "searchRank": 10,
    "integrations": [
        {
            "name": "Preempt",
            "imagePath": "content/packs/Preempt/Preempt_image.png"
        }
    ],
    "useCases": [],
    "keywords": [],
    "dependencies": {
        "Base": {
            "mandatory": true,
            "minVersion": "1.16.0",
            "author": "Cortex XSOAR",
            "name": "Base",
            "certification": "certified"
        }
    }
}