{
    "1.0.0": {
        "releaseNotes": "The Public DNS Feed fetches known IPs associated with public DNS servers from https://public-dns.info/",
        "displayName": "1.0.0 - 223270",
        "released": "2020-12-16T23:35:18Z"
    },
    "1.0.1": {
        "releaseNotes": "\n#### Integrations\n##### Public DNS Feed\n- Upgraded the Docker image to demisto/netutils:1.0.0.14492.\n",
        "displayName": "1.0.1 - 235964",
        "released": "2020-12-28T23:43:13Z"
    },
    "1.0.2": {
        "releaseNotes": "\n#### Integrations\n##### Public DNS Feed\n- Fixed an issue where only IPv6 indicators were fetched.",
        "displayName": "1.0.2 - R366242",
        "released": "2021-05-25T22:48:21Z"
    },
    "1.0.3": {
        "releaseNotes": "#### Integrations\n##### Public DNS Feed\n- Updated the Docker image to: *demisto/netutils:1.0.0.23344*.",
        "displayName": "1.0.3 - 7423160",
        "released": "2021-09-02T21:20:19Z"
    },
    "1.0.4": {
        "releaseNotes": "#### Integrations\n##### Public DNS Feed\n- Updated the Docker image to: *demisto/netutils:1.0.0.24101*.",
        "displayName": "1.0.4 - 7740378",
        "released": "2021-09-23T09:51:26Z"
    }
}