{
    "name": "Public DNS Feed",
    "id": "FeedPublicDNS",
    "description": "The Public DNS Feed fetches known IPs associated with public DNS servers from https://public-dns.info/",
    "created": "2020-12-10T16:20:00Z",
    "updated": "2020-12-16T23:35:18Z",
    "legacy": true,
    "support": "xsoar",
    "supportDetails": {
        "url": "https://www.paloaltonetworks.com/cortex"
    },
    "eulaLink": "https://github.com/demisto/content/blob/master/LICENSE",
    "author": "Cortex XSOAR",
    "authorImage": "content/packs/Base/Author_image.png",
    "certification": "certified",
    "price": 0,
    "serverMinVersion": "5.5.0",
    "currentVersion": "1.0.0",
    "versionInfo": "223270",
    "commit": "36f9e4daccebe0037bfd0d884e540b673445f03b",
    "downloads": 0,
    "tags": [
        "TIM"
    ],
    "categories": [
        "Data Enrichment & Threat Intelligence"
    ],
    "contentItems": {
        "integration": [
            {
                "name": "Public DNS Feed",
                "description": "Fetches IP addresses from the Public DNS feed.",
                "category": "Data Enrichment & Threat Intelligence",
                "commands": [
                    {
                        "name": "public-dns-get-indicators",
                        "description": "Gets indicators from the feed."
                    }
                ]
            }
        ]
    },
    "integrations": [
        {
            "name": "Public DNS Feed",
            "imagePath": "content/packs/FeedPublicDNS/PublicDNSFeed_image.png"
        }
    ],
    "useCases": [],
    "keywords": [],
    "dependencies": {
        "Base": {
            "mandatory": true,
            "minVersion": "1.5.0",
            "author": "Cortex XSOAR",
            "name": "Base",
            "certification": "certified"
        }
    }
}