{
    "name": "Public DNS Feed",
    "id": "FeedPublicDNS",
    "description": "The Public DNS Feed fetches known IPs associated with public DNS servers from https://public-dns.info/",
    "created": "2020-12-16T23:35:18Z",
    "updated": "2021-09-02T21:20:19Z",
    "legacy": true,
    "support": "xsoar",
    "supportDetails": {
        "url": "https://www.paloaltonetworks.com/cortex"
    },
    "eulaLink": "https://github.com/demisto/content/blob/master/LICENSE",
    "author": "Cortex XSOAR",
    "authorImage": "content/packs/Base/Author_image.png",
    "certification": "certified",
    "price": 0,
    "serverMinVersion": "5.5.0",
    "currentVersion": "1.0.3",
    "versionInfo": "7719350",
    "commit": "985837902ba58c0d6650110ba9e6c1ea6ffdf602",
    "downloads": 332,
    "tags": [
        "TIM"
    ],
    "categories": [
        "Data Enrichment & Threat Intelligence"
    ],
    "contentItems": {
        "integration": [
            {
                "name": "Public DNS Feed",
                "description": "A feed of known benign IPs of public DNS servers.",
                "category": "Data Enrichment & Threat Intelligence",
                "commands": [
                    {
                        "name": "public-dns-get-indicators",
                        "description": "Gets indicators from the feed."
                    }
                ]
            }
        ]
    },
    "searchRank": 10,
    "integrations": [
        {
            "name": "Public DNS Feed",
            "imagePath": "content/packs/FeedPublicDNS/PublicDNSFeed_image.png"
        }
    ],
    "useCases": [],
    "keywords": [],
    "dependencies": {
        "CommonTypes": {
            "mandatory": true,
            "minVersion": "3.1.17",
            "author": "Cortex XSOAR",
            "name": "Common Types",
            "certification": "certified"
        },
        "Base": {
            "mandatory": true,
            "minVersion": "1.13.32",
            "author": "Cortex XSOAR",
            "name": "Base",
            "certification": "certified"
        }
    }
}