{
    "name": "ILM Subscription - Large Enterprise",
    "id": "IdentityLifecycleManagement-LargeEnterprise",
    "description": "This pack will enable you to provision a maximum of 20k users from Workday to AD and Okta, and automate performing common IAM operations.",
    "created": "2020-12-17T10:16:09Z",
    "updated": "2021-05-12T09:39:04Z",
    "legacy": true,
    "support": "xsoar",
    "supportDetails": {
        "url": "https://www.paloaltonetworks.com/cortex"
    },
    "eulaLink": "https://github.com/demisto/content/blob/master/LICENSE",
    "author": "Cortex XSOAR",
    "authorImage": "content/packs/Base/Author_image.png",
    "certification": "certified",
    "price": 60,
    "serverMinVersion": "6.0.0",
    "currentVersion": "1.0.0",
    "versionInfo": "3722",
    "commit": "",
    "downloads": 0,
    "tags": [
        "Use Case",
        "IAM"
    ],
    "categories": [
        "Identity And Access Management"
    ],
    "contentItems": {},
    "searchRank": 10,
    "integrations": [],
    "useCases": [
        "Identity And Access Management"
    ],
    "keywords": [
        "Identity",
        "lifecycle",
        "management"
    ],
    "dependencies": {
        "Base": {
            "mandatory": true,
            "minVersion": "1.10.24",
            "author": "Cortex XSOAR",
            "name": "Base",
            "certification": "certified"
        },
        "IAM": {
            "mandatory": true,
            "minVersion": "1.5.1",
            "author": "Cortex XSOAR",
            "name": "Identity Lifecycle Management - Core",
            "certification": "certified"
        }
    },
    "premium": true,
    "vendorId": "100000",
    "partnerId": "palo-alto-networks-110",
    "partnerName": "Palo Alto Networks",
    "contentCommitHash": "36db5427452dd55a99da6ff7e8c4e1694aff9ee9",
    "previewOnly": false
}