{
    "name": "HYAS Insight",
    "id": "HYASInsight",
    "description": "Use the HYAS Insight integration to interactively lookup PassiveDNS, DynamicDNS, WHOIS, Malware Information \u2013 either as playbook tasks or through API calls in the War Room.",
    "created": "2021-07-26T12:21:35Z",
    "updated": "2021-09-05T21:17:27Z",
    "legacy": true,
    "support": "partner",
    "supportDetails": {
        "url": "https://www.hyas.com/contact",
        "email": "support@hyas.com"
    },
    "eulaLink": "https://github.com/demisto/content/blob/master/LICENSE",
    "author": "HYAS",
    "authorImage": "content/packs/HYASInsight/Author_image.png",
    "certification": "certified",
    "price": 0,
    "serverMinVersion": "6.0.0",
    "currentVersion": "1.0.1",
    "versionInfo": "7593170",
    "commit": "84b00244822939d0ffb38e6d148bfa750519af47",
    "downloads": 23,
    "tags": [
        "Trending"
    ],
    "categories": [
        "Data Enrichment & Threat Intelligence"
    ],
    "contentItems": {
        "integration": [
            {
                "name": "HYAS Insight (Partner Contribution)",
                "description": "Use the HYAS Insight integration to interactively lookup PassiveDNS, DynamicDNS, WHOIS, Malware Information \u2013 either as playbook tasks or through API calls in the War Room.",
                "category": "Data Enrichment & Threat Intelligence",
                "commands": [
                    {
                        "name": "hyas-get-passive-dns-records-by-indicator",
                        "description": "Returns PassiveDNS records for the provided indicator value."
                    },
                    {
                        "name": "hyas-get-dynamic-dns-records-by-indicator",
                        "description": "Returns DynamicDNS records for the provided indicator value."
                    },
                    {
                        "name": "hyas-get-whois-records-by-indicator",
                        "description": "Returns WHOIS records for the provided indicator value."
                    },
                    {
                        "name": "hyas-get-whois-current-records-by-domain",
                        "description": "Returns WHOIS Current records for the provided indicator value."
                    },
                    {
                        "name": "hyas-get-malware-samples-records-by-indicator",
                        "description": "Returns Malware Sample records for the provided indicator value."
                    },
                    {
                        "name": "hyas-get-associated-ips-by-hash",
                        "description": "Returns associated IP's for the provided hash value."
                    },
                    {
                        "name": "hyas-get-associated-domains-by-hash",
                        "description": "Returns associated Domain's for the provided hash value."
                    }
                ]
            }
        ]
    },
    "searchRank": 10,
    "integrations": [
        {
            "name": "HYAS Insight",
            "imagePath": "content/packs/HYASInsight/HYASInsight_image.png"
        }
    ],
    "useCases": [],
    "keywords": [],
    "dependencies": {
        "Base": {
            "mandatory": true,
            "minVersion": "1.13.31",
            "author": "Cortex XSOAR",
            "name": "Base",
            "certification": "certified"
        }
    }
}