{
    "1.0.0": {
        "releaseNotes": "Use Ivanti Heat integration to manage issues and create Demisto incidents from ivanti.",
        "displayName": "1.0.0 - 7535528",
        "released": "2020-11-09T18:48:27Z"
    },
    "1.0.1": {
        "releaseNotes": "#### Integrations\n##### Ivanti Heat\n- Updated the Docker image to: *demisto/python3:3.9.7.24076*.",
        "displayName": "1.0.1 - 7561139",
        "released": "2021-09-12T09:15:53Z"
    },
    "1.0.2": {
        "releaseNotes": "#### Scripts\n##### IvantiHeatCloseIncidentExample\n- Updated the Docker image to: *demisto/python3:3.9.7.24076*.\n##### IvantiHeatCreateIncidentExample\n- Updated the Docker image to: *demisto/python3:3.9.7.24076*.\n##### IvantiHeatCreateProblemExample\n- Updated the Docker image to: *demisto/python3:3.9.7.24076*.",
        "displayName": "1.0.2 - 7772209",
        "released": "2021-09-25T09:13:57Z"
    }
}