{
    "name": "Ivanti Heat",
    "id": "IvantiHeat",
    "description": "Use Ivanti Heat integration to manage issues and create Demisto incidents from ivanti.",
    "created": "2020-11-09T18:48:27Z",
    "updated": "2021-09-12T09:15:53Z",
    "legacy": true,
    "support": "xsoar",
    "supportDetails": {
        "url": "https://www.paloaltonetworks.com/cortex"
    },
    "eulaLink": "https://github.com/demisto/content/blob/master/LICENSE",
    "author": "Cortex XSOAR",
    "authorImage": "content/packs/Base/Author_image.png",
    "certification": "certified",
    "price": 0,
    "serverMinVersion": "5.0.0",
    "currentVersion": "1.0.1",
    "versionInfo": "7740378",
    "commit": "5a5d5c5e8105960394c4fddd0c9d9aeb6489cf17",
    "downloads": 512,
    "tags": [],
    "categories": [
        "Case Management"
    ],
    "contentItems": {
        "automation": [
            {
                "name": "IvantiHeatCreateIncidentExample",
                "description": "This is a sample script that demonstrates how to create an incident in Ivanti Heat. The script generates data of the created incident in JSON format and writes it to the IvantiHeat.CreateIncidentJSON context path.",
                "tags": []
            },
            {
                "name": "IvantiHeatCloseIncidentExample",
                "description": "This is a sample script that demonstrates how to close an incident in Ivanti Heat. The script generates data of the closed incident in JSON format and writes it to the IvantiHeat.CloseIncidentJSON context path.",
                "tags": []
            },
            {
                "name": "IvantiHeatCreateProblemExample",
                "description": "This is a sample script that demonstrates how to create a problem in Ivanti Heat. The script generates data of the created problem in JSON format and writes it to the IvantiHeat.CreateProblemJSON context path.",
                "tags": []
            }
        ],
        "integration": [
            {
                "name": "Ivanti Heat",
                "description": "Use the Ivanti Heat integration to manage issues and create Cortex XSOAR incidents from Ivanti Heat.",
                "category": "Case Management",
                "commands": [
                    {
                        "name": "ivanti-heat-objects-list",
                        "description": "Fetches business object records based on the defined filter values."
                    },
                    {
                        "name": "ivanti-heat-object-update",
                        "description": "Updates details of a business object, such as a change, problem, or incident."
                    },
                    {
                        "name": "ivanti-heat-object-delete",
                        "description": "Deletes a business object by record ID, such as a change, problem, or incident."
                    },
                    {
                        "name": "ivanti-heat-object-attachment-download",
                        "description": "Gets attachments from business objects by attachment ID."
                    },
                    {
                        "name": "ivanti-heat-object-attachment-upload",
                        "description": "Uploads attachments to business objects."
                    },
                    {
                        "name": "ivanti-heat-object-perform-action",
                        "description": "Performs quick actions on a business object. For example, close, clone, or resolve an incident or a problem."
                    },
                    {
                        "name": "ivanti-heat-object-create",
                        "description": "Creates business objects that are available out-of-the-box, such as a Change, Problem, Incident, or any custom defined business object."
                    }
                ]
            }
        ]
    },
    "searchRank": 10,
    "integrations": [
        {
            "name": "Ivanti Heat",
            "imagePath": "content/packs/IvantiHeat/IvantiHeat_image.png"
        }
    ],
    "useCases": [],
    "keywords": [],
    "dependencies": {
        "Base": {
            "mandatory": true,
            "minVersion": "1.13.32",
            "author": "Cortex XSOAR",
            "name": "Base",
            "certification": "certified"
        }
    }
}