{
    "1.0.0": {
        "releaseNotes": "Trustwave SEG is a secure messaging solution that protects businesses and users from email-borne threats, including phishing, blended threats, and spam. Trustwave Secure Email Gateway also delivers improved policy enforcement and data leakage prevention.",
        "displayName": "1.0.0 - 379063",
        "released": "2021-05-20T23:10:59Z"
    },
    "1.0.1": {
        "releaseNotes": "#### Integrations\n##### Trustwave Secure Email Gateway\n- Upgraded the Docker image to: *demisto/python3:3.9.5.20958*.",
        "displayName": "1.0.1 - 379915",
        "released": "2021-06-07T22:56:46Z"
    },
    "1.0.2": {
        "releaseNotes": "#### Integrations\n##### Trustwave Secure Email Gateway\n- Upgraded the Docker image to: *demisto/python3:3.9.5.21272*.",
        "displayName": "1.0.2 - 388541",
        "released": "2021-06-22T23:26:30Z"
    },
    "1.0.3": {
        "releaseNotes": "#### Integrations\n##### Trustwave Secure Email Gateway\n- Updated the Docker image to: *demisto/python3:3.9.7.24076*.",
        "displayName": "1.0.3 - 7740378",
        "released": "2021-09-23T09:51:29Z"
    }
}