{
    "name": "TrustwaveSEG",
    "id": "TrustwaveSEG",
    "description": "Trustwave SEG is a secure messaging solution that protects businesses and users from email-borne threats, including phishing, blended threats, and spam. Trustwave Secure Email Gateway also delivers improved policy enforcement and data leakage prevention.",
    "created": "2021-05-20T23:10:59Z",
    "updated": "2021-06-22T23:26:30Z",
    "legacy": true,
    "support": "xsoar",
    "supportDetails": {
        "url": "https://www.paloaltonetworks.com/cortex"
    },
    "eulaLink": "https://github.com/demisto/content/blob/master/LICENSE",
    "author": "Cortex XSOAR",
    "authorImage": "content/packs/Base/Author_image.png",
    "certification": "certified",
    "price": 0,
    "serverMinVersion": "5.0.0",
    "currentVersion": "1.0.2",
    "versionInfo": "7719350",
    "commit": "985837902ba58c0d6650110ba9e6c1ea6ffdf602",
    "downloads": 71,
    "tags": [],
    "categories": [
        "Email Gateway"
    ],
    "contentItems": {
        "integration": [
            {
                "name": "Trustwave Secure Email Gateway",
                "description": "Trustwave SEG is a secure messaging solution that protects businesses and users from email-borne threats, including phishing, blended threats, and spam. Trustwave Secure Email Gateway also delivers improved policy enforcement and data leakage prevention.",
                "category": "Email Gateway",
                "commands": [
                    {
                        "name": "trustwave-seg-get-version",
                        "description": "Gets Trustwave version information."
                    },
                    {
                        "name": "trustwave-seg-automatic-config-backup-list",
                        "description": "Returns a list of automatic configuration backups."
                    },
                    {
                        "name": "trustwave-seg-automatic-config-backup-restore",
                        "description": "Restores a specific automatic configuration backup."
                    },
                    {
                        "name": "trustwave-seg-automatic-config-backup-run",
                        "description": "Run automatic backup now."
                    },
                    {
                        "name": "trustwave-seg-list-alerts",
                        "description": "Gets a list of current alerts."
                    },
                    {
                        "name": "trustwave-seg-statistics",
                        "description": "Gets Trustwave SEG statistics. Must provide a start time or time range."
                    },
                    {
                        "name": "trustwave-seg-list-servers",
                        "description": "Gets a list of servers."
                    },
                    {
                        "name": "trustwave-seg-get-server",
                        "description": "Gets server details."
                    },
                    {
                        "name": "trustwave-seg-list-classifications",
                        "description": "Gets a list of classifications."
                    },
                    {
                        "name": "trustwave-seg-list-quarantine-folders",
                        "description": "Gets a list of folders."
                    },
                    {
                        "name": "trustwave-seg-list-quarantine-folders-with-day-info",
                        "description": "Gets a list of folders with current day information."
                    },
                    {
                        "name": "trustwave-seg-list-day-info-by-quarantine-folder",
                        "description": "Get the current day information for a folder."
                    },
                    {
                        "name": "trustwave-seg-find-quarantine-message",
                        "description": "Find message by specified parameters."
                    },
                    {
                        "name": "trustwave-seg-spiderlabs-forward-quarantine-message-as-spam",
                        "description": "Forwards a message to Spiderlabs as spam."
                    }
                ]
            }
        ]
    },
    "searchRank": 10,
    "integrations": [
        {
            "name": "Trustwave Secure Email Gateway",
            "imagePath": "content/packs/TrustwaveSEG/trustwavesecureemailgateway_image.png"
        }
    ],
    "useCases": [],
    "keywords": [],
    "dependencies": {
        "Base": {
            "mandatory": true,
            "minVersion": "1.13.32",
            "author": "Cortex XSOAR",
            "name": "Base",
            "certification": "certified"
        },
        "CommonPlaybooks": {
            "mandatory": true,
            "minVersion": "2.0.5",
            "author": "Cortex XSOAR",
            "name": "Common Playbooks",
            "certification": "certified"
        },
        "CommonScripts": {
            "mandatory": true,
            "minVersion": "1.4.38",
            "author": "Cortex XSOAR",
            "name": "Common Scripts",
            "certification": "certified"
        }
    }
}