{
    "1.0.0": {
        "releaseNotes": "CounterTack empowers endpoint security teams to assure endpoint protection for Identifying Cyber Threats. Integrating a predictive endpoint protection platform",
        "displayName": "1.0.0 - 397572",
        "released": "2020-11-09T18:50:59Z"
    },
    "1.0.1": {
        "releaseNotes": "#### Integrations\n##### CounterTack\n- Updated the Docker image to: *demisto/python:2.7.18.20958*.",
        "displayName": "1.0.1 - 398245",
        "released": "2021-07-15T11:42:32Z"
    },
    "1.0.2": {
        "releaseNotes": "#### Integrations\n##### CounterTack\n- Updated the Docker image to: *demisto/python:2.7.18.24066*.",
        "displayName": "1.0.2 - 7567740",
        "released": "2021-09-12T21:16:20Z"
    },
    "1.0.3": {
        "releaseNotes": "#### Integrations\n##### CounterTack\n- Updated the Docker image to: *demisto/python:2.7.18.24398*.",
        "displayName": "1.0.3 - 2022871",
        "released": "2021-11-29T09:17:31Z"
    }
}