{
    "name": "CounterTack",
    "id": "CounterTack",
    "description": "CounterTack empowers endpoint security teams to assure endpoint protection for Identifying Cyber Threats. Integrating a predictive endpoint protection platform",
    "created": "2020-11-09T18:50:59Z",
    "updated": "2020-11-09T18:50:59Z",
    "legacy": true,
    "support": "xsoar",
    "supportDetails": {
        "url": "https://www.paloaltonetworks.com/cortex"
    },
    "eulaLink": "https://github.com/demisto/content/blob/master/LICENSE",
    "author": "Cortex XSOAR",
    "authorImage": "content/packs/Base/Author_image.png",
    "certification": "certified",
    "price": 0,
    "serverMinVersion": "5.0.0",
    "currentVersion": "1.0.0",
    "versionInfo": "397572",
    "commit": "2a99e9a501441ac8f8035681a0dea807d2ea681a",
    "downloads": 475,
    "tags": [],
    "categories": [
        "Endpoint"
    ],
    "contentItems": {
        "integration": [
            {
                "name": "CounterTack",
                "description": "CounterTack empowers endpoint security teams to assure endpoint protection for Identifying Cyber Threats. Integrating a predictive endpoint protection platform",
                "category": "Endpoint",
                "commands": [
                    {
                        "name": "countertack-get-endpoints",
                        "description": "Returns information for endpoints."
                    },
                    {
                        "name": "countertack-get-behaviors",
                        "description": "Returns information for all behaviors."
                    },
                    {
                        "name": "countertack-get-endpoint",
                        "description": "Get information on specific endpoint"
                    },
                    {
                        "name": "countertack-get-behavior",
                        "description": "Gets information of a given behavior."
                    },
                    {
                        "name": "countertack-get-endpoint-tags",
                        "description": "Gets the tags of a given endpoint."
                    },
                    {
                        "name": "countertack-add-tags",
                        "description": "Adds tags to a given endpoint."
                    },
                    {
                        "name": "countertack-delete-tags",
                        "description": "Deletes the supplied tags from a given endpoint."
                    },
                    {
                        "name": "countertack-add-behavior-tags",
                        "description": "Adds tags to a given behavior."
                    },
                    {
                        "name": "countertack-delete-behavior-tags",
                        "description": "Deletes the supplied tags from a given behavior."
                    },
                    {
                        "name": "countertack-endpoint-quarantine",
                        "description": "Quarantines a given endpoint."
                    },
                    {
                        "name": "countertack-disable-quarantine",
                        "description": "Removes a given endpoint from quarantine."
                    },
                    {
                        "name": "countertack-extract-file",
                        "description": "Extracts a file from given endpoint."
                    },
                    {
                        "name": "countertack-delete-file",
                        "description": "Deletes a file from the given endpoint."
                    },
                    {
                        "name": "countertack-get-all-files",
                        "description": "Gets all extracted files for all endpoints."
                    },
                    {
                        "name": "countertack-get-endpoint-files",
                        "description": "Returns all extracted files from a given endpoint."
                    },
                    {
                        "name": "countertack-get-file-information",
                        "description": "Gets the information of a given file."
                    },
                    {
                        "name": "countertack-download-file",
                        "description": "Downloads an extracted file in ZIP format. The password to unlock the ZIP file is `sentinel`."
                    },
                    {
                        "name": "countertack-search-events",
                        "description": "Searches for events, using CQL expression."
                    },
                    {
                        "name": "countertack-kill-process",
                        "description": "Terminates all instances of the process identified in the command. Processes can be identified by the PID or process name."
                    },
                    {
                        "name": "countertack-search-hashes",
                        "description": "Searches for hashes using CQL expressions (Contextual Query Language) to represent queries."
                    },
                    {
                        "name": "countertack-search-endpoints",
                        "description": "Request for endpoints search using CQL expression (Contextual Query Language) to represent queries."
                    },
                    {
                        "name": "countertack-search-behaviors",
                        "description": "Request for behaviors search using CQL expression (Contextual Query Language) to represent queries."
                    }
                ]
            }
        ]
    },
    "searchRank": 10,
    "integrations": [
        {
            "name": "CounterTack",
            "imagePath": "content/packs/CounterTack/CounterTack_image.png"
        }
    ],
    "useCases": [],
    "keywords": [],
    "dependencies": {
        "Base": {
            "mandatory": true,
            "minVersion": "1.13.1",
            "author": "Cortex XSOAR",
            "name": "Base",
            "certification": "certified"
        }
    }
}