{
    "1.0.0": {
        "releaseNotes": "Monitor the PAN-OS FW log upload to the Cortex Data Lake in a reoccurring job. The key pre-requisite is the configuration of the Cortex Data Lake integration.",
        "displayName": "1.0.0 - 330475",
        "released": "2021-04-12T10:55:34Z"
    },
    "1.0.1": {
        "releaseNotes": "\n#### Scripts\n##### PANOStoCortexDataLakeMonitoring\n- Fixed an issue with the querying of the Cortex Data Lake table.\n",
        "displayName": "1.0.1 - 330975",
        "released": "2021-04-20T10:47:45Z"
    },
    "1.0.2": {
        "releaseNotes": "\n#### Scripts\n##### PANOStoCortexDataLakeMonitoring\n- Fixed an issue with the managing of the successful and failed Firewalls lists.\n\n#### Playbooks\n##### PAN-OS to Cortex Data Lake Monitoring - Cron Job\n- Fixed an issue with the playbook inputs.",
        "displayName": "1.0.2 - 333421",
        "released": "2021-04-22T10:47:32Z"
    },
    "1.0.3": {
        "releaseNotes": "\n#### Scripts\n##### PANOStoCortexDataLakeMonitoring\n- Fixed an issue in the managing of the lists of Firewalls.\n",
        "displayName": "1.0.3 - 334155",
        "released": "2021-04-22T22:49:50Z"
    },
    "1.0.4": {
        "releaseNotes": "\n#### Playbooks\n##### PAN-OS to Cortex Data Lake Monitoring - Cron Job\n- Fixed an issue where an incorrect incident type was called.\n",
        "displayName": "1.0.4 - 334630",
        "released": "2021-04-24T22:52:58Z"
    },
    "1.0.5": {
        "releaseNotes": "#### Scripts\n##### PANOStoCortexDataLakeMonitoring\n- Upgraded the Docker image to: *demisto/python3:3.9.5.20958*.",
        "displayName": "1.0.5 - 381353",
        "released": "2021-06-08T22:51:36Z"
    },
    "1.0.6": {
        "releaseNotes": "#### Scripts\n##### PANOStoCortexDataLakeMonitoring\n- Upgraded the Docker image to: *demisto/python3:3.9.5.21272*.",
        "displayName": "1.0.6 - 388887",
        "released": "2021-06-23T11:27:50Z"
    },
    "1.0.7": {
        "releaseNotes": "#### Playbooks\n##### PAN-OS to Cortex Data Lake Monitoring - Cron Job\n- The *email notification task* is now using the generic **send-mail** command.",
        "displayName": "1.0.7 - 400461",
        "released": "2021-07-20T12:17:56Z"
    },
    "1.0.8": {
        "releaseNotes": "#### Scripts\n##### PANOStoCortexDataLakeMonitoring\n- Updated the Docker image to: *demisto/python3:3.9.7.24076*.",
        "displayName": "1.0.8 - 7772209",
        "released": "2021-09-25T09:17:08Z"
    }
}