{
    "name": "PAN-OS to Cortex Data Lake Monitoring",
    "id": "PANOStoCDLMonitoring",
    "description": "Monitor the PAN-OS FW log upload to the Cortex Data Lake in a reoccurring job. The key pre-requisite is the configuration of the Cortex Data Lake integration.",
    "created": "2021-04-12T10:55:34Z",
    "updated": "2021-06-08T22:51:36Z",
    "legacy": true,
    "support": "community",
    "supportDetails": {
        "email": "brenaud@paloaltonetworks.com"
    },
    "eulaLink": "https://github.com/demisto/content/blob/master/LICENSE",
    "author": "Brice RENAUD",
    "authorImage": "",
    "certification": "",
    "price": 0,
    "serverMinVersion": "6.0.0",
    "currentVersion": "1.0.5",
    "versionInfo": "388541",
    "commit": "2ab9dfba8404a2cfe2b34a4048625ac9f341d840",
    "downloads": 81,
    "tags": [
        "Trending"
    ],
    "categories": [
        "Network Security"
    ],
    "contentItems": {
        "incidentfield": [
            {
                "name": "fwserials",
                "type": "shortText",
                "description": "Comma separated list of PAN-OS Firewall serial numbers."
            },
            {
                "name": "panosintegrationinstancename",
                "type": "shortText",
                "description": "The name of the PAN-OS integration instance."
            }
        ],
        "incidenttype": [
            {
                "name": "Cortex Data Lake Monitoring",
                "playbook": "PAN-OS to Cortex Data Lake Monitoring - Cron Job",
                "closureScript": "",
                "hours": 0,
                "days": 0,
                "weeks": 0
            },
            {
                "name": "PAN-OS logging to Cortex Data Lake - Action Required",
                "playbook": "PAN-OS logging to Cortex Data Lake - Action Required",
                "closureScript": "",
                "hours": 0,
                "days": 0,
                "weeks": 0
            }
        ],
        "layoutscontainer": [
            {
                "name": "Cortex Data Lake Monitoring",
                "description": ""
            },
            {
                "name": "PAN-OS logging to Cortex Data Lake - Action Required",
                "description": ""
            }
        ],
        "playbook": [
            {
                "name": "PAN-OS logging to Cortex Data Lake - Action Required",
                "description": "This Playbook initiates the steps needed to investigate the PAN-OS logging to Cortex Data Lake problems."
            },
            {
                "name": "PAN-OS to Cortex Data Lake Monitoring - Cron Job",
                "description": "This playbook verifies that your FWs sent logs to the Cortex Data Lake in the last 12 hours. An email notification will be sent if it's not the case.\nThis playbook is designed to run as a job."
            }
        ],
        "automation": [
            {
                "name": "PANOStoCortexDataLakeMonitoring",
                "description": "Verify that all firewalls successfully pushed logs to the Cortex Data Lake for the last 12 hours. It's an easy way to do monitoring of the FW connection to CDL.\nYou can use either a manual list of FW serials or a Panorama integration to get the list of equipment to monitor. ",
                "tags": [
                    "CDL",
                    "PAN-OS",
                    "XDR"
                ]
            }
        ]
    },
    "searchRank": 0,
    "integrations": [
        {
            "name": "EWS O365",
            "imagePath": "content/packs/EWS/EWSO365_image.png"
        },
        {
            "name": "EWS v2",
            "imagePath": "content/packs/EWS/EWSv2_image.png"
        },
        {
            "name": "O365 - EWS - Extension",
            "imagePath": "content/packs/EWS/EwsExtension_image.png"
        },
        {
            "name": "O365 - EWS - Extension Online Powershell v2",
            "imagePath": "content/packs/EWS/EWSExtensionOnlinePowershellv2_image.png"
        },
        {
            "name": "O365 - Security And Compliance - Content Search (beta)",
            "imagePath": "content/packs/EWS/SecurityAndCompliance_image.png"
        },
        {
            "name": "Palo Alto Networks PAN-OS",
            "imagePath": "content/packs/PAN-OS/Panorama_image.png"
        },
        {
            "name": "Microsoft Graph Mail",
            "imagePath": "content/packs/MicrosoftGraphMail/MicrosoftGraphMail_image.png"
        },
        {
            "name": "Microsoft Graph Mail Single User",
            "imagePath": "content/packs/MicrosoftGraphListener/MicrosoftGraphMailSingleUser_image.png"
        },
        {
            "name": "Gmail",
            "imagePath": "content/packs/Gmail/Gmail_image.png"
        },
        {
            "name": "EWS Mail Sender",
            "imagePath": "content/packs/EWSMailSender/EWSMailSender_image.png"
        },
        {
            "name": "Cortex Data Lake",
            "imagePath": "content/packs/CortexDataLake/CortexDataLake_image.png"
        },
        {
            "name": "Gmail Single User (Beta)",
            "imagePath": "content/packs/GmailSingleUser/GmailSingleUser_image.png"
        },
        {
            "name": "Mail Sender (New)",
            "imagePath": "content/packs/MailSenderNew/MailSender%28New%29_image.png"
        }
    ],
    "useCases": [],
    "keywords": [],
    "dependencies": {
        "GetServerURL": {
            "mandatory": true,
            "minVersion": "1.0.1",
            "author": "Cortex XSOAR",
            "name": "GetServerURL",
            "certification": "certified"
        },
        "Gmail": {
            "mandatory": false,
            "minVersion": "1.1.6",
            "author": "Cortex XSOAR",
            "name": "Gmail",
            "certification": "certified"
        },
        "MicrosoftGraphMail": {
            "mandatory": false,
            "minVersion": "1.0.20",
            "author": "Cortex XSOAR",
            "name": "Microsoft Graph Mail",
            "certification": "certified"
        },
        "PAN-OS": {
            "mandatory": true,
            "minVersion": "1.6.19",
            "author": "Cortex XSOAR",
            "name": "PAN-OS",
            "certification": "certified"
        },
        "MicrosoftGraphListener": {
            "mandatory": false,
            "minVersion": "1.0.17",
            "author": "Cortex XSOAR",
            "name": "Microsoft Graph Mail Single User",
            "certification": "certified"
        },
        "MailSenderNew": {
            "mandatory": false,
            "minVersion": "1.0.1",
            "author": "Cortex XSOAR",
            "name": "Mail Sender (New)",
            "certification": "certified"
        },
        "CortexDataLake": {
            "mandatory": true,
            "minVersion": "1.3.2",
            "author": "Cortex XSOAR",
            "name": "Cortex Data Lake",
            "certification": "certified"
        },
        "EWSMailSender": {
            "mandatory": false,
            "minVersion": "1.1.1",
            "author": "Cortex XSOAR",
            "name": "EWS Mail Sender",
            "certification": "certified"
        },
        "GmailSingleUser": {
            "mandatory": false,
            "minVersion": "1.1.1",
            "author": "Cortex XSOAR",
            "name": "Gmail Single User (Beta)",
            "certification": "certified"
        },
        "CommonScripts": {
            "mandatory": true,
            "minVersion": "1.3.63",
            "author": "Cortex XSOAR",
            "name": "Common Scripts",
            "certification": "certified"
        },
        "Base": {
            "mandatory": true,
            "minVersion": "1.12.13",
            "author": "Cortex XSOAR",
            "name": "Base",
            "certification": "certified"
        },
        "CommonTypes": {
            "mandatory": true,
            "minVersion": "3.1.2",
            "author": "Cortex XSOAR",
            "name": "Common Types",
            "certification": "certified"
        },
        "EWS": {
            "mandatory": false,
            "minVersion": "1.8.22",
            "author": "Cortex XSOAR",
            "name": "EWS",
            "certification": "certified"
        }
    }
}