{
    "name": "PAN-OS to Cortex Data Lake Monitoring",
    "id": "PANOStoCDLMonitoring",
    "description": "Monitor the PAN-OS FW log upload to the Cortex Data Lake in a reoccurring job. The key pre-requisite is the configuration of the Cortex Data Lake integration.",
    "created": "2021-04-12T10:55:34Z",
    "updated": "2021-06-23T11:27:50Z",
    "legacy": true,
    "support": "community",
    "supportDetails": {
        "email": "brenaud@paloaltonetworks.com"
    },
    "eulaLink": "https://github.com/demisto/content/blob/master/LICENSE",
    "author": "Brice RENAUD",
    "authorImage": "",
    "certification": "",
    "price": 0,
    "serverMinVersion": "6.0.0",
    "currentVersion": "1.0.6",
    "versionInfo": "399754",
    "commit": "721ae5b83b47d20ea9b99f8bec9deb782e53923f",
    "downloads": 114,
    "tags": [],
    "categories": [
        "Network Security"
    ],
    "contentItems": {
        "incidentfield": [
            {
                "name": "fwserials",
                "type": "shortText",
                "description": "Comma separated list of PAN-OS Firewall serial numbers."
            },
            {
                "name": "panosintegrationinstancename",
                "type": "shortText",
                "description": "The name of the PAN-OS integration instance."
            }
        ],
        "incidenttype": [
            {
                "name": "Cortex Data Lake Monitoring",
                "playbook": "PAN-OS to Cortex Data Lake Monitoring - Cron Job",
                "closureScript": "",
                "hours": 0,
                "days": 0,
                "weeks": 0
            },
            {
                "name": "PAN-OS logging to Cortex Data Lake - Action Required",
                "playbook": "PAN-OS logging to Cortex Data Lake - Action Required",
                "closureScript": "",
                "hours": 0,
                "days": 0,
                "weeks": 0
            }
        ],
        "layoutscontainer": [
            {
                "name": "Cortex Data Lake Monitoring",
                "description": ""
            },
            {
                "name": "PAN-OS logging to Cortex Data Lake - Action Required",
                "description": ""
            }
        ],
        "playbook": [
            {
                "name": "PAN-OS logging to Cortex Data Lake - Action Required",
                "description": "This Playbook initiates the steps needed to investigate the PAN-OS logging to Cortex Data Lake problems."
            },
            {
                "name": "PAN-OS to Cortex Data Lake Monitoring - Cron Job",
                "description": "This playbook verifies that your FWs sent logs to the Cortex Data Lake in the last 12 hours. An email notification will be sent if it's not the case.\nThis playbook is designed to run as a job."
            }
        ],
        "automation": [
            {
                "name": "PANOStoCortexDataLakeMonitoring",
                "description": "Verify that all firewalls successfully pushed logs to the Cortex Data Lake for the last 12 hours. It's an easy way to do monitoring of the FW connection to CDL.\nYou can use either a manual list of FW serials or a Panorama integration to get the list of equipment to monitor. ",
                "tags": [
                    "CDL",
                    "PAN-OS",
                    "XDR"
                ]
            }
        ]
    },
    "searchRank": 0,
    "integrations": [
        {
            "name": "Palo Alto Networks PAN-OS",
            "imagePath": "content/packs/PAN-OS/Panorama_image.png"
        },
        {
            "name": "Mail Sender (New)",
            "imagePath": "content/packs/MailSenderNew/MailSender%28New%29_image.png"
        },
        {
            "name": "Cortex Data Lake",
            "imagePath": "content/packs/CortexDataLake/CortexDataLake_image.png"
        }
    ],
    "useCases": [],
    "keywords": [],
    "dependencies": {
        "PAN-OS": {
            "mandatory": true,
            "minVersion": "1.6.22",
            "author": "Cortex XSOAR",
            "name": "PAN-OS",
            "certification": "certified"
        },
        "CortexDataLake": {
            "mandatory": true,
            "minVersion": "1.3.2",
            "author": "Cortex XSOAR",
            "name": "Cortex Data Lake",
            "certification": "certified"
        },
        "MailSenderNew": {
            "mandatory": true,
            "minVersion": "1.0.2",
            "author": "Cortex XSOAR",
            "name": "Mail Sender (New)",
            "certification": "certified"
        },
        "GetServerURL": {
            "mandatory": true,
            "minVersion": "1.0.2",
            "author": "Cortex XSOAR",
            "name": "GetServerURL",
            "certification": "certified"
        },
        "CommonScripts": {
            "mandatory": true,
            "minVersion": "1.4.6",
            "author": "Cortex XSOAR",
            "name": "Common Scripts",
            "certification": "certified"
        },
        "CommonTypes": {
            "mandatory": true,
            "minVersion": "3.1.7",
            "author": "Cortex XSOAR",
            "name": "Common Types",
            "certification": "certified"
        },
        "Base": {
            "mandatory": true,
            "minVersion": "1.13.3",
            "author": "Cortex XSOAR",
            "name": "Base",
            "certification": "certified"
        }
    }
}