{
    "name": "PAN-OS to Cortex Data Lake Monitoring",
    "id": "PANOStoCDLMonitoring",
    "description": "Monitor the PAN-OS FW log upload to the Cortex Data Lake in a reoccurring job. The key pre-requisite is the configuration of the Cortex Data Lake integration.",
    "created": "2021-04-12T10:55:34Z",
    "updated": "2021-07-20T12:17:56Z",
    "legacy": true,
    "support": "community",
    "supportDetails": {
        "email": "brenaud@paloaltonetworks.com"
    },
    "eulaLink": "https://github.com/demisto/content/blob/master/LICENSE",
    "author": "Brice RENAUD",
    "authorImage": "",
    "certification": "",
    "price": 0,
    "serverMinVersion": "6.0.0",
    "currentVersion": "1.0.7",
    "versionInfo": "7740378",
    "commit": "5a5d5c5e8105960394c4fddd0c9d9aeb6489cf17",
    "downloads": 186,
    "tags": [],
    "categories": [
        "Network Security"
    ],
    "contentItems": {
        "incidenttype": [
            {
                "name": "PAN-OS logging to Cortex Data Lake - Action Required",
                "playbook": "PAN-OS logging to Cortex Data Lake - Action Required",
                "closureScript": "",
                "hours": 0,
                "days": 0,
                "weeks": 0
            },
            {
                "name": "Cortex Data Lake Monitoring",
                "playbook": "PAN-OS to Cortex Data Lake Monitoring - Cron Job",
                "closureScript": "",
                "hours": 0,
                "days": 0,
                "weeks": 0
            }
        ],
        "playbook": [
            {
                "name": "PAN-OS to Cortex Data Lake Monitoring - Cron Job",
                "description": "This playbook verifies that your FWs sent logs to the Cortex Data Lake in the last 12 hours. An email notification will be sent if it's not the case.\nThis playbook is designed to run as a job."
            },
            {
                "name": "PAN-OS logging to Cortex Data Lake - Action Required",
                "description": "This Playbook initiates the steps needed to investigate the PAN-OS logging to Cortex Data Lake problems."
            }
        ],
        "automation": [
            {
                "name": "PANOStoCortexDataLakeMonitoring",
                "description": "Verify that all firewalls successfully pushed logs to the Cortex Data Lake for the last 12 hours. It's an easy way to do monitoring of the FW connection to CDL.\nYou can use either a manual list of FW serials or a Panorama integration to get the list of equipment to monitor. ",
                "tags": [
                    "CDL",
                    "PAN-OS",
                    "XDR"
                ]
            }
        ],
        "layoutscontainer": [
            {
                "name": "Cortex Data Lake Monitoring",
                "description": ""
            },
            {
                "name": "PAN-OS logging to Cortex Data Lake - Action Required",
                "description": ""
            }
        ],
        "incidentfield": [
            {
                "name": "fwserials",
                "type": "shortText",
                "description": "Comma separated list of PAN-OS Firewall serial numbers."
            },
            {
                "name": "panosintegrationinstancename",
                "type": "shortText",
                "description": "The name of the PAN-OS integration instance."
            }
        ]
    },
    "searchRank": 0,
    "integrations": [
        {
            "name": "Palo Alto Networks PAN-OS",
            "imagePath": "content/packs/PAN-OS/Panorama_image.png"
        },
        {
            "name": "Cortex Data Lake",
            "imagePath": "content/packs/CortexDataLake/CortexDataLake_image.png"
        }
    ],
    "useCases": [],
    "keywords": [],
    "dependencies": {
        "CommonTypes": {
            "mandatory": true,
            "minVersion": "3.1.17",
            "author": "Cortex XSOAR",
            "name": "Common Types",
            "certification": "certified"
        },
        "Base": {
            "mandatory": true,
            "minVersion": "1.13.32",
            "author": "Cortex XSOAR",
            "name": "Base",
            "certification": "certified"
        },
        "CortexDataLake": {
            "mandatory": true,
            "minVersion": "1.3.4",
            "author": "Cortex XSOAR",
            "name": "Cortex Data Lake",
            "certification": "certified"
        },
        "CommonScripts": {
            "mandatory": true,
            "minVersion": "1.4.38",
            "author": "Cortex XSOAR",
            "name": "Common Scripts",
            "certification": "certified"
        },
        "PAN-OS": {
            "mandatory": true,
            "minVersion": "1.6.28",
            "author": "Cortex XSOAR",
            "name": "PAN-OS",
            "certification": "certified"
        },
        "GetServerURL": {
            "mandatory": true,
            "minVersion": "1.0.2",
            "author": "Cortex XSOAR",
            "name": "GetServerURL",
            "certification": "certified"
        }
    }
}