{
    "name": "OS Query",
    "id": "OSQuery",
    "description": "Run OS query on a linux system.",
    "created": "2020-11-09T18:49:25Z",
    "updated": "2021-09-12T21:19:00Z",
    "legacy": true,
    "support": "xsoar",
    "supportDetails": {
        "url": "https://www.paloaltonetworks.com/cortex"
    },
    "eulaLink": "https://github.com/demisto/content/blob/master/LICENSE",
    "author": "Cortex XSOAR",
    "authorImage": "content/packs/Base/Author_image.png",
    "certification": "certified",
    "price": 0,
    "serverMinVersion": "5.0.0",
    "currentVersion": "1.0.2",
    "versionInfo": "2030938",
    "commit": "0389e8382253eaef89869ea67784401b9dd6931e",
    "downloads": 721,
    "tags": [],
    "categories": [
        "Utilities"
    ],
    "contentItems": {
        "automation": [
            {
                "name": "OSQueryProcesses",
                "description": "Returns processes details from a remote system using OSQuery",
                "tags": [
                    "OSQuery"
                ]
            },
            {
                "name": "OSQueryUsers",
                "description": "Returns Users Table from a remote system using OSQuery",
                "tags": [
                    "OSQuery"
                ]
            },
            {
                "name": "OSQueryOpenSockets",
                "description": "Returns open sockets details from a remote system using OSQuery",
                "tags": [
                    "OSQuery"
                ]
            },
            {
                "name": "OSQueryLoggedInUsers",
                "description": "Returns logged in users details from a remote system using OSQuery",
                "tags": [
                    "OSQuery"
                ]
            },
            {
                "name": "OSQueryBasicQuery",
                "description": "Returns the results from a basic OSQuery query on a remote Linux machine.\nFor more information read documentation at https://osquery.readthedocs.io/",
                "tags": [
                    "OSQuery"
                ]
            }
        ]
    },
    "searchRank": 10,
    "integrations": [],
    "useCases": [],
    "keywords": [],
    "dependencies": {
        "CommonScripts": {
            "mandatory": true,
            "minVersion": "1.6.0",
            "author": "Cortex XSOAR",
            "name": "Common Scripts",
            "certification": "certified"
        },
        "Base": {
            "mandatory": true,
            "minVersion": "1.16.0",
            "author": "Cortex XSOAR",
            "name": "Base",
            "certification": "certified"
        }
    }
}