{
    "1.0.0": {
        "releaseNotes": "Unified password and session management for seamless accountability and control over privileged accounts.",
        "displayName": "1.0.0 - R124496",
        "released": "2020-09-23T17:54:05Z"
    },
    "1.0.1": {
        "releaseNotes": "\n#### Integrations\n##### BeyondTrust Password Safe\n- Fixed a typo in an error message.\n- Upgraded the Docker image to: *demisto/python3:3.8.5.10845*.\n",
        "displayName": "1.0.1 - R180529",
        "released": "2020-11-09T18:41:38Z"
    },
    "1.0.2": {
        "releaseNotes": "\n#### Integrations\n##### BeyondTrust Password Safe\n- Fixed an issue where context got overwritten in the **get-managed-accounts** command.\n- Added support for simultaneous requests.\n- Improved debugging messages.\n- Upgraded the Docker image to 3.8.6.13358\n\n",
        "displayName": "1.0.2 - R264879",
        "released": "2020-11-28T10:02:44Z"
    },
    "1.0.3": {
        "releaseNotes": "\n#### Integrations\n##### BeyondTrust Password Safe\n- Internal code improvements.\n- Updated the Docker image to: *demisto/python3:3.9.2.17246*.\n",
        "displayName": "1.0.3 - 308339",
        "released": "2021-03-18T22:42:06Z"
    },
    "1.0.4": {
        "releaseNotes": "#### Integrations\n##### BeyondTrust Password Safe\n- Upgraded the Docker image to: *demisto/python3:3.9.5.20070*.",
        "displayName": "1.0.4 - 378296",
        "released": "2021-06-06T23:21:27Z"
    },
    "1.0.5": {
        "releaseNotes": "#### Integrations\n##### BeyondTrust Password Safe\n- Upgraded the Docker image to: *demisto/python3:3.9.5.21272*.",
        "displayName": "1.0.5 - 388541",
        "released": "2021-06-22T23:28:43Z"
    },
    "1.0.6": {
        "releaseNotes": "#### Integrations\n##### BeyondTrust Password Safe\n- Upgraded the Docker image to: *demisto/python3:3.9.6.22912*.",
        "displayName": "1.0.6 - 399371",
        "released": "2021-07-18T23:36:39Z"
    },
    "1.0.7": {
        "releaseNotes": "#### Integrations\n##### BeyondTrust Password Safe\n- Updated the Docker image to: *demisto/python3:3.9.6.24019*.",
        "displayName": "1.0.7 - 7401319",
        "released": "2021-09-01T21:13:03Z"
    },
    "1.0.8": {
        "releaseNotes": "#### Integrations\n##### BeyondTrust Password Safe\n- Updated the Docker image to: *demisto/python3:3.9.7.24076*.",
        "displayName": "1.0.8 - 7640590",
        "released": "2021-09-16T21:19:15Z"
    },
    "1.0.9": {
        "releaseNotes": "#### Integrations\n##### BeyondTrust Password Safe\n- Updated the Docker image to: *demisto/python3:3.9.8.24399*.",
        "displayName": "1.0.9 - 1959372",
        "released": "2021-11-16T13:38:40Z"
    }
}