{
    "name": "BeyondTrust Password Safe",
    "id": "BeyondTrust_Password_Safe",
    "description": "Unified password and session management for seamless accountability and control over privileged accounts.",
    "created": "2020-09-23T17:54:05Z",
    "updated": "2021-06-06T23:21:27Z",
    "legacy": true,
    "support": "xsoar",
    "supportDetails": {
        "url": "https://www.paloaltonetworks.com/cortex"
    },
    "eulaLink": "https://github.com/demisto/content/blob/master/LICENSE",
    "author": "Cortex XSOAR",
    "authorImage": "content/packs/Base/Author_image.png",
    "certification": "certified",
    "price": 0,
    "serverMinVersion": "5.0.0",
    "currentVersion": "1.0.4",
    "versionInfo": "387494",
    "commit": "3f3a9c4cb56dee47a14c97d6e2097eae74535154",
    "downloads": 615,
    "tags": [],
    "categories": [
        "Authentication"
    ],
    "contentItems": {
        "integration": [
            {
                "name": "BeyondTrust Password Safe",
                "description": "Unified password and session management for seamless accountability and control over privileged accounts.",
                "category": "Authentication",
                "commands": [
                    {
                        "name": "beyondtrust-get-managed-accounts",
                        "description": "Returns a list of managed accounts that the current user has permissions to request."
                    },
                    {
                        "name": "beyondtrust-get-managed-systems",
                        "description": "Returns a list of managed systems."
                    },
                    {
                        "name": "beyondtrust-create-release-request",
                        "description": "Creates a new credentials release request."
                    },
                    {
                        "name": "beyondtrust-check-in-credentials",
                        "description": "Checks-in/releases a request before it expires."
                    },
                    {
                        "name": "beyondtrust-get-credentials",
                        "description": "Retrieves the credentials for an approved and active (not expired) credentials release request."
                    },
                    {
                        "name": "beyondtrust-change-credentials",
                        "description": "Updates the credentials for a Managed Account, optionally applying the change to the Managed System."
                    }
                ]
            }
        ]
    },
    "searchRank": 10,
    "integrations": [
        {
            "name": "BeyondTrust Password Safe",
            "imagePath": "content/packs/BeyondTrust_Password_Safe/BeyondTrustPasswordSafe_image.png"
        }
    ],
    "useCases": [],
    "keywords": [],
    "dependencies": {
        "Base": {
            "mandatory": true,
            "minVersion": "1.12.13",
            "author": "Cortex XSOAR",
            "name": "Base",
            "certification": "certified"
        }
    }
}