{
    "name": "Ansible Kubernetes",
    "id": "AnsibleKubernetes",
    "description": "Manage and control Kubernetes clusters.",
    "created": "2021-08-25T09:23:27Z",
    "updated": "2021-11-10T21:24:16Z",
    "legacy": true,
    "support": "xsoar",
    "supportDetails": {
        "url": "https://www.paloaltonetworks.com/cortex"
    },
    "eulaLink": "https://github.com/demisto/content/blob/master/LICENSE",
    "author": "Cortex XSOAR",
    "authorImage": "content/packs/Base/Author_image.png",
    "certification": "certified",
    "price": 0,
    "serverMinVersion": "6.0.0",
    "currentVersion": "1.0.1",
    "versionInfo": "2030938",
    "commit": "0389e8382253eaef89869ea67784401b9dd6931e",
    "downloads": 55,
    "tags": [
        "IT"
    ],
    "categories": [
        "IT Services"
    ],
    "contentItems": {
        "integration": [
            {
                "name": "Ansible Kubernetes",
                "description": "Manage Kubernetes",
                "category": "IT Services",
                "commands": [
                    {
                        "name": "k8s-k8s",
                        "description": "Manage Kubernetes (K8s) objects\n Further documentation available at https://docs.ansible.com/ansible/2.9/modules/k8s_module.html"
                    },
                    {
                        "name": "k8s-info",
                        "description": "Describe Kubernetes (K8s) objects\n Further documentation available at https://docs.ansible.com/ansible/2.9/modules/k8s_info_module.html"
                    },
                    {
                        "name": "k8s-scale",
                        "description": "Set a new size for a Deployment, ReplicaSet, Replication Controller, or Job.\n Further documentation available at https://docs.ansible.com/ansible/2.9/modules/k8s_scale_module.html"
                    },
                    {
                        "name": "k8s-service",
                        "description": "Manage Services on Kubernetes\n Further documentation available at https://docs.ansible.com/ansible/2.9/modules/k8s_service_module.html"
                    }
                ]
            }
        ]
    },
    "searchRank": 10,
    "integrations": [
        {
            "name": "Ansible Kubernetes",
            "imagePath": "content/packs/AnsibleKubernetes/AnsibleKubernetes_image.png"
        }
    ],
    "useCases": [],
    "keywords": [
        "Asset Management"
    ],
    "dependencies": {
        "Base": {
            "mandatory": true,
            "minVersion": "1.16.0",
            "author": "Cortex XSOAR",
            "name": "Base",
            "certification": "certified"
        }
    }
}