{
    "1.0.1": {
        "releaseNotes": "\n#### Integrations\n- __README.md__\nFixed image paths in documentation.",
        "displayName": "1.0.1 - R71641",
        "released": "2020-07-22T19:14:09Z"
    },
    "1.1.0": {
        "releaseNotes": "\n#### Integrations\n##### Tufin\n- Minor updates\n\n#### Playbooks\n##### Tufin - Enrich IP Address(es)\n- Added new playbook\n##### Tufin - Get Network Device Info by IP Address\n- Added new playbook\n##### Tufin - Investigate Network Alert\n- Added new playbook\n##### Tufin - Get Application Information from SecureApp\n- Added new playbook\n##### Tufin - Enrich Source & Destination IP Information\n- Added new playbook\n",
        "displayName": "1.1.0 - R124496",
        "released": "2020-09-23T17:51:06Z"
    },
    "1.1.1": {
        "releaseNotes": "\n#### Integrations\n##### Tufin\n- Upgraded the Docker image.\n",
        "displayName": "1.1.1 - 124549",
        "released": "2020-09-23T20:24:16Z"
    },
    "1.2.0": {
        "releaseNotes": "##### Pack has been Certified",
        "displayName": "1.2.0 - R400461",
        "released": "2021-07-20T12:19:44Z"
    },
    "1.2.1": {
        "releaseNotes": "#### Integrations\n##### Tufin \n- Updated the Docker image to: *demisto/netutils:1.0.0.24101*.",
        "displayName": "1.2.1 - 7789574",
        "released": "2021-09-26T21:15:58Z"
    }
}