{
    "name": "Tufin",
    "id": "Tufin",
    "description": "Gather network intelligence from SecureTrack and SecureApp, perform topology queries in SecureTrack, and submit change tickets from SecureChange.",
    "created": "2020-04-27T15:31:30Z",
    "updated": "2020-07-22T19:14:09Z",
    "legacy": true,
    "support": "partner",
    "supportDetails": {
        "url": "https://www.tufin.com",
        "email": "support@tufin.com"
    },
    "eulaLink": "https://github.com/demisto/content/blob/master/LICENSE",
    "author": "Tufin",
    "authorImage": "",
    "certification": "",
    "price": 0,
    "serverMinVersion": "4.1.0",
    "currentVersion": "1.0.1",
    "versionInfo": "71641",
    "commit": "704ba43a25bf4665954f5620f74398761af4e6cc",
    "tags": [],
    "categories": [
        "Network Security"
    ],
    "contentItems": {
        "integration": [
            {
                "name": "Tufin (Partner Contribution)",
                "description": "Retrieve and analyze network access controls across Tufin-managed firewalls, SDN, and public cloud to identify vulnerable access paths of an attack",
                "category": "Network Security",
                "commands": [
                    {
                        "name": "tufin-search-topology",
                        "description": "Search the Tufin Topology Map"
                    },
                    {
                        "name": "tufin-search-topology-image",
                        "description": "Search the Tufin Topology Map, returning an image"
                    },
                    {
                        "name": "tufin-object-resolve",
                        "description": "Resolve IP address to Network Object"
                    },
                    {
                        "name": "tufin-policy-search",
                        "description": "Search the policies of all devices managed by Tufin"
                    },
                    {
                        "name": "tufin-get-zone-for-ip",
                        "description": "Match the IP address to the assigned Tufin Zone"
                    },
                    {
                        "name": "tufin-submit-change-request",
                        "description": "Submit a change request to SecureChange"
                    },
                    {
                        "name": "tufin-search-devices",
                        "description": "Search SecureTrack devices"
                    },
                    {
                        "name": "tufin-get-change-info",
                        "description": "Get information on a SecureChange Ticket (ID retrieved from SecureChange UI)"
                    },
                    {
                        "name": "tufin-search-applications",
                        "description": "Search SecureApp applications"
                    },
                    {
                        "name": "tufin-search-application-connections",
                        "description": "Get SecureApp application connections"
                    }
                ]
            }
        ]
    },
    "integrations": [
        {
            "name": "Tufin (Partner Contribution)",
            "imagePath": "content/packs/Tufin/Tufin_image.png"
        }
    ],
    "useCases": [],
    "keywords": [
        "Tufin",
        "TOS",
        "SecureTrack",
        "SecureChange",
        "SecureTrack",
        "Network Security",
        "Network Automation",
        "Network Orchestration",
        "Security Policy"
    ],
    "dependencies": {
        "Base": {
            "mandatory": true,
            "minVersion": "1.1.6",
            "author": "Cortex XSOAR",
            "name": "Base",
            "certification": "certified"
        }
    }
}