{
    "name": "Tufin",
    "id": "Tufin",
    "description": "Gather network intelligence from SecureTrack and SecureApp, perform topology queries in SecureTrack, and submit change tickets from SecureChange.",
    "created": "2020-04-27T15:31:30Z",
    "updated": "2020-09-23T20:24:16Z",
    "legacy": true,
    "support": "partner",
    "supportDetails": {
        "url": "https://www.tufin.com",
        "email": "support@tufin.com"
    },
    "eulaLink": "https://github.com/demisto/content/blob/master/LICENSE",
    "author": "Tufin",
    "authorImage": "",
    "certification": "",
    "price": 0,
    "serverMinVersion": "5.0.0",
    "currentVersion": "1.1.1",
    "versionInfo": "124549",
    "commit": "797a8148c7d7919b5a78620285901d9246b44b40",
    "downloads": 158,
    "tags": [],
    "categories": [
        "Network Security"
    ],
    "contentItems": {
        "integration": [
            {
                "name": "Tufin (Partner Contribution)",
                "description": "Retrieve and analyze network access controls across Tufin-managed firewalls, SDN, and public cloud to identify vulnerable access paths of an attack",
                "category": "Network Security",
                "commands": [
                    {
                        "name": "tufin-search-topology",
                        "description": "Search the Tufin Topology Map"
                    },
                    {
                        "name": "tufin-search-topology-image",
                        "description": "Search the Tufin Topology Map, returning an image"
                    },
                    {
                        "name": "tufin-object-resolve",
                        "description": "Resolve IP address to Network Object"
                    },
                    {
                        "name": "tufin-policy-search",
                        "description": "Search the policies of all devices managed by Tufin"
                    },
                    {
                        "name": "tufin-get-zone-for-ip",
                        "description": "Match the IP address to the assigned Tufin Zone"
                    },
                    {
                        "name": "tufin-submit-change-request",
                        "description": "Submit a change request to SecureChange"
                    },
                    {
                        "name": "tufin-search-devices",
                        "description": "Search SecureTrack devices"
                    },
                    {
                        "name": "tufin-get-change-info",
                        "description": "Get information on a SecureChange Ticket (ID retrieved from SecureChange UI)"
                    },
                    {
                        "name": "tufin-search-applications",
                        "description": "Search SecureApp applications"
                    },
                    {
                        "name": "tufin-search-application-connections",
                        "description": "Get SecureApp application connections"
                    }
                ]
            }
        ],
        "playbook": [
            {
                "name": "Tufin - Get Network Device Info by IP Address",
                "description": "Use a device's IP address to gather information about the device, including basic device information, USP zone(s), and policies related to the device."
            },
            {
                "name": "Tufin - Get Application Information from SecureApp",
                "description": "Search SecureApp by application name and retrieve basic application information and all application connections."
            },
            {
                "name": "Tufin - Investigate Network Alert",
                "description": "Example Playbook utilizing the Tufin integration to enrich a network alert and perform containment, if needed.\n\nRequires the following incident details:  Source IP, Destination IP, Destination Ports"
            },
            {
                "name": "Tufin - Enrich IP Address(es)",
                "description": "Enrich a single IP using SecureTrack.  Returns information such as the associated zones, network objects and policies for the address, and if the address is network device."
            },
            {
                "name": "Tufin - Enrich Source & Destination IP Information",
                "description": "Enrich source and destination IP information using SecureTrack.  Returns information such as the associated zones, network objects and policies for the addresses, if the addresses are network devices, and a topology map from source to destination."
            }
        ]
    },
    "integrations": [
        {
            "name": "Tufin (Partner Contribution)",
            "imagePath": "content/packs/Tufin/Tufin_image.png"
        }
    ],
    "useCases": [],
    "keywords": [
        "Tufin",
        "TOS",
        "SecureTrack",
        "SecureChange",
        "SecureTrack",
        "Network Security",
        "Network Automation",
        "Network Orchestration",
        "Security Policy"
    ],
    "dependencies": {
        "Base": {
            "mandatory": true,
            "minVersion": "1.3.6",
            "author": "Cortex XSOAR",
            "name": "Base",
            "certification": "certified"
        },
        "CommonTypes": {
            "mandatory": true,
            "minVersion": "1.9.7",
            "author": "Cortex XSOAR",
            "name": "Common Types",
            "certification": "certified"
        }
    }
}